account_id,pagerank,reverse_pagerank,betweenness_centrality,clustering_coefficient,reciprocity,core_number,in_degree,out_degree,degree_imbalance,flow_ratio,total_inflow,total_outflow,unique_senders,unique_receivers,counterparty_entropy,avg_dwell_time_min,min_dwell_time_min,burstiness,off_hours_ratio,active_days
ACC00001,0.002371638627983346,0.0019901907734227136,0.010806797558158719,0.049786628733997154,0.3157894736842105,23,46,47,-0.010752688172043012,0.7791244074930054,93144.47,72571.13000000002,23,27,3.698395356500777,2056.7073170731705,54.0,-0.06428506979136726,0.0,51
ACC00002,0.001801742426274872,0.002214201053173516,0.006685365451245669,0.05525846702317291,0.4411764705882353,23,46,51,-0.05154639175257732,1.1512984681593146,82276.17999999998,94724.44,24,25,4.105667795475117,1759.7391304347825,14.0,0.05595474079849151,0.010309278350515464,47
ACC00003,0.0008897888602798303,0.0025485135873384783,0.0010130341527800693,0.05747126436781609,0.26666666666666666,23,23,50,-0.3698630136986301,3.5140886393198962,32550.339999999997,114384.77999999998,12,26,3.0691853316995776,1703.5217391304348,43.0,0.005089495181239032,0.0273972602739726,43
ACC00004,0.0025565601308572884,0.0025021325354486713,0.003953143045702029,0.06906906906906907,0.40540540540540543,23,59,53,0.05357142857142857,0.9266716131314096,119654.48000000004,110880.41000000002,23,29,3.9672414254727686,1321.6727272727273,2.0,0.017137366137882765,0.017857142857142856,51
ACC00005,0.0016411081331743674,0.001960685984122471,0.0048341857779244345,0.058823529411764705,0.2571428571428571,23,45,33,0.15384615384615385,1.0751138413059178,81697.05999999997,87833.64000000001,22,22,3.7739290037670092,2701.3636363636365,47.0,0.03306685289377126,0.02564102564102564,40
ACC00006,0.001913219313527106,0.0026257450879503645,0.0010493317934334267,0.07308377896613191,0.5294117647058824,23,53,64,-0.09401709401709402,1.107764895131066,105332.91,116684.1,24,28,3.79777795377851,1241.5,34.0,0.0394351706755866,0.008547008547008548,52
ACC00007,0.002426085747823541,0.0015301811380743352,0.0020722653027553206,0.06218487394957983,0.2571428571428571,23,41,40,0.012345679012345678,0.7373740705622603,101256.10999999999,74663.62999999999,22,22,3.646937149642335,2845.475,34.0,-0.0014054184184955272,0.012345679012345678,45
ACC00008,0.004121732584789518,0.0016701183861791268,0.014915030523016003,0.06349206349206349,0.3611111111111111,23,49,44,0.053763440860215055,0.32205991703651055,213828.99999999994,68865.75,23,26,2.7361061207686848,1950.2083333333333,52.0,-0.08276906933659577,0.021505376344086023,53
ACC00009,0.0022582875531922536,0.00206848332718947,0.0013100148490348127,0.08403361344537816,0.37142857142857144,23,51,36,0.1724137931034483,0.7193169192697526,103335.37000000001,74330.88000000002,24,24,4.064774267664285,2341.4583333333335,12.0,-0.04320822580943288,0.022988505747126436,48
ACC00010,0.001892227822558979,0.0019948900920694923,0.00300280481768685,0.06818181818181818,0.36363636363636365,23,41,45,-0.046511627906976744,1.137189211340666,85651.05000000002,97401.44999999998,22,23,3.9671594086696915,2615.9756097560976,22.0,0.025791942555812436,0.011627906976744186,46
ACC00011,0.0019609461788503355,0.002850323401272689,0.015208711433756805,0.04804804804804805,0.43243243243243246,23,50,60,-0.09090909090909091,1.198864118509243,92507.88999999998,110904.39,27,26,4.191160861026214,1075.12,13.0,0.06347691115913082,0.02727272727272727,48
ACC00012,0.0017299848209534944,0.001888747469605323,0.001828081174723643,0.052100840336134456,0.2571428571428571,23,32,38,-0.08571428571428572,1.201519715987504,67112.54,80637.04,19,25,3.8221779460822964,1745.9375,98.0,-0.03441520157588028,0.014285714285714285,42
ACC00013,0.0022091198974195825,0.0022312477316458372,0.005847219930704504,0.07142857142857142,0.4444444444444444,23,57,55,0.017857142857142856,0.7613851836923973,123259.32,93847.81999999998,25,27,3.990350929436116,1602.280701754386,5.0,0.02871165147060538,0.03571428571428571,50
ACC00014,0.001622611546508194,0.001653086253556031,0.017511961722488038,0.0545876887340302,0.2619047619047619,23,42,41,0.012048192771084338,0.9497273834858647,75446.64000000001,71653.73999999999,25,28,3.9069126670708996,1627.9268292682927,25.0,0.06831063394309402,0.03614457831325301,43
ACC00015,0.002455099701654262,0.0025375166581086102,0.006305890117142385,0.05975609756097561,0.34146341463414637,23,61,55,0.05172413793103448,0.657156882735274,143207.6,94109.86000000002,27,28,3.862961812118068,1840.2166666666667,9.0,-0.02190096045197797,0.017241379310344827,54
ACC00016,0.002610739434057944,0.002323246832855645,0.009335093218940767,0.04924242424242424,0.3333333333333333,23,48,39,0.10344827586206896,22.148829247562887,112316.23,2487673.0,20,24,3.7502840239606257,2404.1521739130435,3.0,-0.04265988996002397,0.022988505747126436,49
ACC00017,0.002150650799588704,0.0019068812486035345,0.006196997195182313,0.04827586206896552,0.36666666666666664,23,46,37,0.10843373493975904,0.7102796843753254,104375.87000000004,74136.06000000003,21,20,3.7871869210407185,2058.688888888889,17.0,0.04386672138763011,0.024096385542168676,43
ACC00018,0.0018964920342742784,0.0016853426603214393,0.007338722983006104,0.062388591800356503,0.35294117647058826,23,54,40,0.14893617021276595,0.7122569940496716,92067.19000000005,65575.50000000001,23,23,3.962550387944833,1578.2884615384614,9.0,-0.013594286285571118,0.06382978723404255,49
ACC00019,0.0025994318199532383,0.0017053719449770174,0.011852829566078204,0.06219512195121951,0.3902439024390244,23,67,46,0.18584070796460178,0.6176095022551074,133226.47999999995,82281.93999999999,36,21,4.374922128688947,1550.4,4.0,-0.002266812921981496,0.017699115044247787,52
ACC00020,0.0014133742916904546,0.0016639129392589267,0.0021151625144365614,0.05747126436781609,0.36666666666666664,23,39,43,-0.04878048780487805,1.0004231332314462,68441.80000000002,68470.76000000001,19,22,3.783419529566505,2039.5641025641025,27.0,0.09660837435986752,0.0,44
ACC00021,0.003122179615230863,0.0017362248028294446,0.00983336083154595,0.05846774193548387,0.40625,23,51,41,0.10869565217391304,0.4705949313723999,151098.1,71106.00000000001,22,23,3.3234175782323248,1759.6470588235295,12.0,0.07301278970139673,0.010869565217391304,43
ACC00022,0.0019171335141962022,0.00228017308932687,0.0005444646098003629,0.08064516129032258,0.375,23,37,46,-0.10843373493975904,1.2430662312849268,78006.63999999998,96967.42,19,25,3.894701575506205,1644.25,4.0,-0.047160058699344726,0.012048192771084338,51
ACC00023,0.0016636661887736311,0.0023648736247689913,0.009529780564263322,0.07179487179487179,0.325,23,50,51,-0.009900990099009901,1.2140299925099312,85005.88999999998,103199.70000000001,27,26,4.164036025542391,1878.212765957447,3.0,0.026443894459305416,0.0297029702970297,47
ACC00024,0.0019254475740556358,0.001491850124895511,0.012139910905791123,0.04827586206896552,0.5,23,45,40,0.058823529411764705,0.8307622895823855,79082.01999999997,65698.35999999999,25,20,3.816743192266553,1884.4102564102564,24.0,-0.05198076711348295,0.011764705882352941,48
ACC00025,0.002740025438487171,0.0024748317294100803,0.000666556673816202,0.0967741935483871,0.5,23,53,55,-0.018518518518518517,0.9391390736145185,123496.97000000003,115980.83000000002,23,25,4.189787840539569,1244.811320754717,75.0,0.03245073745651783,0.009259259259259259,50
ACC00026,0.002163279404260526,0.002114429750226036,0.0061639993400428965,0.05555555555555555,0.3888888888888889,23,48,43,0.054945054945054944,0.8131359203842055,100335.87,81586.69999999998,27,23,4.234028514068431,1814.1063829787233,10.0,-0.041816541675822286,0.03296703296703297,47
ACC00027,0.0016540004231446344,0.0015372048104799352,0.0048935819171753835,0.059233449477351915,0.23809523809523808,23,43,42,0.011764705882352941,0.7851900943271956,88059.43999999999,69143.40000000001,27,25,4.274748854107767,2386.268292682927,16.0,0.03442945675169156,0.03529411764705882,47
ACC00028,0.001996819270826362,0.001965824421447943,0.01149315294505857,0.05855855855855856,0.43243243243243246,23,45,51,-0.0625,1.152978256084018,80859.39999999997,93229.13,28,25,3.8151472964455913,1522.3181818181818,1.0,-0.01974009916770319,0.020833333333333332,49
ACC00029,0.0010597306545958771,0.0014662803471987467,0.0016102953308034977,0.046153846153846156,0.38461538461538464,23,25,35,-0.16666666666666666,1.2029651457267803,50069.04,60231.30999999999,18,18,3.441844704436309,2373.7083333333335,13.0,-0.002132535655874648,0.0,34
ACC00030,0.0021109693818856736,0.002366142027034628,0.0033030852994555353,0.0967741935483871,0.3870967741935484,23,36,53,-0.19101123595505617,0.9668052897029618,97302.24999999999,94072.33,21,22,3.824182002580322,1660.9722222222222,10.0,-0.07249846888321404,0.033707865168539325,50
ACC00031,0.0009640593298028732,0.0014330328316221855,0.005830721003134796,0.04743083003952569,0.2608695652173913,23,14,26,-0.3,1.5078447198421063,36140.87,54494.81999999999,11,18,2.6277383029658936,7520.428571428572,106.0,-0.06116615469103757,0.0,30
ACC00032,0.0016561173715338622,0.001081683312987531,0.0032601880877742946,0.07765151515151515,0.24242424242424243,23,41,28,0.18840579710144928,0.688204374911998,72583.86000000002,49952.52999999999,24,17,3.935841782781036,2816.878048780488,41.0,0.024733129528680203,0.0,38
ACC00033,0.0015868222802243983,0.0021680610417618407,0.004167629104108232,0.04924242424242424,0.3333333333333333,23,28,41,-0.18840579710144928,1.4329957572403618,59630.999999999985,85450.96999999999,20,24,3.8613175656556047,1994.6538461538462,2.0,-0.02819364928637422,0.0,42
ACC00034,0.0016580312292432818,0.0026659339000236325,0.0006863553868998515,0.044534412955465584,0.28205128205128205,23,34,49,-0.18072289156626506,1.7867703789946234,69691.48999999999,124522.68999999999,21,29,4.017380673013909,2150.0,23.0,0.0785504813130054,0.03614457831325301,40
ACC00035,0.0010579590509207921,0.0014718150397964574,0.004530605510641808,0.08172043010752689,0.3548387096774194,23,27,33,-0.1,1.4685416208625595,42299.700000000004,62118.87000000002,20,22,3.883650609790102,1530.68,3.0,0.0557475458002933,0.016666666666666666,37
ACC00036,0.001989185748714573,0.002107561112438852,0.004276522026068305,0.05057471264367816,0.4666666666666667,23,54,44,0.10204081632653061,0.7121598383475881,101650.2,72391.19,23,21,3.969506615516442,1801.8846153846155,7.0,-0.001485997376006018,0.05102040816326531,51
ACC00037,0.0008170425297172239,0.0013416281993917445,0.0016267942583732056,0.05333333333333334,0.28,23,20,31,-0.21568627450980393,2.374167931180156,26393.549999999996,62662.72,12,20,3.070542803483331,2083.777777777778,109.0,-0.07205347241098864,0.0196078431372549,38
ACC00038,0.0013057165199933988,0.0018807566275644118,0.0034218775779574326,0.0659536541889483,0.2647058823529412,23,41,53,-0.1276595744680851,1.661365033327112,58405.9,97033.51999999997,22,21,3.778578547233072,1490.2926829268292,26.0,0.011540210389431907,0.031914893617021274,49
ACC00039,0.0019234171495457297,0.0025355276390572985,0.005022273552219105,0.05668016194331984,0.28205128205128205,23,47,46,0.010752688172043012,1.0884662031642622,94482.06999999999,102840.54000000004,25,25,3.898438217228095,1688.0,3.0,0.013488167581104939,0.021505376344086023,47
ACC00040,0.0014047412709941032,0.002303782927917621,0.006173898696584722,0.06854838709677419,0.3125,23,32,49,-0.20987654320987653,1.7128403079531955,56882.670000000006,97430.93000000001,19,23,3.8591185135812434,1743.0645161290322,50.0,0.04718465655100494,0.04938271604938271,43
ACC00041,0.0019206199380658213,0.0017867026352346464,0.0006203596766210196,0.057057057057057055,0.21621621621621623,23,35,45,-0.125,0.8962821077711414,93142.56,83482.01,23,22,3.9432750522097844,2402.8823529411766,50.0,-0.029165789747160515,0.0125,47
ACC00042,0.002085899526868058,0.001243749853876409,0.003834350767200132,0.0761904761904762,0.2777777777777778,23,43,32,0.14666666666666667,0.5743497092427818,99252.90999999999,57005.87999999999,25,21,3.998664629857803,3032.3571428571427,6.0,-0.0801525830130077,0.04,45
ACC00043,0.003407828975283691,0.0019932893567077116,0.0030589011714238575,0.0735632183908046,0.36666666666666664,23,35,29,0.09375,0.46160606946745947,147729.6,68192.88,21,20,3.4365458827518247,2523.9117647058824,94.0,0.04065745337656429,0.0625,36
ACC00044,0.0013699197366841063,0.0017576262138380059,0.0021877577957432766,0.08262108262108261,0.37037037037037035,23,30,42,-0.16666666666666666,1.2610056302383748,60977.880000000005,76893.45,15,22,3.460532738547915,2033.3333333333333,50.0,0.007927912836141244,0.041666666666666664,44
ACC00045,0.002384896182297965,0.002786025621148313,0.017132486388384754,0.07682926829268293,0.3902439024390244,23,58,54,0.03571428571428571,1.069564727381937,125463.43999999997,134191.27,30,27,3.9626889423213676,1602.8245614035088,13.0,0.005928718495290178,0.03571428571428571,51
ACC00046,0.0017323156555941297,0.0017605632793703243,0.01327503712258703,0.059770114942528735,0.36666666666666664,23,27,37,-0.15625,0.9246221851730925,70105.10999999999,64820.740000000005,19,22,3.2396558965008877,1984.4615384615386,10.0,0.0999749512436695,0.015625,37
ACC00047,0.0013584323326755374,0.001101635401623319,0.006863553868998514,0.09333333333333334,0.28,23,23,28,-0.09803921568627451,0.7573671109599562,47750.73999999999,36164.84000000001,13,19,3.2415846260076875,3652.1739130434785,178.0,-0.015208380692702457,0.0,33
ACC00048,0.001978844537792928,0.0024759257675920055,0.00240224385414948,0.06984126984126984,0.3888888888888889,23,39,59,-0.20408163265306123,1.5757358924087292,78471.04999999999,123649.65,21,29,4.071390860980973,1464.3513513513512,21.0,0.07960795424436082,0.01020408163265306,43
ACC00049,0.002341374732135802,0.0025592713316077566,0.02778749381290216,0.05832147937411095,0.4473684210526316,23,53,59,-0.05357142857142857,0.7954058179436886,124607.6,99113.60999999997,23,32,4.033952573183282,1625.9056603773586,17.0,-0.018481552060622894,0.07142857142857142,55
ACC00050,0.0017417808992209317,0.001794239467506804,0.0007292525985810921,0.037037037037037035,0.4642857142857143,23,43,40,0.03614457831325301,1.0442812962143373,74111.2,77392.93999999999,21,20,4.0496123720340025,2090.9285714285716,25.0,-0.03854166063500919,0.024096385542168676,47
ACC00051,0.0016186898408584562,0.0021211983106865706,0.005170763900346477,0.07308377896613191,0.2647058823529412,23,35,53,-0.20454545454545456,0.9839513502019579,83616.38000000002,82274.45000000001,20,23,3.462293354695763,1453.9,1.0,0.0038321647799300983,0.03409090909090909,47
ACC00052,0.0024822757740449427,0.0021170472092125058,0.005038772479788813,0.06612685560053981,0.38461538461538464,23,64,56,0.06666666666666667,0.8575016156877667,119391.88,102378.72999999997,27,27,4.284071746507604,1804.1129032258063,20.0,0.06909825181397748,0.016666666666666666,48
ACC00053,0.0015218628100496798,0.0018665145404174288,0.0018445801022933508,0.05128205128205128,0.37037037037037035,23,35,33,0.029411764705882353,1.1966241247061882,67972.89000000001,81338.00000000003,19,18,3.588254854713862,1732.5882352941176,10.0,-0.042797599110481116,0.0,43
ACC00054,0.002169525845952365,0.002698322332845759,0.006655667381620194,0.06890756302521009,0.42857142857142855,23,49,66,-0.14782608695652175,1.3537274772725643,94524.51999999995,127960.43999999997,24,26,4.174030051028206,1120.6122448979593,12.0,-0.015354199171339731,0.008695652173913044,53
ACC00055,0.0016051178268203002,0.00146440554216596,0.005579937304075235,0.058712121212121215,0.36363636363636365,23,33,36,-0.043478260869565216,0.9189812100066707,65485.91999999998,60180.33000000001,22,23,3.752367876835908,2421.2903225806454,57.0,-0.017685214221959303,0.0,41
ACC00056,0.001445096024233697,0.0019485202392668707,0.0017191882527635702,0.052552552552552555,0.21621621621621623,23,38,41,-0.0379746835443038,1.1670076828741662,76926.93999999997,89774.32999999999,20,25,3.5818193061761923,1982.7837837837837,39.0,0.0010843270142022628,0.02531645569620253,46
ACC00057,0.0018259665126130085,0.0021751556526993414,0.002979706319089259,0.06258890469416785,0.2894736842105263,23,40,52,-0.13043478260869565,0.9855032375309706,87415.37999999998,86148.14000000003,20,29,3.90501332841284,1464.675,45.0,0.010598177388401872,0.021739130434782608,49
ACC00058,0.0019352803166496637,0.002496001101964724,0.005751526150800198,0.07394957983193277,0.4857142857142857,23,38,60,-0.22448979591836735,1.55814474241458,69845.18,108828.89999999997,23,29,3.952464500590491,1134.7142857142858,17.0,0.010669478672685627,0.02040816326530612,51
ACC00059,0.0017834946925852561,0.0023198942681023037,0.013050651707639003,0.07899159663865546,0.4857142857142857,23,49,46,0.031578947368421054,1.057282971176859,84885.95999999999,89748.48,23,29,4.047993433913262,1740.3061224489795,6.0,0.0339566910972518,0.05263157894736842,47
ACC00060,0.003277592644423882,0.0018240305131139874,0.014905131166474178,0.07308377896613191,0.2647058823529412,23,41,45,-0.046511627906976744,0.5250797528630888,149797.13,78655.43999999999,19,24,2.921150466889997,1475.878048780488,77.0,0.039280050497855164,0.023255813953488372,43
ACC00061,0.0022606150316395205,0.001461498234785872,0.000983336083154595,0.07389162561576355,0.3103448275862069,23,52,26,0.3333333333333333,0.584753553928726,101537.62999999999,59374.49000000002,20,18,3.7431761004105577,3070.923076923077,24.0,-0.03669451801811181,0.038461538461538464,44
ACC00062,0.0011340066615296287,0.0013990478513791656,0.009747566408183467,0.06349206349206349,0.16666666666666666,23,28,35,-0.1111111111111111,1.1528973415695012,48752.44999999999,56206.570000000014,18,24,3.730449502110081,2735.740740740741,49.0,-0.05047524915541914,0.047619047619047616,43
ACC00063,0.0017633794484509056,0.0022475159433884544,0.005187262827916185,0.04873949579831933,0.37142857142857144,23,44,46,-0.022222222222222223,1.3075699008162676,80833.81999999999,105695.87000000001,26,22,4.1918336212102165,1607.9772727272727,22.0,-0.004397064545716336,0.022222222222222223,48
ACC00064,0.0022180426051892654,0.0026014777515825397,0.007315624484408513,0.08235294117647059,0.34285714285714286,23,43,50,-0.07526881720430108,1.485797570759159,92494.74,137428.46000000002,21,26,3.4803391198478923,2137.906976744186,29.0,-0.08567553452645878,0.010752688172043012,53
ACC00065,0.001586901807457334,0.0013244769258668565,0.009552879062860913,0.06060606060606061,0.24242424242424243,23,36,41,-0.06493506493506493,0.6534452576714334,81997.06000000001,53580.58999999999,19,22,3.5215615739001636,1789.0833333333333,79.0,0.09419981273769659,0.025974025974025976,42
ACC00066,0.0013692234400838111,0.0011160377747627998,0.006322389044712094,0.06451612903225806,0.3225806451612903,23,43,35,0.10256410256410256,0.6805677570144754,63767.420000000006,43398.05,21,20,3.740404330859077,2239.186046511628,20.0,0.00935933128608424,0.01282051282051282,46
ACC00067,0.0008795642846456617,0.0021326640235257077,0.004042237254578452,0.04926108374384237,0.27586206896551724,23,22,41,-0.30158730158730157,3.8888429451126423,28972.609999999997,112669.92999999998,16,21,3.6355206712745374,1617.142857142857,189.0,0.026477280320032548,0.0,39
ACC00068,0.0014913994698620668,0.0013010272288490215,0.005372050816696915,0.05846153846153846,0.3076923076923077,23,33,25,0.13793103448275862,1.0262634144710372,55028.26,56473.490000000005,19,15,3.4668506954373592,2852.516129032258,73.0,-0.03538198325851944,0.034482758620689655,38
ACC00069,0.0013596136052427881,0.0017405851851285833,0.009315294505857118,0.0665024630541872,0.4482758620689655,23,28,40,-0.17647058823529413,1.7121110031565177,62793.89,107510.11000000002,19,23,3.7120590436867227,2259.8571428571427,272.0,0.014889389734477156,0.07352941176470588,40
ACC00070,0.0017320753842327238,0.001754976655510335,0.007803992740471869,0.06606606606606606,0.2702702702702703,23,39,36,0.04,0.9000085569223008,76195.62,68576.70999999999,22,25,3.7786117812966933,2198.4102564102564,1.0,-0.04973617443266843,0.013333333333333334,45
ACC00071,0.0015199911214321387,0.0015272286428951913,0.0057482263652862565,0.06025641025641026,0.325,23,39,42,-0.037037037037037035,0.9260242108260317,70452.77999999998,65240.98000000002,25,28,4.161378534163164,1152.9166666666667,24.0,0.0023490985666698664,0.024691358024691357,45
ACC00072,0.0011853074465128463,0.0030075297996628833,0.009551229170103943,0.0659536541889483,0.35294117647058826,23,35,43,-0.10256410256410256,2.1280069896956104,56174.12000000001,119538.92,20,26,3.6717152581412362,1494.5588235294117,1.0,0.04799596302514528,0.01282051282051282,44
ACC00073,0.0020535773410101303,0.0021608261767460126,0.010661606995545289,0.06612685560053981,0.41025641025641024,23,51,50,0.009900990099009901,0.9812743991100702,105608.36000000003,103630.78,27,28,3.8975806451826727,2067.705882352941,40.0,0.05818710926581995,0.009900990099009901,49
ACC00074,0.0017405070610004617,0.0019550789565033876,0.00393334433261838,0.06666666666666667,0.4666666666666667,23,48,51,-0.030303030303030304,1.0763920637420472,78481.31999999999,84476.67,20,24,4.058719281459968,1611.125,19.0,0.07464303042496193,0.0707070707070707,49
ACC00075,0.0019670039971101476,0.002393737280192013,0.0006302590331628444,0.03201970443349754,0.4482758620689655,23,44,48,-0.043478260869565216,1.410798994548395,80123.20000000003,113037.73,18,24,3.872844084380716,1940.7906976744187,14.0,0.03577257188367096,0.021739130434782608,46
ACC00076,0.0018593909975682253,0.002413280310814374,0.0039795413298135615,0.05846774193548387,0.40625,23,35,47,-0.14634146341463414,1.6522004229191543,83807.98,138467.58000000002,21,24,3.7721421992092763,1066.142857142857,20.0,0.058911824210691896,0.012195121951219513,43
ACC00077,0.0012659672243890254,0.0020823413337894186,0.0017653852499587527,0.06153846153846154,0.38461538461538464,23,27,40,-0.19402985074626866,1.593850974591456,54246.320000000014,86460.55000000002,16,20,3.3004877054375354,2597.576923076923,118.0,-0.06145214990072421,0.014925373134328358,43
ACC00078,0.0011666371870748394,0.0010688264212529944,0.0019600725952813067,0.07384615384615385,0.2692307692307692,23,26,22,0.08333333333333333,0.6941291514841614,54015.01999999999,37493.4,14,19,3.4732369270917447,3921.423076923077,48.0,-0.09471360572423188,0.020833333333333332,35
ACC00079,0.001357594307891178,0.001680827778889598,0.018782379145355552,0.0677361853832442,0.29411764705882354,23,35,37,-0.027777777777777776,1.1319057462259523,59712.409999999996,67588.82,22,22,3.9953317059141686,3041.0588235294117,33.0,-0.022557292255527852,0.013888888888888888,47
ACC00080,0.002235406066461191,0.001953929562349402,0.008338557993730407,0.07435897435897436,0.375,23,56,43,0.13131313131313133,0.7547551602648532,118290.44,89280.32,29,26,4.384780857303463,1621.5,13.0,0.10407785357662994,0.020202020202020204,43
ACC00081,0.0015653415057116874,0.0017324398016490706,0.009450585711928724,0.06653225806451613,0.5,23,47,43,0.044444444444444446,1.1011029319573673,65800.07,72452.65000000001,25,23,3.9421457625332,1805.3777777777777,36.0,-0.034331312498668824,0.044444444444444446,49
ACC00082,0.001538363080811912,0.002179023196219391,0.0025045372050816694,0.06084656084656084,0.42857142857142855,23,36,43,-0.08860759493670886,1.3756094220964081,74338.87,102261.25,17,23,3.4700338907591073,1716.75,6.0,0.026183250639460694,0.012658227848101266,44
ACC00083,0.0013925155549088164,0.001323163682720303,0.0012572182808117472,0.057971014492753624,0.3333333333333333,23,26,30,-0.07142857142857142,0.9563818794971221,54380.610000000015,52008.630000000005,14,18,2.721167313961454,2439.730769230769,79.0,-0.025695305282138942,0.017857142857142856,38
ACC00084,0.0015181244982118095,0.002042096246016845,0.0032436891602045867,0.05591397849462366,0.4838709677419355,23,42,44,-0.023255813953488372,1.2330583632938616,71983.59999999999,88759.98000000001,22,24,3.4671285629479685,1847.7857142857142,53.0,0.008194972437003595,0.011627906976744186,46
ACC00085,0.0017567840109165853,0.0018825420782766526,0.012991255568388054,0.06825396825396825,0.2777777777777778,23,36,36,0.0,1.14628643156906,80334.86000000002,92086.76000000004,22,24,3.699075004945067,2360.972222222222,10.0,-0.06221458138771558,0.041666666666666664,45
ACC00086,0.0011689571659600226,0.0016903640946792555,0.010407523510971786,0.06878306878306878,0.39285714285714285,23,31,36,-0.07462686567164178,1.2986162602355014,52193.340000000004,67779.12000000001,17,22,3.4912923161770326,2522.1612903225805,47.0,0.01512174539840587,0.0,41
ACC00087,0.002134726083728662,0.001374800292666181,0.006536875103118297,0.06951219512195123,0.3170731707317073,23,60,48,0.1111111111111111,0.5869100105261237,121022.70999999999,71029.44,28,26,4.096714856312204,1704.1,53.0,-0.017304378364944927,0.037037037037037035,52
ACC00088,0.0019691132257916005,0.002633525679638443,0.011486553374030687,0.08199643493761141,0.4117647058823529,23,61,41,0.19607843137254902,0.9777639851963901,103920.60000000003,101609.82,25,23,3.7522635848713604,3069.7704918032787,50.0,-0.002580323559699233,0.0196078431372549,49
ACC00089,0.0018622265977593735,0.002374058955868724,0.009094208876423033,0.06906906906906907,0.2972972972972973,23,34,43,-0.11688311688311688,1.2911157359300351,84928.25,109652.20000000001,22,26,3.840187238794112,2171.5151515151515,77.0,-0.036204648277308966,0.0,44
ACC00090,0.001703574784910622,0.0030503675305104234,0.01028873123246989,0.07307692307692308,0.425,23,57,54,0.02702702702702703,1.6718834868503236,89090.03000000001,148948.14999999997,27,30,3.999404171018258,1646.267857142857,23.0,-0.03456059022982335,0.036036036036036036,52
ACC00091,0.0016913187140868615,0.0014456010117850884,0.010821646592971456,0.09259259259259259,0.32142857142857145,23,31,33,-0.03125,0.866131061046534,70843.17000000001,61359.47,18,19,3.406808520111693,3323.2580645161293,38.0,0.012851323480792595,0.046875,39
ACC00092,0.0013214287309028828,0.0015062891074811902,0.0010163339382940108,0.082010582010582,0.32142857142857145,23,25,32,-0.12280701754385964,1.8177757758201192,45599.80999999999,82890.23000000001,14,23,3.3916505479044896,2844.24,88.0,-0.0234994364798262,0.03508771929824561,37
ACC00093,0.0016296106283384556,0.001875975418076809,0.007094538854974426,0.0620782726045884,0.28205128205128205,23,39,50,-0.12359550561797752,0.9271180735224782,78307.48,72600.27999999998,23,27,4.0345076932618555,1551.5641025641025,50.0,-0.06689104630464884,0.011235955056179775,50
ACC00094,0.0016860787013686786,0.001041920049531085,0.0037551559148655336,0.03666666666666667,0.36,23,37,27,0.15625,0.36739971525593634,90017.68,33072.469999999994,18,16,3.516796187832827,2675.891891891892,3.0,-0.04686775510692498,0.015625,42
ACC00095,0.001057281995313753,0.001287224257079768,0.005791123576967497,0.05413105413105413,0.2962962962962963,23,25,26,-0.0196078431372549,1.1529868267059864,40868.29,47120.6,16,19,3.398362884990666,4070.24,87.0,-0.07465817242589885,0.0392156862745098,37
ACC00096,0.002205831976114303,0.00262255068974761,0.004042237254578452,0.0659536541889483,0.5588235294117647,23,44,61,-0.1619047619047619,0.9722027726123634,96760.01,94070.35,26,27,4.256844617851766,1556.6190476190477,3.0,-0.011116591086285769,0.01904761904761905,50
ACC00097,0.004393628465701481,0.0032413127968967024,0.004745091569048012,0.06025369978858351,0.4318181818181818,23,65,60,0.04,0.6768122405396054,219161.58000000002,148331.24,31,32,3.5887962366018726,1509.758064516129,15.0,0.04367431141598332,0.008,53
ACC00098,0.0010637295949188813,0.0015792119677200812,0.0022306550074245174,0.06267806267806268,0.4444444444444444,23,34,33,0.014925373134328358,1.0484888130845145,53916.56,56530.91000000001,19,20,3.7681446697142738,1901.2121212121212,44.0,0.02539783224853464,0.014925373134328358,37
ACC00099,0.0025861688858080482,0.0016213909616927574,0.01308694934829236,0.07394957983193277,0.2571428571428571,23,38,38,0.0,0.6973047628000268,120315.57,83896.62000000002,25,19,3.7895917256954026,1921.4736842105262,2.0,-0.027884447778485658,0.013157894736842105,44
ACC00100,0.0012399910753822065,0.0019190858986744687,0.005870318429302095,0.07526881720430108,0.25806451612903225,23,34,39,-0.0684931506849315,1.5514312210062944,53765.979999999996,83414.22,16,23,3.4854317196584725,1857.0625,72.0,0.12291411321540684,0.0,42
ACC00101,0.0018277788708439147,0.0016212337011038852,0.01604355716878403,0.05303030303030303,0.24242424242424243,23,39,39,0.0,0.9900846706320985,72348.57999999999,71631.22000000002,18,23,3.144224941563324,2695.1052631578946,30.0,0.05996991789780693,0.01282051282051282,44
ACC00102,0.001368462110301471,0.00169563024962019,0.011895726777759444,0.07936507936507936,0.35714285714285715,23,43,46,-0.033707865168539325,1.1098098443020774,63643.110000000015,70631.75,18,20,3.554561375187016,2013.4418604651162,51.0,-0.049359713441389244,0.033707865168539325,48
ACC00103,0.002049539309998259,0.0018504984130953282,0.0051014684045537035,0.045454545454545456,0.3939393939393939,23,42,38,0.05,0.7412832924058778,95188.75,70561.83,26,20,3.8032410189356023,2598.5476190476193,46.0,-0.034308088458218186,0.0375,46
ACC00104,0.002098446349275578,0.0016672604503353457,0.006381785183963042,0.054924242424242424,0.3333333333333333,23,40,40,0.0,0.8105793363743019,90767.13000000002,73573.96,21,23,3.9647969089355595,1819.025,44.0,-0.032710429428573086,0.0375,45
ACC00105,0.0015547550031533778,0.0013503232026206425,0.0014486058406203595,0.07122507122507123,0.3333333333333333,23,37,31,0.08823529411764706,0.7220645090408203,77912.18,56257.62000000002,19,17,3.732282588460094,2206.6388888888887,20.0,-0.018548151189277825,0.029411764705882353,44
ACC00106,0.0024545303024205876,0.0020662580659258764,0.008348457350272231,0.06006006006006006,0.2972972972972973,23,61,40,0.2079207920792079,0.6275712992001246,120285.01000000002,75487.41999999998,29,19,4.1826333119545085,2531.2622950819673,26.0,0.030137235075879495,0.0,48
ACC00107,0.0021544315686275765,0.0022836156851943497,0.021996370235934662,0.06871035940803383,0.36363636363636365,23,49,54,-0.04854368932038835,1.1458972637540905,90651.93999999999,103877.80999999998,27,33,4.1177977823432865,1578.591836734694,31.0,0.04587760927869217,0.019417475728155338,47
ACC00108,0.0031787052721240308,0.003006240168999931,0.00745421547599406,0.05525846702317291,0.4411764705882353,23,47,45,0.021739130434782608,1.025718619819986,123360.43000000004,126533.09000000001,24,25,3.77506491799914,1537.787234042553,96.0,0.023080187075240687,0.043478260869565216,45
ACC00109,0.0016002696840285414,0.0015999122334086264,0.004128031677940933,0.07586206896551724,0.43333333333333335,23,46,38,0.09523809523809523,0.8224966159734177,73839.55000000002,60732.77999999999,24,19,4.198365384259267,2130.6444444444446,15.0,0.024615976585464015,0.011904761904761904,45
ACC00110,0.0014221374744153776,0.0013362932142121234,0.0006203596766210196,0.07384615384615385,0.34615384615384615,23,33,27,0.1,0.8632946374610472,54023.85,46638.49999999999,21,14,3.9589374530141375,1576.392857142857,30.0,-0.09376915166280432,0.0,42
ACC00111,0.0017624052541917708,0.0020863943406051024,0.011965022273552218,0.05641025641025641,0.425,23,50,56,-0.05660377358490566,1.2504298154944684,84885.26,106143.05999999997,26,31,4.076702497643525,1548.1458333333333,9.0,0.020198957780543744,0.02830188679245283,50
ACC00112,0.0008704286447592235,0.0015018523502620487,0.001729087609305395,0.06461538461538462,0.19230769230769232,23,22,23,-0.022222222222222223,1.1707241375845174,51746.520000000004,60580.89999999999,16,15,2.9049343153459186,2097.2272727272725,21.0,-0.0017014657783439426,0.0,31
ACC00113,0.003306575891016397,0.0016242889511613326,0.019947203431776934,0.059113300492610835,0.4827586206896552,23,42,42,0.0,0.5217009462431793,142353.47,74265.94000000003,23,20,3.1071733892163733,1799.0731707317073,65.0,-0.09538090960541516,0.0,50
ACC00114,0.002033428364038956,0.00155942777932922,0.023969641973271737,0.06155632984901278,0.2857142857142857,23,47,43,0.044444444444444446,0.7714368894029235,88173.93999999999,68020.63,26,28,4.153749193933075,1503.787234042553,7.0,-0.02505121014284445,0.0,49
ACC00115,0.0024173862681084696,0.002698640427724788,0.008328658637188582,0.06570048309178744,0.41304347826086957,23,50,67,-0.1452991452991453,1.4680125528948988,112770.79999999996,165548.95,26,39,4.065198729867763,1276.92,8.0,0.004111107735036848,0.008547008547008548,53
ACC00116,0.0018166578246662716,0.001954186119820982,0.0016333938294010887,0.06060606060606061,0.24242424242424243,23,36,32,0.058823529411764705,0.6806532380150537,88997.27,60576.280000000006,21,20,3.828987231339807,3439.3333333333335,156.0,-0.09027502270000949,0.04411764705882353,45
ACC00117,0.0007962000855405015,0.001005384063824151,0.0029995050321729084,0.06333333333333334,0.08,23,12,21,-0.2727272727272727,1.4865882845543072,26653.19,39622.320000000014,9,18,2.9139801652201607,3565.5833333333335,920.0,0.001785035752956278,0.0,27
ACC00118,0.0016246462319190282,0.0012507901022703826,0.008836825606335587,0.06951871657754011,0.29411764705882354,23,41,34,0.09333333333333334,0.7319096466792329,67143.51999999999,49142.99,22,22,3.950818195864162,2457.5365853658536,13.0,-0.05622607596222499,0.02666666666666667,44
ACC00119,0.0016665646451774112,0.0023459682394980958,0.016201946873453225,0.06970128022759602,0.3684210526315789,23,35,51,-0.18604651162790697,1.4432184791765674,72004.94000000002,103918.86000000002,21,31,3.7303973232774363,1431.0,40.0,-0.054682508522537,0.023255813953488372,47
ACC00120,0.0017213099226105863,0.001489732518127148,0.001639993400428972,0.07122507122507123,0.25925925925925924,23,29,36,-0.1076923076923077,1.1428451211933977,56564.549999999996,64644.52,16,18,3.5766954816064316,2106.464285714286,45.0,0.006416232909017825,0.06153846153846154,41
ACC00121,0.001998325109027823,0.002452166165830336,0.003573667711598746,0.06031746031746032,0.2777777777777778,23,45,51,-0.0625,1.3918848674320556,91533.43999999999,127404.01,21,25,3.986730269830423,1150.6363636363637,1.0,-0.06341399073616945,0.0625,51
ACC00122,0.002195558964866145,0.0023530314762681592,0.007219930704504207,0.05555555555555555,0.2972972972972973,23,58,46,0.11538461538461539,8.746018026712045,102462.38999999998,896137.9099999999,24,24,4.012614388903808,2109.1206896551726,3.0,0.01393476473876465,0.009615384615384616,50
ACC00123,0.0011892526755073636,0.001531833086123305,0.0018940768850024747,0.045584045584045586,0.37037037037037035,23,28,33,-0.08196721311475409,1.2142200377919836,49745.99999999999,60402.590000000004,12,25,3.0670558993220722,2121.5714285714284,4.0,0.01998250366368828,0.01639344262295082,38
ACC00124,0.0006381392606436798,0.0016373438521734241,0.0010988285761425506,0.06060606060606061,0.36363636363636365,22,14,32,-0.391304347826087,3.0267633626931882,19617.49,59377.5,10,20,3.058555796786684,2826.0,9.0,-0.008041394347595474,0.021739130434782608,36
ACC00125,0.0015808458886368867,0.0023726958801581956,0.013572017818841774,0.05113636363636364,0.30303030303030304,23,40,40,0.0,1.3025446312069533,69588.08000000002,90641.57999999999,20,23,3.730374907263005,3347.5263157894738,71.0,-0.02661736606475299,0.0125,44
ACC00126,0.0019247065740603396,0.002110576169177815,0.02975746576472529,0.05897435897435897,0.325,23,44,45,-0.011235955056179775,0.9483475434323176,92360.37000000004,87589.72999999997,25,28,3.9847237565004416,1980.1136363636363,59.0,-0.005140030845401333,0.0,48
ACC00127,0.0011631619173466654,0.00029053147648760676,0.0,0.075,0.0,16,23,0,1.0,0.0,42203.09000000001,0.0,16,0,3.6125857211145496,999999.0,999999.0,0.10243112711077967,0.043478260869565216,18
ACC00128,0.0011257968588896674,0.001692842563884064,0.003370730902491338,0.06206896551724138,0.43333333333333335,23,32,43,-0.14666666666666667,1.2674409719858795,52742.33,66847.79000000001,17,26,3.654416508752213,1345.2592592592594,10.0,0.014604248238497769,0.0,40
ACC00129,0.0017205699136972723,0.001549851722401054,0.00017488863223890446,0.07142857142857142,0.3448275862068966,23,41,31,0.1388888888888889,0.696414704370012,85531.57999999997,59565.450000000004,20,19,3.7944555155142914,2164.6315789473683,133.0,0.05831651341290692,0.027777777777777776,42
ACC00130,0.0015692344972940116,0.0010397184356322597,0.0019930704504207224,0.037037037037037035,0.37037037037037035,23,30,19,0.22448979591836735,0.633285368566603,67598.23,42808.97,22,15,4.02410860250116,3732.0344827586205,140.0,-0.054542771680440826,0.0,35
ACC00131,0.002139207152673883,0.001978208212439985,0.0012968157069790463,0.047619047619047616,0.39285714285714285,23,33,44,-0.14285714285714285,1.0690772403449997,88161.30999999997,94251.25,17,22,3.4940541251029806,1794.2424242424242,24.0,-0.057485576542172984,0.025974025974025976,44
ACC00132,0.001846283639735006,0.0021195844891828616,0.001006434581752186,0.05714285714285714,0.3055555555555556,23,41,41,0.0,1.3385199302481217,82079.51000000001,109865.06000000001,25,22,4.063831409361085,2259.4146341463415,35.0,-0.03593202078505335,0.0,45
ACC00133,0.001249684969861691,0.0017347366501301222,0.005886817356871803,0.05169340463458111,0.29411764705882354,23,39,34,0.0684931506849315,1.0913958913715887,60405.560000000005,65926.37999999999,18,26,3.587933948334092,1517.128205128205,40.0,-0.11261041113862215,0.0136986301369863,48
ACC00134,0.001849910376592265,0.002370023554177854,0.017944233624814385,0.052100840336134456,0.4,23,50,48,0.02040816326530612,1.0955927385836484,93232.5,102144.85,21,28,3.638911982975044,1802.2553191489362,5.0,0.01103355185832203,0.030612244897959183,49
ACC00135,0.0016357874736305064,0.002309067716085082,0.0010856294340867844,0.08262108262108261,0.2962962962962963,23,34,34,0.0,0.9580335912418505,84792.34,81233.91,18,17,3.458801678502423,2688.9117647058824,60.0,-0.06279619329279496,0.014705882352941176,40
ACC00136,0.0012973217422956387,0.0019785043073657863,0.0078006929549579275,0.05517241379310345,0.4,23,37,42,-0.06329113924050633,1.5886093335902414,49252.43,78242.87000000001,20,22,3.8702022645884466,1488.2571428571428,1.0,-0.013106207623855441,0.012658227848101266,46
ACC00137,0.001288076564373685,0.001600021580154975,0.008077874938129021,0.04924242424242424,0.36363636363636365,23,34,38,-0.05555555555555555,1.2303506833169673,52638.08999999998,64763.31,20,25,3.6913900540129823,2145.0588235294117,115.0,-0.04744538067219951,0.013888888888888888,43
ACC00138,0.0011285272852430395,0.001332851633488172,0.015330803497772643,0.04838709677419355,0.28125,23,32,26,0.10344827586206896,0.9310020742143389,56189.95,52312.95999999999,22,19,4.098067263080959,2303.6666666666665,98.0,0.03828449135394025,0.017241379310344827,33
ACC00139,0.001515882811328014,0.0023384030598497386,0.002583732057416268,0.05747126436781609,0.43333333333333335,23,44,49,-0.053763440860215055,1.267688123193186,76325.65,96757.12,21,22,3.8753432912547523,1577.0454545454545,15.0,0.03494238747869561,0.043010752688172046,48
ACC00140,0.0009673869503923095,0.0010675123993577555,0.0056525325853819496,0.057971014492753624,0.16666666666666666,23,26,22,0.08333333333333333,0.9784444292899404,40911.93000000001,40030.049999999996,14,14,3.1855350345476183,4460.428571428572,85.0,-4.525351698392068e-05,0.0,35
ACC00141,0.0015624348020796732,0.001668393286297182,0.007087939283946543,0.05546218487394958,0.2857142857142857,23,33,35,-0.029411764705882353,0.9428232983311204,70777.43000000001,66730.61,19,26,3.4890665414259017,2704.4242424242425,176.0,0.017522520696576206,0.014705882352941176,44
ACC00142,0.00170345248377499,0.002451437716946821,0.005474344167629104,0.05525846702317291,0.35294117647058826,23,44,63,-0.17757009345794392,1.377816732501466,86117.07,118653.54000000004,19,27,3.593337248675379,1749.9545454545455,6.0,0.02584443957574513,0.028037383177570093,51
ACC00143,0.001940533700559206,0.0023701133641882816,0.0023131496452730572,0.05040322580645161,0.375,23,44,42,0.023255813953488372,1.0152120492300674,96404.49999999996,97871.01,22,22,4.205036721027863,1316.8636363636363,7.0,0.1505731785740598,0.011627906976744186,41
ACC00144,0.0013960918322067505,0.0026160287606159516,0.0063355881867678595,0.044534412955465584,0.28205128205128205,23,43,44,-0.011494252873563218,1.4126667530828694,68737.10999999999,97102.63,27,23,4.275060445711053,1845.974358974359,17.0,-0.009950816313596367,0.0,46
ACC00145,0.0006647064735242115,0.0012399010284036118,0.010037947533410328,0.04093567251461988,0.3684210526315789,17,13,24,-0.2972972972972973,2.2564270571639424,21259.73,47971.029999999984,10,16,2.836146469129532,3408.769230769231,217.0,0.009962916560090521,0.02702702702702703,32
ACC00146,0.0011813484381823448,0.0019140593108815727,0.006167299125556839,0.0761904761904762,0.3055555555555556,23,26,47,-0.2876712328767123,1.685960547804193,60540.61,102069.08,17,30,2.9194939680015075,1500.4,76.0,-0.05149378160590818,0.0136986301369863,46
ACC00147,0.0017627051564305342,0.0017776268091191857,0.01232139910905791,0.0582010582010582,0.32142857142857145,23,34,32,0.030303030303030304,0.7112453401233413,109643.46000000004,77983.4,20,17,3.408695524081376,2396.8529411764707,24.0,0.06103121801572195,0.015151515151515152,39
ACC00148,0.0012363959303567848,0.0016983483967469956,0.003019303745256558,0.06436781609195402,0.4,23,35,34,0.014492753623188406,1.246803316004632,51575.31999999999,64304.28,22,20,4.0182127465763635,2587.4,26.0,0.06838367903390156,0.014492753623188406,38
ACC00149,0.0020993769663004464,0.0018250220016280583,0.0031941923774954626,0.06722689075630252,0.22857142857142856,23,45,39,0.07142857142857142,0.7209602128923573,122879.00000000001,88590.87,21,22,3.8155557733929824,2442.488888888889,7.0,-0.019947171827729943,0.05952380952380952,48
ACC00150,0.002500120788308981,0.00191677603575236,0.000844745091569048,0.05665024630541872,0.41379310344827586,23,33,49,-0.1951219512195122,0.8496557475863111,105563.53000000001,89692.65999999999,20,21,3.3318678063578404,1268.6363636363637,38.0,0.10744942078078365,0.036585365853658534,40
ACC00151,0.0014698493592888943,0.0018769759813384002,0.015667381620194685,0.07196969696969698,0.45454545454545453,23,38,43,-0.06172839506172839,1.4209553314425214,60161.11,85486.24999999999,22,26,4.038266156739264,1369.5714285714287,24.0,-0.0492292785944899,0.0,49
ACC00152,0.0014990151969601511,0.0012779550952422085,0.000666556673816202,0.06403940886699508,0.3448275862068966,23,39,37,0.02631578947368421,0.7500453541591074,68571.43999999999,51431.68999999998,18,21,3.8415422888660657,2111.1794871794873,13.0,0.09064185047149308,0.06578947368421052,39
ACC00153,0.0016272218661257496,0.0030642237440024925,0.0023098498597591156,0.05105105105105105,0.43243243243243246,23,41,64,-0.21904761904761905,2.1960148497587966,65094.66000000001,142948.83999999997,24,29,4.164317285795635,1177.55,11.0,0.042767332922801195,0.047619047619047616,49
ACC00154,0.0017935166068845545,0.0018334691828615262,0.006807457515261507,0.052552552552552555,0.24324324324324326,23,45,44,0.011235955056179775,0.7063719901228815,103767.11000000003,73298.17999999998,23,23,3.8514655511553024,1786.8863636363637,5.0,-0.004435395034337339,0.033707865168539325,47
ACC00155,0.002926050540967446,0.0019579218752355824,0.00836495627784194,0.06896551724137931,0.26666666666666666,23,25,34,-0.15254237288135594,0.88749909229248,124214.02000000002,110239.82999999997,18,20,1.9553862814499563,1990.48,58.0,-0.00010523535787717851,0.01694915254237288,39
ACC00156,0.0014594522520525077,0.0014883987225312676,0.0070780399274047185,0.056818181818181816,0.2727272727272727,23,37,41,-0.05128205128205128,1.1735750019620124,64984.29999999999,76263.94999999998,20,22,3.675600696641303,1822.8333333333333,3.0,-0.0284244465582296,0.01282051282051282,43
ACC00157,0.0019864595766466995,0.0033563948805627776,0.015225210361326513,0.07142857142857142,0.3673469387755102,23,61,67,-0.046875,1.6262502612146428,96663.79999999999,157199.52999999997,33,34,4.508842115110712,900.3898305084746,7.0,-0.007627152270186663,0.015625,53
ACC00158,0.0012868774426929037,0.0014193316508572915,0.007787493812902161,0.06613756613756613,0.35714285714285715,23,29,30,-0.01694915254237288,1.1972167143832402,61624.29000000002,73777.62999999999,19,19,3.763273919215278,4144.379310344828,107.0,-0.042186451363705295,0.01694915254237288,38
ACC00159,0.0013732145737991447,0.00221496233511364,0.004359016663916845,0.047311827956989246,0.25806451612903225,23,29,31,-0.03333333333333333,1.9237219315342011,57014.16,109679.39,22,17,3.7203056172149997,2459.714285714286,4.0,0.027651878201157668,0.06666666666666667,39
ACC00160,0.001545064001024432,0.0017007574525496442,0.008397954132981356,0.05853658536585366,0.2682926829268293,23,38,40,-0.02564102564102564,0.9010722968993907,77398.34,69741.49999999999,26,26,3.9815886318617713,2272.0,53.0,-0.08114130071198637,0.01282051282051282,49
ACC00161,0.001356645846021571,0.0019408566124493628,0.0015970961887477313,0.05517241379310345,0.26666666666666666,23,31,44,-0.17333333333333334,1.4229175068453388,56089.26000000001,79810.39,14,24,3.6682649411673665,2166.032258064516,18.0,-0.06687201592144902,0.013333333333333334,47
ACC00162,0.0015826574922535109,0.0019726355959209484,0.00023098498597591156,0.059770114942528735,0.4,23,43,40,0.03614457831325301,1.2842569598286462,62672.51999999999,80487.62000000001,17,25,3.744262469172567,1972.2093023255813,1.0,-0.004089765495812253,0.024096385542168676,46
ACC00163,0.0011373108797474957,0.0009755816429560403,0.0005840620359676621,0.06190476190476191,0.3333333333333333,20,23,25,-0.041666666666666664,1.1513627290128141,36064.03,41522.78,12,16,3.216540503802694,3780.086956521739,207.0,-0.018232438484585462,0.0,36
ACC00164,0.002228710306213755,0.0020537093959157415,0.0036891602045867017,0.04924242424242424,0.3333333333333333,23,39,43,-0.04878048780487805,1.2325511367775757,77278.53,95249.73999999999,18,26,3.253929147489247,1761.7894736842106,41.0,0.0069340500142752465,0.012195121951219513,44
ACC00165,0.0022308493853260844,0.002059703175979214,0.012654677445966012,0.0481283422459893,0.3235294117647059,23,38,47,-0.10588235294117647,0.9421231278601545,113811.60999999997,107224.55000000002,19,26,3.504888594133752,1597.842105263158,52.0,-0.03111010352922837,0.0,49
ACC00166,0.0016895701621672744,0.0019595236078729164,0.008833525820821647,0.04086021505376344,0.2903225806451613,23,33,34,-0.014925373134328358,1.1418209740847598,72329.64,82587.5,19,21,3.5969110942833753,1876.0,61.0,0.09829372913455131,0.014925373134328358,38
ACC00167,0.0022355516888512743,0.0033984685778139703,0.00962877412968157,0.05365853658536585,0.4146341463414634,23,58,67,-0.072,1.471061982820333,100648.05000000002,148059.52000000005,30,28,4.44319401542466,1629.75,1.0,-0.005585398854163934,0.032,52
ACC00168,0.002482424533362494,0.0020736282958541247,0.0033822801517901335,0.056451612903225805,0.4375,23,48,49,-0.010309278350515464,0.8545432077164082,105846.14000000001,90450.10000000003,20,26,3.8733273721352615,1769.3191489361702,6.0,0.026222122865235845,0.030927835051546393,48
ACC00169,0.0018205451766420033,0.0017490200673314555,0.00039927404718693283,0.06153846153846154,0.3076923076923077,23,38,35,0.0410958904109589,0.8039649768377714,94185.67000000001,75721.97999999998,15,19,3.2535405235855546,1909.1081081081081,30.0,0.004820829963748946,0.0273972602739726,41
ACC00170,0.0012887966915632511,0.0023782072822234783,0.003695759775614585,0.04993252361673414,0.38461538461538464,23,45,59,-0.1346153846153846,1.7157271699929706,60119.77999999999,103149.13999999998,24,30,4.117356316295424,1234.0714285714287,36.0,0.022996876406581594,0.038461538461538464,50
ACC00171,0.0025046636768236382,0.002480901477203039,0.004147830391024583,0.06890756302521009,0.37142857142857144,23,48,48,0.0,1.116622224911818,107740.27000000002,120305.18000000002,25,23,3.991006803231385,1557.891304347826,41.0,-0.007221749037590062,0.020833333333333332,48
ACC00172,0.0010237932229554393,0.001463379143139358,0.0014915030523016003,0.05238095238095238,0.38095238095238093,21,25,34,-0.15254237288135594,1.8464219975678113,35671.58,65864.79,14,15,3.3101635937511675,1992.56,47.0,-0.05313983459240851,0.01694915254237288,38
ACC00173,0.001978948878773468,0.0016517546071458168,0.00011219270747401419,0.06666666666666667,0.5714285714285714,21,33,47,-0.175,0.9773423997707339,76138.69000000002,74413.56999999999,17,16,2.9122314891273384,1850.3030303030303,58.0,0.030934401594595706,0.025,45
ACC00174,0.0030496247487439357,0.001451798073320148,0.004540504867183633,0.06349206349206349,0.3055555555555556,23,39,38,0.012987012987012988,0.7873100554328529,95266.61,75004.35999999999,25,22,4.148793652600267,2188.076923076923,18.0,-0.11567680933351017,0.0,49
ACC00175,0.002230176969881294,0.002219444564997182,0.005474344167629104,0.06156156156156156,0.43243243243243246,23,54,50,0.038461538461538464,0.8010709971474652,107774.33,86334.88999999997,27,26,3.9836268604218295,1587.6274509803923,31.0,0.0013032252358934127,0.009615384615384616,52
ACC00176,0.0019928749941095407,0.0013638726837925498,0.004352417092888962,0.042328042328042326,0.39285714285714285,23,43,25,0.2647058823529412,0.4963150548781908,99940.43000000002,49601.939999999995,22,17,3.684370021735756,3547.875,13.0,0.04009082690820823,0.029411764705882353,40
ACC00177,0.0025412665310956674,0.0017362396034462028,0.0026893251938623986,0.06504065040650407,0.30952380952380953,23,54,44,0.10204081632653061,0.6035253914514628,129387.04999999999,78088.36999999998,29,26,4.219554630527808,2228.698113207547,21.0,-0.010521555362586381,0.02040816326530612,48
ACC00178,0.0012792157896050677,0.0018446068248322866,0.002078864873783204,0.06267806267806268,0.3333333333333333,23,26,32,-0.10344827586206896,1.137555760491036,59650.21,67855.44,17,19,3.4670123337490537,2419.714285714286,97.0,-0.02984311712525235,0.017241379310344827,37
ACC00179,0.0036041611919447546,0.0020775532320007764,0.009084309519881208,0.05303030303030303,0.42424242424242425,23,38,51,-0.14606741573033707,0.6232809408088735,188339.21000000005,117388.24000000003,22,25,2.6647823989408432,2110.457142857143,2.0,0.06816130867275212,0.0,46
ACC00180,0.0017238129859467725,0.001384750277582193,0.006124401913875597,0.06048387096774194,0.40625,23,34,37,-0.04225352112676056,0.8912467211433239,68488.04999999999,61039.750000000015,22,23,3.5776034472191194,2408.235294117647,9.0,0.06701245358810809,0.0,37
ACC00181,0.002134955745499059,0.00257707900166688,0.0038376505527140735,0.06349206349206349,0.4642857142857143,23,44,55,-0.1111111111111111,1.2841854278427838,85712.90999999997,110071.26999999999,16,25,3.462212650736241,1362.8333333333333,19.0,0.05227544119086047,0.020202020202020204,46
ACC00182,0.0015267185726162568,0.0023821631582884154,0.011496452730572513,0.059770114942528735,0.5,23,39,39,0.0,1.2315292334684376,70972.41999999998,87404.60999999999,21,24,4.009563471622152,2642.948717948718,12.0,-0.03143368648233457,0.01282051282051282,46
ACC00183,0.0015724718102390878,0.0024493226860349817,0.0021481603695759775,0.05714285714285714,0.3611111111111111,23,38,58,-0.20833333333333334,1.5433559441858549,77514.4,119632.31000000001,21,28,3.7459104265735643,1163.2631578947369,22.0,-0.04398924485949008,0.020833333333333332,50
ACC00184,0.0019499005361438356,0.0015437346591480948,0.004236924599901006,0.05591397849462366,0.3870967741935484,23,39,35,0.05405405405405406,0.7094663668932939,84192.49,59731.73999999998,25,18,4.158361394194771,1688.1764705882354,7.0,0.06294748647981895,0.013513513513513514,42
ACC00185,0.0011532405476014054,0.0015060523499507818,0.008516746411483252,0.04187192118226601,0.3103448275862069,23,29,37,-0.12121212121212122,1.1938379148414604,51033.05,60925.189999999995,16,22,3.1456184846036055,2107.5384615384614,9.0,-0.014757983604354012,0.0,39
ACC00186,0.002038469653638087,0.001263857275030982,0.0011648242864213826,0.056666666666666664,0.32,23,32,29,0.04918032786885246,0.7819924333116742,76072.91,59488.439999999995,17,16,3.3540254631313857,1962.0357142857142,210.0,0.11464899360813254,0.03278688524590164,37
ACC00187,0.001614050537667912,0.002048106665935784,0.009533080349777264,0.06906906906906907,0.35135135135135137,23,37,48,-0.12941176470588237,1.5838953541883722,67905.25000000001,107554.80999999998,24,26,4.297731717499598,1661.638888888889,1.0,-0.04155309487875055,0.011764705882352941,48
ACC00188,0.001753574436489117,0.0019332356157742451,0.020369575977561456,0.05555555555555555,0.3888888888888889,23,45,43,0.022727272727272728,1.1265322038991115,72418.55999999998,81581.84000000001,25,25,4.309656942562564,2038.0444444444445,27.0,-0.015270769913564295,0.022727272727272728,49
ACC00189,0.0019029130540586347,0.0015848825141567841,0.01575977561458505,0.07661290322580645,0.40625,23,42,36,0.07692307692307693,0.6239851861828054,94743.98000000001,59118.84,21,24,3.9120453731134894,2698.404761904762,114.0,0.016204333932514588,0.02564102564102564,43
ACC00190,0.002156856930795856,0.001746021653405511,0.015726777759445636,0.07301587301587302,0.3611111111111111,23,42,39,0.037037037037037035,0.6313039007092934,96735.74,61069.65000000002,25,24,4.0639230575833025,2545.7804878048782,1.0,0.013779712434666703,0.04938271604938271,45
ACC00191,0.0013116319973641277,0.0015487217752716232,0.006373535720178188,0.06896551724137931,0.26666666666666666,23,26,37,-0.1746031746031746,1.5092177907242057,46894.10000000002,70773.41,15,23,3.1959435362165607,2078.0384615384614,26.0,0.01427262149700405,0.0,41
ACC00192,0.0012932600372010643,0.0026974812805874615,0.0005840620359676621,0.052307692307692305,0.38461538461538464,23,26,27,-0.018867924528301886,2.4678001941500023,50043.78,123498.05,19,17,3.7305377614527,2797.92,61.0,0.04695240356177166,0.018867924528301886,37
ACC00193,0.0009746070190817151,0.0021154574861367583,0.0015245009074410162,0.07459677419354839,0.28125,23,30,50,-0.25,1.9933752711426305,49272.96,98219.49999999999,17,24,3.5062327348142444,1514.0666666666666,148.0,0.002175219382905973,0.025,47
ACC00194,0.0016769518476145873,0.002756992991278042,0.008150470219435737,0.053426248548199766,0.40476190476190477,23,49,68,-0.1623931623931624,1.5577050574388347,80740.67000000001,125770.15000000002,23,36,3.8184148343667554,1199.1818181818182,34.0,-0.030106463386533368,0.02564102564102564,53
ACC00195,0.0019125912041452935,0.0020552683966818548,0.007879887807292525,0.058693244739756366,0.32558139534883723,23,47,46,0.010752688172043012,1.1681555403224895,81285.16,94953.71000000002,28,29,4.243089736543768,1695.891304347826,4.0,0.01029632306293522,0.0,48
ACC00196,0.0013872406873924876,0.0023179999424529814,0.00927569707968982,0.06653225806451613,0.34375,23,35,55,-0.2222222222222222,1.49055845003479,67736.23,100964.81000000003,18,25,3.267949378618173,1591.942857142857,11.0,0.007820863930224069,0.022222222222222223,46
ACC00197,0.0014306643995258498,0.002497518535722295,0.005134466259693119,0.054187192118226604,0.4482758620689655,23,42,38,0.05,1.415415065963487,70495.06000000001,99779.76999999999,21,21,3.9468371898894965,2246.825,22.0,0.05063403675812871,0.025,45
ACC00198,0.002671664642769932,0.0012044071557483762,0.0022999505032172906,0.0625,0.28125,23,35,29,0.09375,0.5578477259451505,96022.53,53565.95,18,23,3.044867356556923,2286.6451612903224,4.0,0.07563992033708894,0.0,36
ACC00199,0.0015833370799023727,0.0017896601474056899,0.010067645603035802,0.054187192118226604,0.3793103448275862,23,41,40,0.012345679012345678,1.366344102615574,68945.48000000001,94203.25000000003,21,19,3.794066190996648,2005.9268292682927,11.0,0.035457763623273124,0.037037037037037035,43
ACC00200,0.0012753370101968777,0.0009815245458908574,0.0005477643953143046,0.050724637681159424,0.25,23,26,16,0.23809523809523808,0.6381615149608336,50901.909999999996,32483.640000000007,19,11,3.675362290546539,3806.1153846153848,3.0,-0.008258061698086424,0.023809523809523808,30
ACC00201,0.0013321595552457776,0.0018773306839981654,0.004731892426992245,0.07152496626180836,0.28205128205128205,23,35,44,-0.11392405063291139,1.6899158458695678,54248.08000000001,91674.69,25,25,4.11604584365652,2413.542857142857,69.0,-0.04074974745039509,0.02531645569620253,48
ACC00202,0.0010273707088676374,0.0008080349189434802,0.011110377825441345,0.06926406926406926,0.3181818181818182,22,20,22,-0.047619047619047616,0.7177013144004984,35505.16,25482.100000000002,13,16,3.012059020538646,4046.3333333333335,166.0,-0.01295375415943312,0.047619047619047616,31
ACC00203,0.002251214446246234,0.002058618465558701,0.0016432931859429135,0.06258890469416785,0.34210526315789475,23,54,39,0.16129032258064516,0.982215659031282,105138.55999999998,103268.73999999998,32,19,4.287401073378694,1828.0961538461538,10.0,0.030667395002215582,0.043010752688172046,49
ACC00204,0.0013070354333548652,0.0016264195586447009,0.004375515591486553,0.08669354838709678,0.375,23,34,32,0.030303030303030304,1.0967046045536952,60933.81,66826.39,20,24,3.9570048510492795,2000.9411764705883,69.0,-0.03481964967594723,0.045454545454545456,40
ACC00205,0.0014675590300964893,0.00029053147648760676,0.0,0.07608695652173914,0.0,23,42,0,1.0,0.0,65413.88999999999,0.0,24,0,4.127456115993523,999999.0,999999.0,-0.10094153878522288,0.047619047619047616,32
ACC00206,0.0021361381048901327,0.00115386126487883,0.004194027388219766,0.07407407407407407,0.35714285714285715,23,34,21,0.23636363636363636,0.5074926317652737,93892.91,47649.959999999985,21,17,3.994579718430732,3712.5757575757575,29.0,-0.010002107359199937,0.03636363636363636,36
ACC00207,0.002098605509217593,0.0016468693259138606,0.0059363141395809265,0.07386363636363637,0.3333333333333333,23,38,36,0.02702702702702703,0.6140878950160028,100338.34,61616.56,23,21,3.7379461924970485,1773.8157894736842,6.0,-0.04313236153938624,0.02702702702702703,43
ACC00208,0.001075286288675886,0.0014612141294814778,0.0026167299125556837,0.06926406926406926,0.3181818181818182,22,24,27,-0.058823529411764705,1.3774580778606782,43318.399999999994,59669.27999999999,17,12,3.4715091556273348,3307.4166666666665,28.0,-0.06565481254243682,0.0392156862745098,34
ACC00209,0.002598630386106074,0.0020428177772340793,0.011981521201121927,0.06765327695560254,0.36363636363636365,23,62,60,0.01639344262295082,0.8071742025023062,114824.46999999997,92683.34999999996,27,33,4.273247286700515,1308.9344262295083,17.0,0.011073694423047082,0.02459016393442623,53
ACC00210,0.0011703251326214256,0.0017798433822512594,0.007919485233459825,0.06666666666666667,0.25806451612903225,23,28,37,-0.13846153846153847,1.6813365026002731,49681.31000000001,83531.0,18,21,3.3886441795672178,2249.9583333333335,17.0,0.0020190930303781857,0.06153846153846154,41
ACC00211,0.0013817669727082893,0.0012414680192595969,0.0012638178518396303,0.07368421052631578,0.3,20,24,21,0.06666666666666667,0.8002205187534459,56140.34999999999,44924.66000000001,11,15,2.8181358700711163,3562.4,194.0,-0.07267761885356834,0.022222222222222223,31
ACC00212,0.001859939545067801,0.0021387594506895105,0.0028213166144200625,0.06060606060606061,0.3939393939393939,23,45,47,-0.021739130434782608,1.0343580876139564,86412.26000000001,89381.22,23,23,3.845990943796325,1763.5,69.0,-0.07203339555319134,0.03260869565217391,53
ACC00213,0.0015742471757947247,0.002442789345728543,0.015947863388879723,0.052854122621564484,0.2727272727272727,23,42,54,-0.125,1.4235703639855801,70886.04999999997,100911.28,22,34,3.862863052624918,1663.1666666666667,66.0,-0.08712296831586956,0.020833333333333332,53
ACC00214,0.0013592453487101227,0.0023951878305225375,0.0017488863223890446,0.05113636363636364,0.3939393939393939,23,39,58,-0.1958762886597938,1.7602244596440537,61017.65,107404.76,23,23,3.9944209054536004,1785.4358974358975,53.0,-0.025609454080579085,0.010309278350515464,49
ACC00215,0.001988865860017468,0.002137250099479461,0.002963207391519551,0.0641025641025641,0.35,23,50,55,-0.047619047619047616,1.043699901315852,94665.65999999999,98802.54,28,26,4.331169932099515,1815.62,1.0,-0.06566528693268456,0.0380952380952381,53
ACC00216,0.002080898295571478,0.002948110238727104,0.0036330638508496947,0.06906906906906907,0.35135135135135137,23,49,48,0.010309278350515464,1.557967091802757,85215.85,132763.49,22,28,4.058756864521684,1555.7142857142858,13.0,0.05045537875882615,0.0,47
ACC00217,0.001816234363831523,0.001425001511542651,0.003270087444316119,0.05042016806722689,0.4,23,47,35,0.14634146341463414,0.713794647557772,85664.82000000002,61147.09,26,23,4.1737398120721485,1575.5744680851064,13.0,0.02500144356467937,0.012195121951219513,42
ACC00218,0.001201293629828256,0.0011603692142238484,0.01027223230490018,0.05698005698005698,0.2962962962962963,23,22,31,-0.16981132075471697,1.128868707839783,41317.08999999999,46641.57000000001,16,19,3.2241605623739864,1775.05,40.0,-0.04737060858937827,0.0,36
ACC00219,0.0031377609969842316,0.0017481912082304989,0.007998680085794423,0.07200929152148665,0.38095238095238093,23,61,51,0.08928571428571429,0.656353332100428,131883.63,86562.25999999998,25,33,4.230724584079696,1634.2131147540983,7.0,0.035563429667460504,0.008928571428571428,50
ACC00220,0.0016889383823486172,0.0015171213516581186,0.009529780564263322,0.05172413793103448,0.27586206896551724,23,44,35,0.11392405063291139,0.8186149116922973,84886.14000000001,69489.06,20,17,3.5986437618426566,2474.6136363636365,85.0,-0.005791119347843299,0.02531645569620253,48
ACC00221,0.0009203563212663753,0.0017425577546841893,0.0022372545784524003,0.05591397849462366,0.25806451612903225,23,18,42,-0.4,2.7987547948949723,37646.81,105364.18999999999,14,25,3.522131136649306,1392.1666666666667,157.0,-0.013204217405560664,0.016666666666666666,43
ACC00222,0.0020388729513488397,0.0018902543228572232,0.015475994060386074,0.05957767722473605,0.28846153846153844,23,51,51,0.0,1.1435289330124074,83599.65999999997,95598.63,33,34,4.433655447594072,1679.04,62.0,0.07834330696553884,0.058823529411764705,47
ACC00223,0.001326017334701108,0.0018186747960502268,0.008298960567563109,0.06031746031746032,0.2222222222222222,23,26,41,-0.22388059701492538,1.3733430094632755,58866.509999999995,80843.90999999999,19,25,3.7328033092659396,1769.8846153846155,33.0,-0.03247822751338624,0.029850746268656716,38
ACC00224,0.0015588179006954654,0.0023838244891471855,0.0077412968157069785,0.09686609686609686,0.4444444444444444,23,41,45,-0.046511627906976744,1.2257888198596003,92154.12,112961.48999999999,19,20,3.4275353002028206,2034.9166666666667,9.0,0.041091124359602604,0.023255813953488372,45
ACC00225,0.002637888615419718,0.0014950896559963044,0.0005510641808282461,0.07407407407407407,0.5185185185185185,23,52,38,0.15555555555555556,0.43728472574293004,148920.5,65120.66000000001,19,22,3.634372541187696,1852.2884615384614,62.0,0.003110323270949485,0.011111111111111112,45
ACC00226,0.00129118957716436,0.0015537999177521467,0.03075070120442171,0.05806451612903226,0.22580645161290322,23,30,34,-0.0625,1.4533542138657265,46703.79000000001,67877.15,18,20,3.5454196637240503,2432.103448275862,30.0,0.027872315159696598,0.03125,36
ACC00227,0.0019693535557350978,0.0022185056207633964,0.0010856294340867844,0.06463414634146342,0.2682926829268293,23,48,49,-0.010309278350515464,1.1213354881191788,101021.64,113279.14999999997,27,25,4.078882331768677,1640.9347826086957,86.0,-0.05243879794525778,0.030927835051546393,51
ACC00228,0.0016706787060239603,0.0017604374324061301,0.008338557993730407,0.03940886699507389,0.3793103448275862,23,40,33,0.0958904109589041,1.3752401552333886,70402.38,96820.18000000002,22,18,3.9780963621798713,2328.625,41.0,0.03853999926906548,0.0410958904109589,43
ACC00229,0.001547707384009374,0.0019646636720374094,0.0024154429962052466,0.06896551724137931,0.3333333333333333,23,41,36,0.06493506493506493,1.4453487100080353,61429.83999999999,88787.54,23,17,3.8251070020214275,2057.5853658536585,44.0,-0.03767062411199046,0.03896103896103896,43
ACC00230,0.0015457659921285787,0.0014061910365275572,0.008318759280646758,0.06084656084656084,0.17857142857142858,23,19,26,-0.15555555555555556,0.9303533456220408,55942.95999999999,52046.719999999994,15,18,3.0643557723889963,4806.210526315789,293.0,-0.04971260016051652,0.044444444444444446,32
ACC00231,0.0015544944661337883,0.002963944869692601,0.0017026893251938624,0.04838709677419355,0.375,23,38,54,-0.17391304347826086,1.6825928897459572,78572.72000000002,132205.9,19,25,3.8424973841424945,1807.0526315789473,43.0,0.030964849107321828,0.021739130434782608,46
ACC00232,0.0014509038488054859,0.001962774093150849,0.005104768190067646,0.05846774193548387,0.40625,23,39,56,-0.17894736842105263,1.8027725291778716,57814.36000000001,104226.13999999998,21,24,3.8675926301978105,1593.6486486486488,14.0,-0.02501998074560288,0.031578947368421054,49
ACC00233,0.0014252150518153975,0.002172392085509695,0.011225870318429301,0.0453781512605042,0.2857142857142857,23,36,48,-0.14285714285714285,1.3362304655771793,73869.6,98706.81000000001,19,26,3.664082319819905,1832.2222222222222,65.0,-0.02928280130306339,0.0,46
ACC00234,0.002660629594342848,0.002329392370050595,0.0032535885167464113,0.06048387096774194,0.4375,23,34,53,-0.21839080459770116,0.8646930410720564,113846.98999999999,98442.69999999998,17,29,3.108143218989043,2006.1764705882354,6.0,0.04040605990650792,0.04597701149425287,44
ACC00235,0.002283303198451941,0.0014644802963710616,0.0037683550569213,0.05533596837944664,0.4782608695652174,22,30,25,0.09090909090909091,0.494328661583617,100599.70999999998,49729.32,16,18,3.21505233931133,2373.6923076923076,220.0,-0.029221180151628914,0.01818181818181818,37
ACC00236,0.0017118145347413292,0.001889838934785682,0.0071704339217950825,0.05873015873015873,0.2777777777777778,23,43,41,0.023809523809523808,0.6432127925288694,119397.19,76797.8,23,23,3.6711890569357553,2253.813953488372,12.0,0.001213670459160861,0.03571428571428571,46
ACC00237,0.0016410159241252373,0.001339203771493326,0.006484078534895231,0.05591397849462366,0.3548387096774194,23,47,32,0.189873417721519,0.6371896171242052,79658.47000000002,50757.549999999996,24,18,4.16409259260093,3668.2608695652175,18.0,-0.056699226199486016,0.012658227848101266,45
ACC00238,0.001228961537075335,0.0016758610599704377,0.004256723312984656,0.07076923076923076,0.38461538461538464,23,34,37,-0.04225352112676056,1.3100689555236782,56864.19,74496.01,16,20,3.669776172690361,1743.8666666666666,18.0,-0.027783691617460596,0.028169014084507043,41
ACC00239,0.0013028924803560197,0.0019103982061395063,0.0017851839630424022,0.04827586206896552,0.43333333333333335,23,38,39,-0.012987012987012988,1.1494292236272972,68300.83,78506.97,24,19,3.8895105156346346,1545.75,46.0,0.0654477410243676,0.03896103896103896,42
ACC00240,0.001168408558604856,0.0014291741566359113,0.006272892262002969,0.0677361853832442,0.2647058823529412,23,35,37,-0.027777777777777776,0.7671667433981879,62034.47999999998,47590.79000000001,21,22,3.898126301778155,3031.030303030303,26.0,-0.03675569124785059,0.013888888888888888,42
ACC00241,0.0012635916045015557,0.002019947259710762,0.0035208711433756803,0.07899159663865546,0.34285714285714286,23,33,51,-0.21428571428571427,2.252536663933822,47825.60999999999,107728.94000000002,23,24,3.9969013274466207,1771.8181818181818,90.0,0.03595835645605659,0.047619047619047616,44
ACC00242,0.0013644324922439605,0.0015749663077269395,0.010136941098828576,0.06666666666666667,0.41935483870967744,23,39,43,-0.04878048780487805,1.2688344781388565,62758.84,79630.57999999999,17,27,3.4846157660273303,1658.6923076923076,149.0,-0.04735729152263634,0.012195121951219513,47
ACC00243,0.0014939636523066784,0.0013712880841136236,0.0029830061046032005,0.05291005291005291,0.35714285714285715,23,33,35,-0.029411764705882353,0.8881291203848107,64247.64000000001,57060.19999999999,17,21,3.339420125513145,3102.3870967741937,140.0,-0.014897311957051188,0.014705882352941176,40
ACC00244,0.002205960182343347,0.001994258682989147,0.0026332288401253916,0.0625,0.4375,23,40,41,-0.012345679012345678,1.0270842109812846,86761.25000000001,89111.10999999999,21,25,3.752311354234128,2328.55,148.0,0.015664599713507664,0.024691358024691357,45
ACC00245,0.0018223541690402137,0.0020792594797216985,0.006312489688170268,0.08502024291497975,0.3076923076923077,23,53,40,0.13978494623655913,0.9423339681473704,90057.87000000001,84864.59000000003,23,28,4.043614443019996,3267.3076923076924,64.0,0.0832453375318077,0.03225806451612903,47
ACC00246,0.001160151578351949,0.0015075296794967788,0.013096848704834185,0.06060606060606061,0.2727272727272727,23,28,32,-0.06666666666666667,1.944184576137932,36377.399999999994,70724.37999999999,19,23,3.829797712745968,3027.035714285714,77.0,0.04436348544872804,0.05,37
ACC00247,0.0014581340311449367,0.0017857353951914621,0.004877082989605676,0.04923076923076923,0.3076923076923077,23,28,35,-0.1111111111111111,1.5978658925494806,61303.38000000001,97954.58,14,20,3.3489219865409594,1986.1363636363637,30.0,0.008355606178932632,0.015873015873015872,38
ACC00248,0.00154841172027711,0.0021302824227201014,0.0015937964032337896,0.0761904761904762,0.25,23,34,35,-0.014492753623188406,0.9502312228042572,85817.66000000002,81546.62000000001,20,25,3.8345887710312057,2444.0333333333333,49.0,-0.06799295749615503,0.028985507246376812,42
ACC00249,0.0014783617384054874,0.0013307913908553039,0.01101468404553704,0.05042016806722689,0.2857142857142857,23,32,32,0.0,0.788622004275395,63175.44999999999,49821.549999999996,22,23,3.875609156412858,2284.0,17.0,0.015016499326563142,0.03125,40
ACC00250,0.0008575139549614516,0.0012101164928341134,0.026724962877412967,0.06157635467980296,0.3448275862068966,23,31,31,0.0,1.7083212641013859,30587.41999999999,52253.14,18,21,3.226044440265926,2788.4193548387098,31.0,0.00369136716078998,0.06451612903225806,38
ACC00251,0.0013295588714747901,0.0018324513390290667,0.0008183468074575152,0.06878306878306878,0.35714285714285715,23,33,34,-0.014925373134328358,1.5818106496175115,53298.44000000001,84308.03999999998,22,16,3.904273813558038,2311.121212121212,13.0,0.07282850589945519,0.04477611940298507,38
ACC00252,0.002817684877863659,0.0015375035204501343,0.0016597921135126216,0.06878306878306878,0.35714285714285715,23,44,41,0.03529411764705882,0.494779661232954,125546.44999999998,62117.829999999994,20,18,3.600794728742359,1709.4318181818182,7.0,-0.08868682436756782,0.03529411764705882,51
ACC00253,0.0018810567827460016,0.0018094455751615879,0.0025309354891932022,0.04497354497354497,0.32142857142857145,23,34,37,-0.04225352112676056,1.0739670005254407,89543.84999999999,96167.13999999997,20,17,3.9513433461541525,2117.090909090909,39.0,-0.08525347899077104,0.04225352112676056,45
ACC00254,0.0010589936418038913,0.0011650464502732333,0.0039036462629929054,0.07333333333333333,0.2,23,25,26,-0.0196078431372549,0.8493686024037368,48582.69999999998,41264.62000000001,16,14,2.979368707340482,2745.56,161.0,-0.05402054736007247,0.0,35
ACC00255,0.0022112651050084533,0.0022726906934603572,0.001534400263982841,0.05378151260504202,0.42857142857142855,23,47,49,-0.020833333333333332,0.8168797029010707,107339.33,87683.31999999999,23,27,3.8929256281234528,1225.872340425532,3.0,0.08004790623559936,0.010416666666666666,47
ACC00256,0.0035569859335036385,0.0016047083749284835,0.015195512291701038,0.06666666666666667,0.3055555555555556,23,38,36,0.02702702702702703,0.42334922028658384,155183.93999999994,65696.99999999999,24,23,2.978713387046577,2238.9210526315787,114.0,-0.017481060552567783,0.013513513513513514,42
ACC00257,0.002257121543733037,0.002632744608723598,0.011110377825441345,0.06763285024154589,0.32608695652173914,23,54,61,-0.06086956521739131,1.202210276247064,110765.34000000003,133163.22999999998,30,31,3.978308962200472,1606.0555555555557,1.0,0.03079776179889594,0.02608695652173913,50
ACC00258,0.001411120938670829,0.0008133161065237802,0.00625309354891932,0.09,0.24,23,20,21,-0.024390243902439025,0.5149018137563147,59079.049999999996,30419.91,14,17,3.0976802720472403,4921.105263157895,107.0,-0.13379694291358588,0.0,33
ACC00259,0.0017642876043835912,0.0013823161450674235,0.0036264642798218114,0.05982905982905983,0.4444444444444444,23,36,30,0.09090909090909091,0.7355556400622707,83885.50999999998,61702.46,22,17,3.9921997084069387,2362.1176470588234,18.0,-0.09354901371028033,0.015151515151515152,44
ACC00260,0.002000346073305987,0.0020021333902005647,0.000527965682230655,0.08067226890756303,0.42857142857142855,23,34,53,-0.21839080459770116,0.8954203704555713,91070.02999999998,81545.95999999998,23,27,4.218963620900924,1821.5294117647059,11.0,0.001336756146768655,0.06896551724137931,49
ACC00261,0.0014578475926679741,0.002234780078501406,0.008176868503547268,0.056818181818181816,0.2727272727272727,23,32,42,-0.13513513513513514,20.306720614995342,66648.96,1353421.81,16,26,3.5662944655833178,1966.90625,62.0,0.013342803965928747,0.013513513513513514,42
ACC00262,0.0011955639460404313,0.001798358782509054,0.0012407193532420393,0.10052910052910052,0.25,23,27,37,-0.15625,1.8160265364988744,46924.049999999996,85215.31999999999,16,19,3.5718132380484677,1887.7083333333333,195.0,-0.07887198231661616,0.03125,40
ACC00263,0.0031702036225493397,0.0019843483901896986,0.010905791123576966,0.06666666666666667,0.225,23,42,36,0.07692307692307693,0.6106004164574759,146915.36,89706.57999999999,23,26,3.017812649024649,1909.8536585365853,7.0,-0.05691510149565401,0.01282051282051282,45
ACC00264,0.0022558920861099467,0.0029693984334930447,0.0042666226695264806,0.06570048309178744,0.2826086956521739,23,61,46,0.14018691588785046,1.0003698150044469,126063.02999999998,126109.65000000002,30,29,4.291153936900099,1502.1803278688524,31.0,0.06130927606635167,0.0,46
ACC00265,0.001963836930578098,0.001920179894191343,0.0002705824121432107,0.05591397849462366,0.3225806451612903,23,40,39,0.012658227848101266,1.1237490872528173,95467.29000000001,107281.28000000001,17,24,3.5500660312393353,2902.5128205128203,11.0,-0.027349796151384716,0.06329113924050633,45
ACC00266,0.0013777458900441296,0.0018554093512525437,0.006084804487708298,0.06854838709677419,0.375,23,31,46,-0.19480519480519481,1.1323481116584568,61630.79999999999,69787.52,21,23,3.9804361030065283,1545.6333333333334,31.0,0.03382187234028377,0.025974025974025976,43
ACC00267,0.0010525001597517483,0.0023824304243549106,0.0033657812242204256,0.059113300492610835,0.3448275862068966,23,26,45,-0.2676056338028169,2.659787792162361,44080.37,117244.42999999998,19,20,3.655427855115084,1442.5384615384614,6.0,0.017171382533864094,0.0,40
ACC00268,0.0009698502472564795,0.001423395907261061,0.0008150470219435736,0.06333333333333334,0.2,23,21,25,-0.08695652173913043,1.4935243330326804,35256.6,52656.59,16,14,3.564282793460107,3505.2631578947367,67.0,-0.09917867433430116,0.021739130434782608,36
ACC00269,0.001486326413609948,0.0022127865763908656,0.003151295165814222,0.062388591800356503,0.17647058823529413,23,31,33,-0.03125,1.7717155996809855,67081.49999999999,118849.34,21,19,3.754758248648125,2548.2,26.0,0.003369881224886652,0.015625,38
ACC00270,0.0017247654571648958,0.00240482380498848,0.006470879392839465,0.058823529411764705,0.3235294117647059,23,40,49,-0.10112359550561797,1.1524614358622747,82696.65000000002,95304.7,20,25,3.7033190236090876,1689.775,42.0,0.04574110864122112,0.011235955056179775,42
ACC00271,0.0013189908955108017,0.0032489732237989156,0.008764230325028873,0.047058823529411764,0.42857142857142855,23,47,54,-0.06930693069306931,17.646647404662406,67057.74999999999,1183344.4700000002,20,30,3.7974104317471067,1178.4651162790697,1.0,-0.026622830447153172,0.0297029702970297,50
ACC00272,0.0021612742532768326,0.0021892440981952175,0.003646262992905461,0.05555555555555555,0.4444444444444444,23,56,45,0.10891089108910891,0.8828340645113704,113891.55000000002,100547.33999999998,25,27,4.091410034541194,1829.4727272727273,21.0,0.02435359316157373,0.019801980198019802,49
ACC00273,0.0017679071360798822,0.0020335460264951344,0.012143210691305065,0.06084656084656084,0.42857142857142855,23,41,43,-0.023809523809523808,1.3853136035957156,70581.78,97777.90000000001,19,21,3.8183512611985226,1905.775,40.0,0.038373496607293715,0.03571428571428571,44
ACC00274,0.0012519904272629647,0.0018521894428924325,0.003916845405048671,0.05291005291005291,0.35714285714285715,23,34,31,0.046153846153846156,1.1505891724392254,60308.32,69390.09999999999,16,22,3.4686044134471317,2182.516129032258,1.0,0.006135497725198637,0.015384615384615385,39
ACC00275,0.0016703972430667877,0.001731266512556511,0.00629599076060056,0.0582010582010582,0.42857142857142855,23,31,37,-0.08823529411764706,0.8680168070645491,77676.86,67424.81999999999,22,18,3.7172840063626924,1970.103448275862,55.0,0.03496098695853293,0.014705882352941176,41
ACC00276,0.001966809835115416,0.002087713299707703,0.011103778254413462,0.06048387096774194,0.40625,23,44,47,-0.03296703296703297,1.087651536294466,87750.43,95441.89,24,21,4.054726839989759,2310.309523809524,53.0,-0.01077279173569907,0.01098901098901099,48
ACC00277,0.0019233418172505058,0.0018759377305332166,0.004675796073255238,0.06236559139784946,0.41935483870967744,23,32,43,-0.14666666666666667,1.2104846578954396,73796.59,89329.64000000001,20,24,3.769130834564814,1816.9375,12.0,0.0055229052728803,0.02666666666666667,40
ACC00278,0.0020127213633823176,0.0019647255503046656,0.007150635208711433,0.05714285714285714,0.3055555555555556,23,37,44,-0.08641975308641975,0.9662388555048536,88079.35999999999,85105.69999999997,23,24,4.026565403976851,1312.2222222222222,43.0,-0.001456045681701972,0.04938271604938271,44
ACC00279,0.0024874266226204175,0.002206708637819239,0.008315459495132816,0.06747638326585695,0.28205128205128205,23,43,43,0.0,0.987978251329674,102134.06000000001,100906.23000000001,24,26,3.8043735450359124,2215.093023255814,25.0,-0.04598589040366709,0.023255813953488372,49
ACC00280,0.0014376690849078363,0.002093879869730074,0.013783204091734037,0.07459677419354839,0.375,23,36,45,-0.1111111111111111,1.3757831445224862,63695.13999999999,87630.69999999998,20,24,3.378971174350816,1822.25,38.0,-0.0026382348143269324,0.037037037037037035,45
ACC00281,0.0019260470982924091,0.002184165870408347,0.0054413463124896875,0.05714285714285714,0.2777777777777778,23,40,36,0.05263157894736842,0.975228590312818,85074.69,82967.26999999999,24,22,4.078710408519956,2002.2307692307693,9.0,0.026029425817552583,0.039473684210526314,42
ACC00282,0.001402966844802284,0.0015304805440063485,0.002478138920970137,0.05057471264367816,0.4,23,29,33,-0.06451612903225806,0.9875895718628662,63834.219999999994,63042.01000000001,20,22,3.7105688604715263,1276.0384615384614,12.0,-0.03332547824261014,0.03225806451612903,37
ACC00283,0.001777736673037243,0.0013131753713781892,0.00511466754660947,0.07142857142857142,0.35714285714285715,23,44,27,0.23943661971830985,0.5310364988755032,83944.23000000001,44577.44999999998,23,15,3.914210092961593,2730.75,42.0,-0.016047767189435198,0.0,43
ACC00284,0.001563615858272794,0.002003664817003464,0.002385744926579772,0.06153846153846154,0.4230769230769231,23,35,44,-0.11392405063291139,1.3495493424254197,65243.55,88049.39,17,20,3.384936463858911,1783.857142857143,5.0,-0.05545161913059465,0.0379746835443038,46
ACC00285,0.001395445334571875,0.0010247691888121014,0.001461804982676126,0.04710144927536232,0.375,23,24,20,0.09090909090909091,0.36935849039238816,78231.72,28895.55,19,14,3.0940438741754295,4352.652173913043,57.0,-0.08281620590156605,0.022727272727272728,34
ACC00286,0.002038437904328453,0.001918855169532547,0.010427322224055435,0.04873949579831933,0.3142857142857143,23,49,41,0.08888888888888889,0.7100144029537383,121836.11999999998,86505.4,23,23,3.884815829306418,1780.4888888888888,35.0,-0.09800168830200585,0.0,51
ACC00287,0.0015157712627526746,0.0029300273744869523,0.00509486883352582,0.05555555555555555,0.4166666666666667,23,43,56,-0.13131313131313133,1.898895559035345,67411.48000000001,128007.35999999999,22,29,4.001403213748454,1124.3953488372092,1.0,0.027622784352377285,0.0,47
ACC00288,0.0018414598201733552,0.0023811763380924772,0.0024484408513446624,0.05591397849462366,0.3548387096774194,23,46,47,-0.010752688172043012,1.11132261664797,84169.06000000001,93538.98,21,21,4.092813931621334,1322.0869565217392,3.0,0.09285901317976442,0.010752688172043012,45
ACC00289,0.0016482083305396672,0.0021268095001606684,0.001046032007919485,0.0625,0.36363636363636365,23,37,45,-0.0975609756097561,1.3128672958974812,68595.92000000001,90057.33999999997,20,25,3.6027663691925778,2335.3333333333335,4.0,0.15154744709733073,0.024390243902439025,40
ACC00290,0.0013023286997505025,0.0013589950057789112,0.0013133146345487544,0.07586206896551724,0.26666666666666666,23,25,34,-0.15254237288135594,1.1775692625040013,43863.56,51652.380000000005,15,23,3.620325094752688,2521.8,15.0,-0.015681715612663825,0.01694915254237288,41
ACC00291,0.002407403461417925,0.0024576914066537334,0.0005246658967167134,0.06282051282051282,0.325,23,56,51,0.04672897196261682,1.0452772457869792,102335.73000000004,106969.20999999998,24,29,4.166110347956376,1474.7454545454545,3.0,0.03962054109468029,0.009345794392523364,50
ACC00292,0.0010857330575638918,0.001752294316131903,0.00042897211681240714,0.05533596837944664,0.391304347826087,22,24,36,-0.2,2.874474064753011,29991.81,86210.68000000001,15,17,3.4607788335098495,2247.8260869565215,25.0,-0.052559360534216504,0.016666666666666666,39
ACC00293,0.0014207848892102328,0.0023218687845403103,0.003938294010889292,0.0659536541889483,0.38235294117647056,23,43,53,-0.10416666666666667,1.5079735106810161,60265.8,90879.22999999998,19,28,3.8514477226521713,1395.6511627906978,8.0,0.051568749524637726,0.010416666666666666,46
ACC00294,0.0016641829280038302,0.0025311525149237465,0.007860089094208876,0.07179487179487179,0.35,23,42,53,-0.11578947368421053,1.1543213401067336,87044.41000000003,100477.22,22,32,3.8053170042836064,1063.2857142857142,4.0,0.03833484703873103,0.0,46
ACC00295,0.001671460645396672,0.00140097642792025,0.004375515591486553,0.05873015873015873,0.3333333333333333,23,46,44,0.022222222222222223,0.7152107065400173,75701.02000000002,54142.17999999999,21,27,3.978502364438697,1791.111111111111,62.0,-0.01756789668531684,0.044444444444444446,48
ACC00296,0.0012072903477789107,0.0016566939573815307,0.014426662266952647,0.06050420168067227,0.22857142857142856,23,30,44,-0.1891891891891892,1.7365361076412724,43798.07000000001,76056.93,19,24,3.701292454827515,1592.5333333333333,3.0,-0.009038674561315973,0.013513513513513514,44
ACC00297,0.002219070246259434,0.0025170155631444625,0.013096848704834185,0.0664451827242525,0.3023255813953488,23,43,63,-0.18867924528301888,1.5380482469525736,93385.38000000003,143631.21999999997,22,34,3.3057432160444855,1517.2093023255813,59.0,-0.05846972575638742,0.05660377358490566,55
ACC00298,0.0015385112027223365,0.0015257142499456892,0.004504207226530275,0.04827586206896552,0.36666666666666664,23,28,37,-0.13846153846153847,0.8409748868804723,73581.46,61880.16,20,21,3.870521716433112,3482.8928571428573,25.0,0.002317877344789757,0.0,40
ACC00299,0.0009863645959209497,0.001461563179128677,0.0008414453060551064,0.05555555555555555,0.14285714285714285,23,15,23,-0.21052631578947367,1.3007453773574664,36840.399999999994,47919.979999999996,14,18,3.506794575250993,4388.6,79.0,-0.03211103738770336,0.02631578947368421,28
ACC00300,0.0011702892626600995,0.0014991980431390477,0.005378650387724797,0.0665024630541872,0.06896551724137931,23,21,26,-0.10638297872340426,1.284578454864681,64915.35000000001,83388.85999999999,14,17,2.854876067073859,2984.714285714286,3.0,-0.03124948257748299,0.02127659574468085,32
ACC00301,0.001392698824981518,0.0015977573955249977,0.012265302755320904,0.06552706552706553,0.3333333333333333,23,26,25,0.0196078431372549,1.0446148166479374,61623.25000000001,64372.56000000001,18,18,3.2591584231585693,2928.8846153846152,72.0,-0.10501270706042024,0.0196078431372549,39
ACC00302,0.0038705562773158828,0.0015577968197597295,0.005249958752681075,0.06282051282051282,0.325,23,74,48,0.21311475409836064,0.35350401797005093,190183.10000000003,67230.49,29,24,4.11048534547577,1502.109589041096,27.0,-0.01677285392473649,0.04918032786885246,54
ACC00303,0.001311982412912767,0.0025226185542751426,0.0005411648242864214,0.06349206349206349,0.4642857142857143,23,33,47,-0.175,2.3342764987690408,56423.47,131707.98,19,22,3.862851382636111,2397.25,12.0,-0.022944279729691493,0.0125,44
ACC00304,0.0010377122068374219,0.00029053147648760676,0.0,0.04411764705882353,0.0,17,22,0,1.0,0.0,40030.69,0.0,17,0,3.654500393326178,999999.0,999999.0,-0.1086036534770974,0.0,20
ACC00305,0.0013808670532940602,0.0013704918507639599,0.00345817521861079,0.06552706552706553,0.4074074074074074,23,29,39,-0.14705882352941177,0.923568552985509,59014.06,54503.530000000006,17,21,3.56960569374624,1557.0689655172414,71.0,-0.06721420845641468,0.014705882352941176,45
ACC00306,0.0013970975515623422,0.0016507422220003905,0.0026464279821811583,0.07333333333333333,0.48,23,28,37,-0.13846153846153847,1.2837138651382756,54279.29999999999,69679.08999999998,19,18,3.6397419167505016,2641.5,324.0,-0.11539304925483465,0.015384615384615385,44
ACC00307,0.0016015042081697563,0.0013188906354453193,0.004131331463454875,0.05846153846153846,0.3076923076923077,23,34,28,0.0967741935483871,0.9725109082152792,71927.44,69950.22,19,15,3.789154065610306,2949.5882352941176,17.0,-0.05364008179879281,0.04838709677419355,42
ACC00308,0.001044364046500121,0.0014321037566035382,0.00950338228015179,0.06552706552706553,0.4074074074074074,23,27,30,-0.05263157894736842,1.2067213644719115,42378.3,51138.80000000001,17,21,3.51531151846841,2110.222222222222,44.0,-0.038424485804643194,0.0,38
ACC00309,0.001374226881695651,0.0016442690602004395,0.0014552054116482428,0.06333333333333334,0.36,23,28,31,-0.05084745762711865,0.9107760730360278,65911.58,60030.689999999995,14,20,2.894026248493156,3953.0,72.0,0.12419610257231763,0.0,36
ACC00310,0.001968894728179642,0.0022491394698328704,0.0013859099158554692,0.06401137980085349,0.3684210526315789,23,38,42,-0.05,1.032408409613533,89108.96999999999,91996.85000000002,25,27,4.161711806038728,2094.8684210526317,5.0,0.10244962948201017,0.0375,40
ACC00311,0.0016740644173880992,0.0031905809013639116,0.009450585711928724,0.06456456456456457,0.32432432432432434,23,43,63,-0.18867924528301888,17.539001465555593,72880.21000000002,1278246.1099999999,18,31,3.613433215364707,1755.9767441860465,6.0,-0.0034684405097499533,0.018867924528301886,51
ACC00312,0.0018302616385401892,0.0014261063809972844,0.0035538689985150965,0.06896551724137931,0.36666666666666664,23,45,28,0.2328767123287671,0.6466291892122071,80782.79000000001,52236.51,23,18,3.955496606620645,2250.7045454545455,16.0,0.004815732054323632,0.0136986301369863,40
ACC00313,0.0019055203670953536,0.003320669308741251,0.007051641643293185,0.08739495798319327,0.45714285714285713,23,52,65,-0.1111111111111111,1.4567742792582383,103274.16000000003,150447.14000000004,25,26,3.8469684880097894,1123.0392156862745,11.0,-0.02239437554705866,0.02564102564102564,54
ACC00314,0.0012175003329905486,0.0011579725830909407,0.0054809437386569865,0.05846774193548387,0.40625,23,38,41,-0.0379746835443038,1.2709181648230885,52223.630000000005,66371.95999999999,23,22,4.246884212077014,947.9428571428572,2.0,0.027876120414200484,0.012658227848101266,44
ACC00315,0.0022779273627486513,0.0019481416966092837,0.010424022438541495,0.06201550387596899,0.37209302325581395,23,59,54,0.04424778761061947,0.6736358131671863,124604.45,83938.02,28,31,4.1474816983207266,2417.3508771929824,62.0,0.00790946260007806,0.02654867256637168,51
ACC00316,0.0021387746810110292,0.0025386867898795134,0.007246328988615739,0.07539118065433854,0.4473684210526316,23,56,60,-0.034482758620689655,1.19498787861144,100644.41000000002,120268.85000000002,27,28,4.298711815023257,1224.9107142857142,3.0,-0.026133008813261204,0.0,56
ACC00317,0.001627061857740177,0.0017232597897106883,0.00020128691635043722,0.06267806267806268,0.37037037037037035,23,29,32,-0.04918032786885246,1.131264955486742,69117.61,78190.32999999999,16,21,3.3821323309622127,2082.6428571428573,27.0,0.045720769474704284,0.03278688524590164,37
ACC00318,0.0012130965527001169,0.001587430620834353,0.0009767365121267117,0.06153846153846154,0.38461538461538464,23,29,35,-0.09375,1.133093263072875,55169.960000000014,62512.71000000001,15,21,3.4066811976863796,2670.3214285714284,25.0,0.004373621437419991,0.015625,40
ACC00319,0.0015381130978081754,0.0013394933184461512,0.018878072925259858,0.03908045977011494,0.36666666666666664,23,37,34,0.04225352112676056,0.7783270200750407,65130.13,50692.54000000001,22,19,3.8456956390161694,2915.5135135135133,1.0,0.05647775967723588,0.056338028169014086,39
ACC00320,0.0012982725253886172,0.0016368145498237272,0.0019930704504207224,0.08666666666666667,0.36,23,40,35,0.06666666666666667,0.7859141504824029,70397.59999999999,55326.47,18,16,3.8289042418089365,1883.45,6.0,0.04888712497846911,0.0,43
ACC00321,0.0008349892762746005,0.0012619677253723626,0.001969971951823131,0.0718954248366013,0.3333333333333333,18,20,20,0.0,1.662552228956957,28126.159999999996,46761.21,12,12,3.3566752094147945,4931.25,172.0,-0.07694240525942031,0.0,30
ACC00322,0.0015920909555207775,0.0012711206801682734,0.005127866688665237,0.07936507936507936,0.39285714285714285,23,34,32,0.030303030303030304,0.9388552564005641,61375.840000000004,57623.03,19,20,3.745329777472931,2311.529411764706,99.0,0.003853161496371781,0.030303030303030304,40
ACC00323,0.0024746402166009357,0.002761884329654743,0.000900841445306055,0.06628787878787878,0.45454545454545453,23,54,53,0.009345794392523364,0.9713805658843941,124164.22999999998,120610.72000000004,24,24,4.133486940866324,1333.3703703703704,6.0,0.017179210503133955,0.009345794392523364,48
ACC00324,0.0022542646983758816,0.00178635518392231,0.0054050486718363305,0.0453781512605042,0.42857142857142855,23,46,40,0.06976744186046512,0.7474146813832984,94283.34999999999,70468.76,25,25,4.250603054572649,1778.2173913043478,2.0,-0.02154109539853206,0.011627906976744186,46
ACC00325,0.0014193281824283785,0.0014167694709493642,0.01296485728427652,0.056451612903225805,0.3125,23,38,32,0.08571428571428572,1.0615340150375103,57573.36000000001,61116.08,20,22,3.6870098881451043,1902.6756756756756,16.0,0.10114751389204336,0.014285714285714285,40
ACC00326,0.0018442838152633073,0.001829269763582663,0.005949513281636693,0.06854838709677419,0.40625,23,50,47,0.030927835051546393,0.7970215381149277,88061.56000000001,70186.96,19,26,3.689498888962269,1408.0,32.0,0.07387968254663417,0.010309278350515464,47
ACC00327,0.001693238293126355,0.0019847829171546743,0.006761260518066325,0.05241935483870968,0.375,23,46,37,0.10843373493975904,1.0268745429844208,78936.04000000002,81057.40999999999,23,21,3.962707295348681,2103.1794871794873,4.0,-0.01861030416330419,0.024096385542168676,49
ACC00328,0.001963819622598198,0.0020929625637327227,0.0008249463784853984,0.06818181818181818,0.30303030303030304,23,45,47,-0.021739130434782608,0.8316763367247971,107653.60999999997,89532.95999999996,20,23,3.9557187374496676,2427.1136363636365,12.0,0.09358749730080419,0.021739130434782608,40
ACC00329,0.0021295442868861517,0.002827908680899529,0.0037056591321564095,0.0664451827242525,0.4186046511627907,23,63,58,0.04132231404958678,1.2811405458343093,99842.01999999997,127911.65999999999,29,32,4.318247997219633,1197.3709677419354,8.0,0.052271830305234274,0.01652892561983471,50
ACC00330,0.0023271299993674064,0.0017820231577302765,0.001006434581752186,0.055384615384615386,0.23076923076923078,23,24,26,-0.04,0.7761028979895496,91939.6,71354.59,18,14,3.3388111002042695,2467.4,16.0,-0.0009856833308179481,0.02,31
ACC00331,0.0012128880546317831,0.0020689733964227683,0.0008579442336248143,0.05241935483870968,0.34375,23,41,38,0.0379746835443038,1.7444613017753772,51642.549999999996,90088.43,23,20,4.164637045712671,1720.7560975609756,20.0,0.037522077817652946,0.02531645569620253,42
ACC00332,0.0018307654599895333,0.0017374605019681542,0.008130671506352086,0.06386554621848739,0.3142857142857143,23,37,43,-0.075,0.8570017859639384,81255.83999999998,69636.40000000001,20,26,3.7649903568734047,2328.945945945946,121.0,0.003742453062001793,0.0125,42
ACC00333,0.003728240197125901,0.001186961229237192,0.00391354561953473,0.05172413793103448,0.3103448275862069,23,32,31,0.015873015873015872,0.37080030175936857,152479.11000000007,56539.29999999998,20,18,2.3295658800477694,2674.633333333333,60.0,-0.0202408809740101,0.0,41
ACC00334,0.0016554855778066761,0.0021511347608383397,0.005959412638178518,0.0429732868757259,0.2619047619047619,23,35,50,-0.17647058823529413,1.6843716551852153,61307.58,103264.75,24,29,4.247514623150798,1340.264705882353,41.0,-0.00940439744930296,0.023529411764705882,44
ACC00335,0.0010856133435674696,0.0019925173757026817,0.0039795413298135615,0.07635467980295567,0.3793103448275862,23,31,46,-0.19480519480519481,2.1488981873820387,40802.30999999999,87680.01000000001,18,22,3.76174262263149,2284.6129032258063,16.0,0.012140274293518738,0.012987012987012988,45
ACC00336,0.0009591933793342161,0.0012910005465988418,0.0004883682560633558,0.06153846153846154,0.34615384615384615,23,20,32,-0.23076923076923078,1.8115458266720545,35860.229999999996,64962.450000000004,12,23,3.14741877120264,1811.0,148.0,-0.010384576433067285,0.057692307692307696,32
ACC00337,0.0015791538922154194,0.0020683515980822655,0.0036099653522521035,0.0481283422459893,0.2647058823529412,23,36,45,-0.1111111111111111,1.153440675387852,77177.57999999999,89019.75999999998,20,23,3.4864704639840265,1895.8333333333333,29.0,-0.028233951731667796,0.024691358024691357,45
ACC00338,0.001611278983971772,0.0021289751819745135,0.01205411648242864,0.05238095238095238,0.4166666666666667,23,43,53,-0.10416666666666667,1.2760458932604322,70301.39,89707.80000000002,25,26,4.195537397855381,1761.6904761904761,23.0,-0.05624767257983078,0.020833333333333332,50
ACC00339,0.002288919531821336,0.0021156575277432436,0.0008414453060551064,0.07407407407407407,0.4444444444444444,23,42,40,0.024390243902439025,1.0076967001763657,92903.45000000001,93618.49999999999,17,22,3.6690820028800144,2530.5238095238096,2.0,-0.01058636331838615,0.04878048780487805,46
ACC00340,0.0011726653349318178,0.0017241772309075638,0.002666226695264808,0.0665024630541872,0.3793103448275862,23,31,35,-0.06060606060606061,1.1974584226132619,55247.58000000001,66156.68000000001,17,23,3.545551803396757,2676.0,46.0,0.01433044137853787,0.030303030303030304,39
ACC00341,0.0019671216443959885,0.002853915366844524,0.007487213331133476,0.07030527289546716,0.2978723404255319,23,58,57,0.008695652173913044,1.5436108427483786,86750.33000000002,133908.74999999997,25,36,3.9651217528180713,1528.3793103448277,4.0,0.08004982441045874,0.034782608695652174,48
ACC00342,0.001976009475547252,0.0015715687382054024,0.00412143210691305,0.056818181818181816,0.36363636363636365,23,40,37,0.03896103896103896,0.9140298429200168,72469.45,66239.24,23,22,4.124819164757077,2628.0285714285715,88.0,0.08065255321299225,0.025974025974025976,41
ACC00343,0.002520477120427679,0.002443152306573064,0.0369938953967992,0.056910569105691054,0.35714285714285715,23,45,48,-0.03225806451612903,1.123721516800725,100148.95000000001,112539.52999999998,27,30,4.0911795882233335,1004.8,10.0,-0.03080511619191845,0.03225806451612903,48
ACC00344,0.0011654231505192642,0.0011328738418079675,0.005863718858274212,0.07526881720430108,0.2903225806451613,23,29,30,-0.01694915254237288,1.2992200130516607,36945.490000000005,48000.32000000001,17,23,3.688202875997822,2550.4827586206898,126.0,0.015727646577099973,0.03389830508474576,38
ACC00345,0.001452450823238814,0.0014729332464751281,0.007183633063850849,0.05982905982905983,0.4074074074074074,23,32,35,-0.04477611940298507,0.8326010724851733,65891.82,54861.6,18,20,3.6304404745529717,2454.1,83.0,0.04948950454488373,0.04477611940298507,41
ACC00346,0.0019818297517040346,0.0019329572164559564,0.0013529120607160534,0.05303030303030303,0.48484848484848486,23,55,43,0.12244897959183673,0.8723432427270991,94254.0,82221.84,26,23,4.117938229388366,2148.2,14.0,0.06711441901128586,0.02040816326530612,47
ACC00347,0.0017907238847716207,0.0029118086462361094,0.007919485233459825,0.05161290322580645,0.5161290322580645,23,46,54,-0.08,1.2044219233146127,82962.09,99921.36,25,22,3.8688040989404535,1926.7173913043478,62.0,0.010840323058654055,0.02,48
ACC00348,0.0014850852980712948,0.0016705818310160099,0.0008546444481108727,0.07384615384615385,0.3076923076923077,23,28,32,-0.06666666666666667,1.28504555848987,53656.29999999999,68950.79,21,13,3.688089200357769,1651.6538461538462,57.0,-0.05855515989964191,0.016666666666666666,40
ACC00349,0.0021302924766807368,0.0025213365165785884,0.006358686685365451,0.05731707317073171,0.36585365853658536,23,46,49,-0.031578947368421054,1.307682266785738,92314.67999999998,120718.27,27,29,4.210425692150506,1455.4,9.0,-0.03054584623739515,0.031578947368421054,50
ACC00350,0.001955657307707179,0.0032149818541574514,0.005817521861079029,0.0696969696969697,0.28888888888888886,23,49,59,-0.09259259259259259,1.738880142033288,89759.24,156080.56,28,30,4.328764590936967,1389.2708333333333,11.0,-0.022128397399877604,0.009259259259259259,52
ACC00351,0.002353419228389591,0.001365239115340278,0.006767860089094208,0.07130124777183601,0.3235294117647059,23,56,30,0.3023255813953488,0.37641699498021597,131256.63999999996,49407.229999999996,24,21,3.922956563388389,1512.6666666666667,17.0,0.12702557372809,0.011627906976744186,42
ACC00352,0.0019918607947327057,0.0017446547857512171,0.0021415607985480942,0.06854838709677419,0.40625,23,50,42,0.08695652173913043,0.8151943642498728,86764.66999999998,70730.06999999999,24,21,3.9655590205139473,2060.34,10.0,-0.027526200536926348,0.021739130434782608,47
ACC00353,0.0022016592208820964,0.0024608243441001324,0.00120112192707474,0.07057057057057058,0.21621621621621623,23,42,47,-0.056179775280898875,1.094342347567719,102893.56000000001,112600.77999999997,21,24,3.896399756813532,1899.8809523809523,3.0,-0.034213545243353766,0.033707865168539325,50
ACC00354,0.0015134615139967074,0.0014406257465967953,0.004365616234944729,0.05546218487394958,0.2857142857142857,23,35,38,-0.0410958904109589,0.8659142165051785,62254.400000000016,53906.97,20,25,3.990869378973108,3005.1428571428573,2.0,0.06404688983754825,0.0273972602739726,38
ACC00355,0.0027266808047377777,0.0018743003518382905,0.014241874278171918,0.049910873440285206,0.29411764705882354,23,32,51,-0.2289156626506024,0.7403835732810197,109615.55999999998,81157.56,18,26,2.657126788675264,1627.6129032258063,19.0,0.07956583092957688,0.03614457831325301,42
ACC00356,0.0017771865424148115,0.0017794088296720603,0.007345322554033988,0.058712121212121215,0.42424242424242425,23,39,37,0.02631578947368421,0.9895146547516213,70597.58000000002,69857.33999999998,22,25,3.9611160438342368,1545.5135135135135,36.0,0.062104080544966245,0.0,41
ACC00357,0.001576195780444075,0.0019518582916081759,0.0057845240059396135,0.04827586206896552,0.4,23,35,45,-0.125,1.217363580743015,70886.06999999999,86294.12000000001,18,24,3.593731099137226,1350.9375,21.0,0.015506816051537696,0.0375,45
ACC00358,0.002024597802919989,0.0022990095443278396,0.0058406203596766204,0.06060606060606061,0.4411764705882353,23,51,51,0.0,1.1952805620152693,83367.13,99647.11000000003,24,25,4.0664694269757655,1707.3921568627452,23.0,-0.0037001390281801412,0.0196078431372549,50
ACC00359,0.0021133912464403287,0.0035104403178660847,0.011730737502062365,0.05897435897435897,0.375,23,45,57,-0.11764705882352941,13.06751525117846,114810.8,1500291.88,25,30,3.961989346736543,1561.909090909091,19.0,-0.07158974645663979,0.0392156862745098,54
ACC00360,0.0015648649025064476,0.0019848322642642404,0.0039003464774789638,0.05303030303030303,0.24242424242424243,23,32,42,-0.13513513513513514,1.1440054220998839,74583.65000000001,85324.10000000002,22,19,3.8311198775528124,2200.3125,77.0,0.030868779153631846,0.02702702702702703,41
ACC00361,0.004056422343138421,0.002292868134024063,0.00416102953308035,0.046546546546546545,0.32432432432432434,23,43,52,-0.09473684210526316,0.5232276275045528,195686.14999999997,102388.40000000001,18,31,2.668090861400264,1270.7441860465117,55.0,0.01666571935873086,0.07368421052631578,47
ACC00362,0.0019632509570569412,0.0018804268371777192,0.008797228180168289,0.04285714285714286,0.2777777777777778,23,38,43,-0.06172839506172839,1.2249125520932274,70436.21999999997,86278.20999999999,22,24,3.617768175234547,1755.7105263157894,27.0,0.03302197881845416,0.0,44
ACC00363,0.0014633092664894827,0.0017758360679155953,0.0006137601055931364,0.06878306878306878,0.25,23,33,34,-0.014925373134328358,1.1584688672930887,70608.38,81797.60999999999,13,22,3.2770832623901858,1767.3666666666666,3.0,0.048316186291229156,0.029850746268656716,43
ACC00364,0.000786652922695371,0.0014777466254453863,0.005830721003134796,0.06333333333333334,0.16,23,17,21,-0.10526315789473684,2.835058554412597,22566.19,63976.469999999994,13,16,3.14332635972213,2683.1176470588234,1.0,-0.08127948931982733,0.0,28
ACC00365,0.0013161575803386965,0.00029053147648760676,0.0,0.07602339181286549,0.0,19,32,0,1.0,0.0,56534.10999999999,0.0,19,0,3.8886404488721333,999999.0,999999.0,0.046038366663575164,0.0,20
ACC00366,0.0019520182883206927,0.001838597112113823,0.019986800857944232,0.0553306342780027,0.3076923076923077,23,57,38,0.2,0.8217409881749574,92000.50999999997,75600.59000000003,27,24,4.148744942035724,2587.7894736842104,20.0,-0.0029980576189051773,0.010526315789473684,50
ACC00367,0.0010712925203824456,0.0019384181379708044,0.0014090084144530604,0.06552706552706553,0.4074074074074074,23,24,30,-0.1111111111111111,1.514863336645148,50969.03999999999,77211.13,18,20,3.545261823368106,2648.625,20.0,-0.0773910978725283,0.0,38
ACC00368,0.0012173934908084115,0.0008040803285335342,0.0034548754330968484,0.06769230769230769,0.19230769230769232,23,30,17,0.2765957446808511,0.49134132595552826,51625.109999999986,25365.549999999996,18,13,3.790643303856204,3748.689655172414,5.0,-0.018288413212118552,0.02127659574468085,31
ACC00369,0.0017319490073313877,0.0026070649179640824,0.005174063685860418,0.053763440860215055,0.4838709677419355,23,46,53,-0.0707070707070707,1.68436103815706,81284.04,136911.66999999998,20,26,3.9661910358902466,1677.4347826086957,19.0,-0.05053758388056017,0.030303030303030304,52
ACC00370,0.001303165798900671,0.0014336986984714987,0.0020854644448110872,0.06084656084656084,0.2857142857142857,23,29,26,0.05454545454545454,1.0002149444228816,52199.53999999999,52210.75999999998,20,16,3.7973176996564253,3932.576923076923,304.0,-0.09553863647214066,0.0,37
ACC00371,0.001889050532809813,0.0015788315276605018,0.000105593136446131,0.056451612903225805,0.3125,23,38,32,0.08571428571428572,0.8407747306770276,75781.69,63715.329999999994,24,18,3.88544572517732,2588.2631578947367,37.0,0.016616770550343885,0.014285714285714285,41
ACC00372,0.0008970090057770876,0.001440843839881416,0.006361986470879393,0.06159420289855073,0.25,23,20,21,-0.024390243902439025,1.532022391969213,31343.38,48018.759999999995,16,14,3.5665341572645635,3780.0,113.0,0.031085379077600166,0.0975609756097561,31
ACC00373,0.0010475551812232798,0.000977915577886958,0.004052136611120277,0.06157635467980296,0.1724137931034483,23,29,26,0.05454545454545454,0.7212268931738548,51374.97,37053.009999999995,15,19,3.2908850548359183,2972.9285714285716,21.0,0.0031038992156599437,0.03636363636363636,36
ACC00374,0.0013229378928310718,0.0018298464149558887,0.0018181818181818182,0.07386363636363637,0.3333333333333333,23,39,34,0.0684931506849315,1.1114350276803038,62831.67999999999,69833.32999999999,24,20,4.030325369815003,2671.923076923077,38.0,-0.031209864856817888,0.0136986301369863,43
ACC00375,0.0017382798044744035,0.0013356736804063176,0.0051212671176373535,0.0677361853832442,0.20588235294117646,23,37,29,0.12121212121212122,0.513075903826984,87756.83999999998,45025.92000000001,20,21,3.8450367183863605,3818.4864864864867,19.0,0.05892888512888821,0.015151515151515152,37
ACC00376,0.0016074482459917639,0.0019657537922309785,0.004316119452235604,0.06896551724137931,0.3,23,36,32,0.058823529411764705,0.691926869788951,95657.31999999999,66187.87000000001,18,21,3.238805558971266,1947.388888888889,73.0,-0.10074711918151705,0.029411764705882353,44
ACC00377,0.0014575541197494333,0.0017599449209639729,0.012862563933344331,0.07196969696969698,0.2727272727272727,23,41,47,-0.06818181818181818,1.013123287000431,69432.29999999999,70343.48000000001,21,21,3.6015934225795783,1208.611111111111,3.0,-0.026853717164856215,0.011363636363636364,47
ACC00378,0.0013692559072113935,0.001794683276295862,0.022613430127041742,0.0677361853832442,0.29411764705882354,23,30,37,-0.1044776119402985,1.311966272601795,54272.79000000001,71204.06999999999,22,22,3.8663601027405994,2229.6666666666665,2.0,-0.03504223517895646,0.04477611940298507,41
ACC00379,0.001786435066406474,0.0014892625077553576,0.004801187922785019,0.06521739130434782,0.2916666666666667,23,31,27,0.06896551724137931,0.9307407131264963,61562.43,57298.66000000001,16,15,3.353477346500051,1968.9655172413793,42.0,0.0743888864957139,0.034482758620689655,37
ACC00380,0.0028362388050629833,0.0023207414896015133,0.01747236429632074,0.06606606606606606,0.40540540540540543,23,43,52,-0.09473684210526316,0.8822551619682575,139660.39,123216.10000000002,29,23,3.3816034161895945,1103.560975609756,54.0,-0.08495120857180924,0.010526315789473684,54
ACC00381,0.0018777407439714172,0.0016844767045713256,0.006193697409668371,0.06342780026990553,0.2564102564102564,23,48,38,0.11627906976744186,0.7373829150694764,90502.68,66735.12999999999,26,23,3.806576431473257,2536.0625,24.0,0.048288591931046766,0.03488372093023256,46
ACC00382,0.0012392859020460478,0.00029053147648760676,0.0,0.051470588235294115,0.0,17,31,0,1.0,0.0,54274.13000000003,0.0,17,0,3.3386522617899335,999999.0,999999.0,-0.2049721779364286,0.0,29
ACC00383,0.0012479358302005016,0.0009108440526772473,0.012149810262332948,0.04734848484848485,0.18181818181818182,23,30,23,0.1320754716981132,0.5460100574807005,51770.42,28267.170000000006,22,17,4.0079352326146696,4896.333333333333,171.0,-0.05964086526081836,0.05660377358490566,36
ACC00384,0.0010732442524441189,0.002059130011577735,0.0032271902326348784,0.06818181818181818,0.3333333333333333,23,45,35,0.125,1.4815242874205223,54397.09,80590.61000000002,24,20,4.1310567366731235,3144.4772727272725,49.0,-0.046772256037093056,0.05,47
ACC00385,0.001308142592175644,0.0015411905139772948,0.003124896881702689,0.10344827586206896,0.27586206896551724,23,30,27,0.05263157894736842,0.9865298263587347,70748.16000000002,69795.17,19,18,3.5949386920926227,2604.3333333333335,2.0,-0.0670100523504191,0.03508771929824561,37
ACC00386,0.0013227110969214798,0.001477152644225496,0.002035967662101963,0.06769230769230769,0.38461538461538464,23,33,34,-0.014925373134328358,1.268759388936494,46797.1,59374.26,18,18,3.538089117367216,2488.9375,24.0,0.06132518496421084,0.0,36
ACC00387,0.0033813166328351793,0.002563377508331915,0.0035208711433756803,0.07096774193548387,0.3870967741935484,23,34,48,-0.17073170731707318,0.7899544306457752,156069.8,123288.03,16,27,2.2320858453227843,1252.9655172413793,16.0,0.03704387892223576,0.0,43
ACC00388,0.0019145401048052562,0.0019085859498076448,0.006952648077874938,0.06722689075630252,0.2571428571428571,23,57,38,0.2,0.7366172145997023,99992.45,73656.16,23,21,3.8309440056131865,2208.089285714286,20.0,-0.05103283770021655,0.042105263157894736,49
ACC00389,0.0011610322314845678,0.0012386743546059786,0.010410823296485728,0.04435483870967742,0.28125,23,27,37,-0.15625,1.0592490373803864,43160.87000000001,45718.110000000015,19,22,3.8562799685974887,2053.3333333333335,26.0,0.051186431171550834,0.0625,37
ACC00390,0.002551053854724768,0.001128949722887507,0.015588186767860088,0.08262108262108261,0.3333333333333333,23,35,22,0.22807017543859648,0.49410518265046344,129677.47,64074.30999999999,17,19,3.317042520106085,2903.1428571428573,124.0,0.012298991682719489,0.017543859649122806,36
ACC00391,0.001689621533243146,0.0018345635239061316,0.0048341857779244345,0.05113636363636364,0.3333333333333333,23,32,42,-0.13513513513513514,1.240594004618074,67045.26999999999,83175.95999999999,20,24,3.551659017416529,2590.3,2.0,-0.035232417958494563,0.013513513513513514,45
ACC00392,0.0019358010033661745,0.0020981873749077846,0.010773799703019303,0.08846153846153847,0.225,23,42,37,0.06329113924050633,1.2079945925567985,80585.22,97346.50999999998,26,23,4.1512504926212745,2483.9285714285716,2.0,-0.002705651881876922,0.012658227848101266,42
ACC00393,0.0034218388289960454,0.00029053147648760676,0.0,0.06190476190476191,0.0,20,39,0,1.0,0.0,161150.46999999994,0.0,21,0,2.986057383769163,999999.0,999999.0,-0.023706549629025277,0.02564102564102564,29
ACC00394,0.0023212694281405993,0.0022769026898162084,0.007576307540009899,0.06072874493927125,0.358974358974359,23,56,43,0.13131313131313133,0.8064805118711332,113342.59000000001,91408.59,30,23,4.240441226401834,2058.3703703703704,20.0,0.10223114654980958,0.030303030303030304,43
ACC00395,0.0019495684832971706,0.0019925635572992013,0.010664906781059231,0.06219512195121951,0.3170731707317073,23,47,35,0.14634146341463414,0.9256655258247676,87213.37,80730.41,29,25,4.485388371904703,1933.1914893617022,30.0,-0.03407651828065685,0.012195121951219513,48
ACC00396,0.0017753064651466195,0.002469577061881783,0.00509486883352582,0.06707317073170732,0.34146341463414637,23,45,60,-0.14285714285714285,1.582071512282096,74875.25,118458.00000000001,25,30,4.171773126953,1098.4888888888888,1.0,-0.08063084898147967,0.047619047619047616,56
ACC00397,0.0018968465857294578,0.0015213445717978257,0.003279986800857944,0.059770114942528735,0.3333333333333333,23,46,36,0.12195121951219512,0.6128781364327558,88509.38999999998,54245.46999999999,21,19,3.755499544461342,2281.782608695652,41.0,0.13156193872747934,0.04878048780487805,41
ACC00398,0.0012324329776993838,0.0020605672859866594,0.004652697574657647,0.052307692307692305,0.2692307692307692,23,19,32,-0.2549019607843137,1.169096523992975,63956.42999999999,74771.24000000002,14,19,2.9219963615675506,2092.2105263157896,54.0,0.008005843532454924,0.0196078431372549,32
ACC00399,0.001045613645317299,0.0017505757942148994,0.007751196172248803,0.05698005698005698,0.25925925925925924,23,31,41,-0.1388888888888889,1.6150371971659045,45398.62,73320.45999999998,12,22,3.125829230887944,2484.206896551724,39.0,0.010507841718098494,0.027777777777777776,43
ACC00400,0.0017142885257858324,0.001599845518282874,0.004345817521861079,0.06666666666666667,0.3870967741935484,23,39,40,-0.012658227848101266,0.7515256676023883,80661.41000000003,60619.11999999998,23,20,3.8852470612884047,3603.5384615384614,25.0,-0.024604023805597786,0.012658227848101266,47
ACC00401,0.0013782613168180206,0.0023687257576535323,0.000422372545784524,0.03439153439153439,0.32142857142857145,23,36,40,-0.05263157894736842,1.3336951186200057,78269.25999999998,104387.33000000003,19,18,3.5160257700699353,1996.0285714285715,59.0,-0.022579141911277505,0.02631578947368421,44
ACC00402,0.002354508534261715,0.0027459113656399603,0.002890612110212836,0.09090909090909091,0.45454545454545453,23,48,54,-0.058823529411764705,0.8521440910859122,119535.49999999997,101861.47000000003,25,23,3.9378209663736903,1701.9583333333333,12.0,0.02887990413604513,0.029411764705882353,48
ACC00403,0.0012602282231812569,0.0015737347386103524,0.00038937469064510805,0.05928853754940711,0.34782608695652173,23,33,33,0.0,0.941665146172264,69823.77999999998,65750.62,15,16,3.137356394751565,2424.1875,58.0,0.004915738701394677,0.030303030303030304,41
ACC00404,0.0019580648556187775,0.001862763675652893,0.010173238739481933,0.047435897435897434,0.2,23,35,40,-0.06666666666666667,0.945703027295147,86117.14000000001,81441.24,23,25,4.035620932235625,1164.4848484848485,5.0,0.003276713312154808,0.05333333333333334,43
ACC00405,0.002890019955176736,0.0021509364116771134,0.002306550074245174,0.05169340463458111,0.35294117647058826,23,44,50,-0.06382978723404255,0.7361292308326021,131095.65,96503.34000000001,24,22,3.4753925614193344,1932.6136363636363,40.0,0.07594962528060205,0.05319148936170213,43
ACC00406,0.0012706819011645363,0.002813826182223233,0.0073057251278666885,0.06048387096774194,0.34375,23,36,48,-0.14285714285714285,2.268147031039959,67263.62,152563.78,21,22,3.323191164973583,1909.5714285714287,8.0,0.02701484888545876,0.023809523809523808,43
ACC00407,0.0033087295435307693,0.002194907035274548,0.005738327008744431,0.05555555555555555,0.35135135135135137,23,43,46,-0.033707865168539325,0.642640212305183,145767.52,93676.06999999999,25,25,3.693633444441835,1708.9302325581396,2.0,0.020849320778130512,0.02247191011235955,43
ACC00408,0.0016240064070591098,0.00029053147648760676,0.0,0.0457516339869281,0.0,18,41,0,1.0,0.0,70085.66000000002,0.0,18,0,3.6736081826684135,999999.0,999999.0,0.009870873189604078,0.0,26
ACC00409,0.001814025609461979,0.0010243850782323425,0.0007919485233459824,0.07,0.36,23,34,29,0.07936507936507936,0.49492665274218184,75909.45,37569.610000000015,16,18,3.4208390352030573,2593.5,92.0,0.014965273256254427,0.047619047619047616,39
ACC00410,0.002302272638953541,0.0018547384528007833,0.0025144365616234943,0.07357357357357357,0.2972972972972973,23,38,43,-0.06172839506172839,0.9294845985508131,112287.81,104369.78999999998,23,25,4.137379455781948,2366.3947368421054,8.0,-0.041465350087655915,0.0,46
ACC00411,0.0015511654984199847,0.0010311002495015985,0.001267117637353572,0.06159420289855073,0.2916666666666667,23,29,21,0.16,0.719506424606049,56215.119999999995,40447.13999999999,18,13,3.6767452715999513,2283.913043478261,119.0,-0.0010254924285222193,0.06,36
ACC00412,0.0012266443359517493,0.0014935526485817673,0.0015640983336083153,0.09523809523809523,0.17857142857142858,23,28,25,0.05660377358490566,1.0444051576930005,60704.659999999996,63400.25999999998,21,12,3.7928861860124634,2397.9285714285716,51.0,0.023255234814548924,0.0,33
ACC00413,0.0014264245525163993,0.0026084965896037275,0.006629269097508662,0.07936507936507936,0.4166666666666667,23,37,53,-0.17777777777777778,1.7956672135440293,64042.39,114998.82,21,30,3.961519908226638,1174.9722222222222,34.0,-0.013743626922737392,0.03333333333333333,47
ACC00414,0.0021591562157454863,0.0027682901141139736,0.025187262827916185,0.03716608594657375,0.2619047619047619,23,44,40,0.047619047619047616,24.99929845971988,93936.15999999999,2348338.1,28,25,3.966478813847931,2553.1190476190477,18.0,0.04629832603403071,0.023809523809523808,42
ACC00415,0.0011731590294681055,0.0010150374292877528,0.001672991255568388,0.02857142857142857,0.3333333333333333,20,24,23,0.02127659574468085,0.6097845803666764,53177.13999999999,32426.6,11,17,2.8937572044404067,2999.75,197.0,0.10043809641475111,0.0,31
ACC00416,0.001980590677559996,0.0015912807636720848,0.004180828246163999,0.07311827956989247,0.41935483870967744,23,42,39,0.037037037037037035,0.9374801249096413,78395.87000000002,73494.57000000002,23,21,4.068964539184333,2520.0714285714284,8.0,0.07633203336285889,0.012345679012345678,42
ACC00417,0.002742507171097597,0.0016753982225297197,0.00225705329153605,0.06451612903225806,0.3125,23,32,43,-0.14666666666666667,0.8788178805484161,102852.55,90388.66,20,22,3.384153348507681,2349.84375,45.0,0.04767813292666992,0.02666666666666667,40
ACC00418,0.0011150869512835263,0.0015651736832851138,0.002306550074245174,0.04946236559139785,0.22580645161290322,23,27,39,-0.18181818181818182,1.370949375375553,45366.46,62195.12000000001,14,24,3.051594300639897,2459.074074074074,3.0,0.016368827418637988,0.0,38
ACC00419,0.001028573595635015,0.0014318233798557983,0.000211186272892262,0.06837606837606838,0.25925925925925924,23,21,36,-0.2631578947368421,2.0061820089248386,32885.74999999999,65974.79999999999,12,22,3.257081830620448,2196.6666666666665,60.0,-0.042073670297655394,0.017543859649122806,36
ACC00420,0.0026249990581291563,0.0013570093972313617,0.009189902656327338,0.05747126436781609,0.23333333333333334,23,27,28,-0.01818181818181818,0.5651989527191631,112924.82,63824.990000000005,19,18,1.880073178186725,2759.5185185185187,5.0,-0.023783160507959547,0.01818181818181818,36
ACC00421,0.0019843677765991005,0.002922398355168854,0.0033162844415113015,0.053763440860215055,0.3548387096774194,23,50,44,0.06382978723404255,1.208407779918755,102595.93000000002,123977.72000000002,20,22,3.8797306719360414,1533.2340425531916,6.0,0.0732383865691235,0.031914893617021274,44
ACC00422,0.0010410185149005258,0.0018620033764187491,0.008434251773634714,0.07142857142857142,0.3793103448275862,23,26,38,-0.1875,2.0380874862615794,39806.25,81128.62,19,21,3.532387463808632,2040.7692307692307,16.0,0.05141116638177209,0.015625,38
ACC00423,0.0014771457096820406,0.0011516025568109648,0.008734532255403398,0.045584045584045586,0.37037037037037035,23,27,28,-0.01818181818181818,0.8834587350744175,49724.19,43929.270000000004,17,20,3.689156399373114,2588.5555555555557,21.0,0.0477359726795458,0.03636363636363636,35
ACC00424,0.0011468270675068191,0.0011999607912385687,0.003273387229830061,0.06552706552706553,0.18518518518518517,23,21,33,-0.2222222222222222,1.0938469055711606,51225.770000000004,56033.149999999994,11,21,3.01984261869619,1771.15,96.0,0.012273358464763464,0.018518518518518517,39
ACC00425,0.0017904272958855967,0.0034126252862526994,0.004718693284936478,0.07459677419354839,0.4375,23,40,60,-0.2,2.331942678883836,70712.51000000001,164897.52000000005,21,25,3.806213808646106,1622.8974358974358,11.0,0.042623183796470315,0.04,48
ACC00426,0.001287245977313332,0.001517701058394241,0.00486718363306385,0.07,0.44,23,35,44,-0.11392405063291139,1.3484331819294524,51390.14,69296.17000000003,18,18,3.2392330255752375,1971.7941176470588,67.0,-0.03389562685534519,0.012658227848101266,45
ACC00427,0.0014941580739282652,0.002917458942623142,0.004553704009239399,0.06341463414634146,0.21951219512195122,23,38,53,-0.16483516483516483,1.8654459616272028,70733.43999999999,131949.41000000003,22,28,3.7437262370414617,1132.7027027027027,21.0,-0.04196809914358204,0.03296703296703297,47
ACC00428,0.003780029667126084,0.0026849522527618917,0.005870318429302095,0.07765151515151515,0.3939393939393939,23,40,54,-0.14893617021276595,0.7292924616865794,173417.04,126471.74,20,26,2.7892304436580266,1591.975,27.0,0.050571409835932876,0.02127659574468085,47
ACC00429,0.0014808477876062103,0.0013871736773500031,0.0015805972611780234,0.05333333333333334,0.36,23,30,31,-0.01639344262295082,0.9704099951792442,59762.40999999998,57994.04,17,17,3.4609739286624217,2423.1666666666665,43.0,-0.012543415525484948,0.0,38
ACC00430,0.0010408173204497603,0.00029053147648760676,0.0,0.07692307692307693,0.0,13,25,0,1.0,0.0,53337.68999999999,0.0,13,0,3.4304460200710785,999999.0,999999.0,-0.08701329282655289,0.0,22
ACC00431,0.001265112255698897,0.0011490135550496394,0.0023263487873288234,0.054187192118226604,0.2413793103448276,23,26,21,0.10638297872340426,1.4157575772658588,48218.579999999994,68265.81999999999,19,17,3.7851048625121417,5715.615384615385,15.0,-0.03218147832549402,0.02127659574468085,32
ACC00432,0.0013295968347095937,0.0019144725960977462,0.0032502887312324696,0.07692307692307693,0.4074074074074074,23,34,41,-0.09333333333333334,2.3693126186594826,55294.78,131010.62,18,20,3.8121823858775556,2556.757575757576,61.0,1.690947176221498e-05,0.02666666666666667,43
ACC00433,0.0023450575856131957,0.002973216828074669,0.014040587361821481,0.06463414634146342,0.36585365853658536,23,41,53,-0.1276595744680851,1.3910819089611535,88614.48,123269.99999999996,25,31,4.059962914368324,1400.0487804878048,19.0,0.026484135842190285,0.02127659574468085,44
ACC00434,0.0013914697269214581,0.001341655514411654,0.015974261672991253,0.05747126436781609,0.3,23,31,34,-0.046153846153846156,0.950085240174346,64253.740000000005,61046.52999999999,18,21,3.651428013397061,2026.6666666666667,41.0,-0.0016205762737487542,0.03076923076923077,39
ACC00435,0.001840888835956842,0.001100557274288367,0.0029005114667546607,0.06837606837606838,0.2962962962962963,23,28,27,0.01818181818181818,0.5449262841893056,86768.36000000003,47282.35999999999,19,16,2.9843348933698164,3091.75,7.0,-0.05203383754279012,0.0,37
ACC00436,0.0025518606224089082,0.003121121190988531,0.008859924104933178,0.03698435277382646,0.39473684210526316,23,53,56,-0.027522935779816515,1.1341532201990245,120519.88,136688.01,28,25,4.19441086573624,1189.1923076923076,9.0,0.051136144829524555,0.01834862385321101,50
ACC00437,0.0018369278071759783,0.00142605642071014,0.0060122092064015835,0.0481283422459893,0.3235294117647059,23,33,35,-0.029411764705882353,0.8793542727520179,70574.06999999999,62059.61,22,23,3.969789509725961,2149.4242424242425,32.0,-0.02062817856584743,0.0,38
ACC00438,0.000923047610878652,0.001895692988968908,0.0005147665401748886,0.06461538461538462,0.34615384615384615,23,26,33,-0.11864406779661017,2.0356776541110233,38813.090000000004,79010.94000000002,16,19,3.5325421658630014,2346.846153846154,31.0,-0.1218471905109847,0.01694915254237288,40
ACC00439,0.0012086659405133792,0.001944248080878503,0.0023989440686355387,0.07311827956989247,0.3870967741935484,23,42,42,0.0,1.2275108965660608,66576.01999999999,81722.78999999998,19,24,3.6544642665885143,2031.3809523809523,28.0,0.053522639058302304,0.011904761904761904,45
ACC00440,0.002660313757189127,0.0035487937396031784,0.0009635373700709453,0.06666666666666667,0.6451612903225806,23,54,60,-0.05263157894736842,1.3898437891347457,117183.27000000002,162866.44,24,27,4.098112876437719,1500.8703703703704,6.0,0.05429837922604792,0.02631578947368421,51
ACC00441,0.0034738575614108465,0.0012933961530264605,0.0022141560798548095,0.06896551724137931,0.3448275862068966,23,35,29,0.09375,0.390371016665761,137283.86,53591.64,21,18,3.139249764697276,2408.181818181818,175.0,-0.05364575212075539,0.03125,39
ACC00442,0.003003695526707172,0.0012142577297075876,0.0046065005774624645,0.05665024630541872,0.41379310344827586,23,41,35,0.07894736842105263,0.3866115232492305,147322.51,56956.579999999994,21,20,3.13923379216605,2690.512195121951,53.0,-0.08684957772653197,0.013157894736842105,47
ACC00443,0.0025062612115101263,0.0027001786718442618,0.004134631248968817,0.06829268292682927,0.36585365853658536,23,59,66,-0.056,1.0383338892210554,130122.2,135110.29,27,29,4.19578628933234,1252.864406779661,1.0,-0.019054414271132396,0.048,55
ACC00444,0.0014793163466141467,0.0021842883924731446,0.006698564593301435,0.07226890756302522,0.3142857142857143,23,33,35,-0.029411764705882353,1.213695277492457,71225.71999999999,86446.32000000002,24,22,3.9984360235219096,3009.4545454545455,51.0,0.019774218387473636,0.014705882352941176,39
ACC00445,0.0019081101460336303,0.0022225467936684224,0.012024418412803167,0.07200929152148665,0.30952380952380953,23,39,52,-0.14285714285714285,1.1073297927728167,90810.48,100557.15000000002,23,32,3.8782804990064803,2264.25641025641,5.0,0.04625770065882249,0.01098901098901099,49
ACC00446,0.0018136099879380017,0.0020696545343332636,0.002088764230325029,0.060215053763440864,0.3225806451612903,23,38,43,-0.06172839506172839,1.2501917071381738,66585.94000000002,83245.19000000003,21,20,3.8069540035180847,1447.0,17.0,-0.003362620397757564,0.037037037037037035,45
ACC00447,0.0019407916326779203,0.0021104769017145004,0.014987625804322719,0.07439024390243902,0.3170731707317073,23,57,44,0.12871287128712872,1.06147063998801,82803.27,87893.24,26,28,4.203647311576797,1522.1929824561403,1.0,0.029462204027014244,0.009900990099009901,49
ACC00448,0.0021113214910615276,0.002865665038577164,0.011235769674971125,0.07198228128460686,0.37209302325581395,23,59,61,-0.016666666666666666,1.1439270555808132,112091.91999999995,128224.98000000001,27,32,4.165617062618706,1533.2413793103449,1.0,0.06597211500231447,0.03333333333333333,50
ACC00449,0.0008305110299133351,0.0007632853840107479,0.009757465764725292,0.06159420289855073,0.16666666666666666,23,31,11,0.47619047619047616,0.6447044077163818,38214.80000000001,24637.249999999996,17,11,3.1105749479362435,5069.666666666667,66.0,-0.05563060110551435,0.0,31
ACC00450,0.0017494548193581825,0.002330475728378919,0.013971291866028707,0.06462585034013606,0.22448979591836735,23,51,50,0.009900990099009901,0.9197666440313501,96132.95999999996,88419.88999999998,28,32,4.227118586728087,1417.46,16.0,-0.031190640987124554,0.0594059405940594,51
ACC00451,0.0020578985474331147,0.002666100573732499,0.003134796238244514,0.05689900426742532,0.3684210526315789,23,51,53,-0.019230769230769232,1.131105503329581,106875.3,120887.23999999996,23,29,3.9098713505544636,1256.02,5.0,0.017935428627812826,0.019230769230769232,48
ACC00452,0.0037899642616025958,0.0019548496727036296,0.004428312159709619,0.04804804804804805,0.35135135135135137,23,58,52,0.05454545454545454,0.4516175710173899,196680.7000000001,88824.46,20,30,2.6955272840529405,1617.2586206896551,37.0,-0.027770368662381712,0.01818181818181818,53
ACC00453,0.001510411752135506,0.001518633517858439,0.010037947533410328,0.06818181818181818,0.30303030303030304,23,37,45,-0.0975609756097561,1.0602147826012644,62018.990000000005,65753.45,18,25,3.5529303665927237,1269.5,33.0,-0.03654477622104777,0.024390243902439025,45
ACC00454,0.0019372515185185758,0.0018400145849791823,0.002596931199472034,0.06722689075630252,0.3142857142857143,23,44,39,0.060240963855421686,0.6473348734947356,88163.92,57071.57999999999,23,23,3.957755879771272,1736.2142857142858,25.0,0.021261080888464765,0.012048192771084338,44
ACC00455,0.001718543455140237,0.0014832102834115251,0.006744761590496617,0.04838709677419355,0.3125,23,38,37,0.013333333333333334,0.8250602729876909,81114.28,66924.17,22,20,4.058266416197981,2048.162162162162,67.0,-0.026579136423483102,0.05333333333333334,43
ACC00456,0.0011772286177802354,0.001245613522869338,0.004388714733542319,0.05434782608695652,0.375,23,22,25,-0.06382978723404255,1.6187776126784534,36314.84,58785.65,17,16,3.703635726846677,3079.318181818182,48.0,0.06115969591972366,0.02127659574468085,30
ACC00457,0.0020072925643251044,0.00211056476365107,0.0031446955947863385,0.05517241379310345,0.43333333333333335,23,46,54,-0.08,1.0503151276104452,90226.94000000002,94766.72,21,22,3.8129390672537884,1620.2666666666667,6.0,0.042388432020617255,0.03,48
ACC00458,0.001736882182098424,0.0016102968982429806,0.006358686685365451,0.05641025641025641,0.375,23,47,42,0.056179775280898875,0.7996989119383068,87582.35000000002,70039.50999999998,28,27,4.279779188949544,1854.6976744186047,40.0,-0.028524297153913466,0.033707865168539325,49
ACC00459,0.0022245089504847586,0.0020043355918644423,0.005268107573007754,0.059379217273954114,0.358974358974359,23,47,50,-0.030927835051546393,0.9835031934901057,96230.14000000001,94642.64999999998,29,24,4.2023367628721005,1862.5106382978724,34.0,0.00037751000310684996,0.010309278350515464,49
ACC00460,0.0012026549304331425,0.0018943928115019012,0.002425342352747071,0.05546218487394958,0.2,23,36,40,-0.05263157894736842,1.6098881087137271,52606.420000000006,84690.45,22,20,3.8902228760623525,1723.1944444444443,51.0,0.03032931963081329,0.02631578947368421,41
ACC00461,0.001390070596165274,0.0016935641161774152,0.0016102953308034977,0.06769230769230769,0.3076923076923077,23,29,30,-0.01694915254237288,1.0173998456353377,62682.73999999999,63773.409999999996,13,21,2.7857934572330767,2835.448275862069,4.0,-0.03691522837342617,0.0,36
ACC00462,0.000967386020585284,0.0011595112639191567,0.001762085464444811,0.029239766081871343,0.3157894736842105,19,14,27,-0.3170731707317073,1.388751613498064,31724.550000000003,44057.52000000001,9,16,2.7264513689277625,3914.714285714286,77.0,0.012867116945621022,0.04878048780487805,28
ACC00463,0.0015687496810627283,0.0009300447835942317,0.00021778584392014518,0.06324110671936758,0.391304347826087,22,36,26,0.16129032258064516,0.5335208255484728,68642.85,36622.38999999999,16,16,3.6115195590517515,3321.3142857142857,84.0,0.09950303770938637,0.016129032258064516,36
ACC00464,0.001411441909888526,0.0015767022468501316,0.00623329483583567,0.06461538461538462,0.38461538461538464,23,29,30,-0.01694915254237288,0.8868659824218856,67543.07999999999,59901.66,18,18,3.4600367190310317,3557.925925925926,4.0,0.112304706901545,0.01694915254237288,40
ACC00465,0.0017846563626468907,0.0016229287422964457,0.00677115987460815,0.07056451612903226,0.375,23,36,42,-0.07692307692307693,0.8895291550855152,76827.42,68340.23000000001,21,23,3.4518308757062157,2197.3611111111113,26.0,0.007313314925271442,0.01282051282051282,44
ACC00466,0.00178050692825449,0.0023352660072324363,0.002052466589671671,0.05846774193548387,0.4375,23,55,49,0.057692307692307696,1.3662207042344552,74730.51000000001,102098.37000000001,25,21,4.2824644736036825,1824.377358490566,3.0,0.06003554340145782,0.019230769230769232,47
ACC00467,0.00115870438696415,0.0012785990019242525,0.004844085134466259,0.06493506493506493,0.4090909090909091,22,33,26,0.11864406779661017,1.1527120638691675,45248.750000000015,52158.780000000006,17,14,3.691090298311492,2617.909090909091,19.0,-0.06820964951311878,0.01694915254237288,40
ACC00468,0.002368109338127258,0.002118213845336962,0.010028048176868504,0.06258890469416785,0.42105263157894735,23,52,51,0.009708737864077669,1.1341454585089008,102206.73999999999,115917.31,28,26,4.364228932692961,1842.9615384615386,20.0,0.10694075888121381,0.038834951456310676,47
ACC00469,0.0014822360282297341,0.0021721305985985253,0.005530440521366111,0.04873949579831933,0.3142857142857143,23,39,47,-0.09302325581395349,0.9988693917072642,73800.98000000003,73717.54,22,24,3.9625348294109073,1402.0,7.0,-0.05950104367008844,0.011627906976744186,47
ACC00470,0.0019107848899994158,0.0020027462584221406,0.01110047846889952,0.05574912891986063,0.21428571428571427,23,39,45,-0.07142857142857142,1.0626880619964143,77640.61999999998,82507.76000000002,25,26,4.18579288336301,1694.6842105263158,37.0,0.12304195949934305,0.05952380952380952,42
ACC00471,0.0013486456804117082,0.0015232957965598897,0.0011351262167959082,0.06324110671936758,0.391304347826087,23,28,36,-0.125,1.4439543389687535,50478.93000000001,72889.26999999999,16,16,3.4629992024390983,2395.1481481481483,27.0,-0.00020183604009203939,0.0,38
ACC00472,0.0020665501158840765,0.002241395494212566,0.0053291536050156735,0.049682875264270614,0.18181818181818182,23,48,49,-0.010309278350515464,1.066377516567448,96819.37999999998,103246.01000000002,24,28,3.8377105316437374,1509.6041666666667,3.0,0.04558035258524677,0.020618556701030927,46
ACC00473,0.003433597409637454,0.0022690273410869216,0.022956607820491668,0.05975609756097561,0.1951219512195122,23,32,45,-0.16883116883116883,0.8277964253911485,142103.38,117632.67000000003,25,24,2.4822799161176716,1221.125,10.0,0.05095169221220656,0.012987012987012988,41
ACC00474,0.0013666322078013352,0.001913128921490761,0.003959742616729912,0.06890756302521009,0.2857142857142857,23,44,61,-0.1619047619047619,1.2982403023581355,81482.18,105783.45000000001,22,23,3.8566787041829977,1680.8181818181818,10.0,0.11961590431019067,0.02857142857142857,44
ACC00475,0.001952159334553112,0.001761796651953581,0.0010592311499752515,0.056666666666666664,0.2,23,18,30,-0.25,0.9930948848085226,66996.71,66534.09,16,14,2.7621102533547286,1542.0,23.0,-0.016981004148342208,0.020833333333333332,34
ACC00476,0.0017586287480244704,0.001420723644274004,0.010694604850684705,0.06156156156156156,0.24324324324324326,23,43,34,0.11688311688311688,0.6214890408356899,86971.95999999999,54052.11999999999,21,25,3.94368363559491,1998.642857142857,9.0,-0.03567202055239578,0.03896103896103896,45
ACC00477,0.001178245489426257,0.0021352693548876063,0.0011879227850189738,0.05982905982905983,0.4074074074074074,23,32,49,-0.20987654320987653,1.7729932417602432,52441.17,92977.84000000001,20,18,3.7695267628755644,1550.2666666666667,3.0,-0.04830395409200148,0.0,48
ACC00478,0.0024273676787764592,0.0025280561922619914,0.0011087279326843754,0.06401137980085349,0.2894736842105263,23,47,48,-0.010526315789473684,0.957391143801005,112604.28999999996,107806.35000000003,22,27,3.9117280272707267,2252.127659574468,57.0,-0.00782332678882199,0.06315789473684211,50
ACC00479,0.0010237591910262395,0.0018190599814638586,0.001534400263982841,0.04516129032258064,0.25806451612903225,23,26,34,-0.13333333333333333,1.6915535379558724,42673.37,72184.29,20,19,3.8718632358517797,1915.8846153846155,78.0,0.017208126436601603,0.05,39
ACC00480,0.001210413142568616,0.0015286835833104662,0.003322884012539185,0.07792207792207792,0.45454545454545453,21,24,25,-0.02040816326530612,1.3348135542050332,48359.90000000001,64551.45,14,18,3.306152656213172,2399.0833333333335,76.0,-0.021487988362885152,0.0,36
ACC00481,0.005643034897381849,0.0024376269587774065,0.004547104438211516,0.06219512195121951,0.34146341463414637,23,72,49,0.19008264462809918,0.4256046906281435,373309.48999999993,158882.27,30,25,4.033563274511028,2231.4305555555557,48.0,-0.012706584588219376,0.01652892561983471,52
ACC00482,0.00170625733719482,0.002204996529849807,0.002491338063025903,0.07681365576102418,0.23684210526315788,23,42,43,-0.011764705882352941,1.1864125062296316,78014.24000000002,92557.06999999999,24,23,4.190795116838992,2877.6190476190477,7.0,-0.011014750836565909,0.011764705882352941,47
ACC00483,0.0025857545229855906,0.00276989919185164,0.002745421547599406,0.08333333333333333,0.24489795918367346,23,75,40,0.30434782608695654,1.0132949989670752,131471.23999999993,133219.15000000002,35,26,4.8996427090123404,1705.6756756756756,20.0,0.03152381670798539,0.017391304347826087,50
ACC00484,0.005424783569007268,0.0028453194691137954,0.005655832370895892,0.057692307692307696,0.35,23,64,42,0.20754716981132076,0.47446957318811744,301930.91000000015,143257.02999999997,29,25,4.028208749967278,3542.048387096774,13.0,0.008392141478938048,0.018867924528301886,49
ACC00485,0.002499096433041625,0.0024439825534074665,0.011021283616564922,0.047058823529411764,0.4857142857142857,23,59,48,0.102803738317757,1.0254747117849932,112280.76000000002,115141.08,25,27,4.111046453622845,1744.655172413793,23.0,0.06489849797063953,0.018691588785046728,48
ACC00486,0.003414530165456496,0.0025541472446621535,0.007909585876918,0.06829488919041157,0.2537313432835821,23,98,54,0.2894736842105263,0.7356854072913348,168336.26,123842.53000000004,53,31,5.396881828042219,1380.938775510204,3.0,0.0072778935471762675,0.019736842105263157,56
ACC00487,0.004560007247097757,0.003050023742641385,0.010885992410493317,0.06475485661424607,0.2127659574468085,23,73,44,0.24786324786324787,0.4722352397071043,294795.8100000001,139212.97000000003,33,24,4.230559308911645,1676.7123287671234,22.0,0.07234705449059758,0.0,47
ACC00488,0.0015187284557639054,0.002080022709632308,0.013093548919320243,0.06747638326585695,0.3333333333333333,23,41,49,-0.08888888888888889,1.4717481468978615,58771.72,86497.16999999998,25,27,4.235160404140142,1044.7560975609756,6.0,0.054236659382625375,0.011111111111111112,43
ACC00489,0.0029735957997114523,0.0025140353494968607,0.004524005939613925,0.06442307692307692,0.16923076923076924,23,87,51,0.2608695652173913,0.884731147365015,147008.22999999995,130062.75999999998,47,29,5.21027849101276,1559.6436781609195,19.0,0.04013575868331591,0.014492753623188406,53
ACC00490,0.0032203913743231094,0.0024743190316543913,0.00782709123906946,0.060129509713228495,0.2553191489361702,23,68,49,0.1623931623931624,0.6305795853666973,214211.93,135077.66999999998,32,27,4.227381534283289,1218.5692307692307,14.0,0.08261022971063942,0.02564102564102564,47
ACC00491,0.0015980178808754856,0.002256070555320819,0.0009866358686685364,0.06451612903225806,0.2903225806451613,23,40,48,-0.09090909090909091,1.5102486054319566,70423.24,106356.59999999999,20,20,3.996199669439798,1615.05,8.0,0.06098440825263346,0.011363636363636364,45
ACC00492,0.0024826675735805763,0.002081794777490406,0.01820161689490183,0.08069381598793364,0.1346153846153846,23,67,30,0.38144329896907214,0.7935848104905268,120340.95000000001,95500.74999999997,40,19,4.792520285280682,2689.8870967741937,42.0,-0.014563997123916102,0.020618556701030927,48
ACC00493,0.0038229479936518792,0.002408647268324984,0.0024979376340537865,0.0641025641025641,0.4,23,66,54,0.1,0.5083554492189553,236824.49000000002,120391.01999999997,29,27,3.930124959539975,1613.909090909091,9.0,0.0015139165000137686,0.0,53
ACC00494,0.0012886954417934532,0.001544595531145517,0.0032667876588021775,0.05846774193548387,0.1875,23,27,28,-0.01818181818181818,1.1186742804877028,54753.06,61250.84000000002,17,21,3.5639444837903334,2701.6666666666665,293.0,0.025826556904104857,0.0,32
ACC00495,0.002589341460682208,0.0019493232879167948,0.018135621184623,0.060408163265306125,0.18,23,77,29,0.4528301886792453,0.7761120862003265,111112.34000000003,86235.63,36,23,4.812337297925712,2592.2987012987014,15.0,-0.05248982971455146,0.0,53
ACC00496,0.0061762075021682405,0.0026493191757200646,0.006652367596106253,0.047435897435897434,0.45,23,74,60,0.1044776119402985,0.4495663108371416,307810.31999999995,138381.15,30,28,4.116755946583361,1268.3108108108108,4.0,-0.00372621442206104,0.03731343283582089,55
ACC00497,0.00141772772022638,0.0020744836520232763,0.008114172578782379,0.06984126984126984,0.2222222222222222,23,38,43,-0.06172839506172839,1.693858754896603,55178.549999999996,93464.66999999995,20,24,3.8081684554670394,3807.972222222222,18.0,0.009225843008265334,0.012345679012345678,42
ACC00498,0.003939915158654538,0.002334821043788577,0.003840950338228015,0.049094097019286964,0.22033898305084745,23,97,49,0.3287671232876712,0.6354088060237143,175571.40999999992,111559.61999999997,44,28,5.144498948069748,1751.494623655914,27.0,0.05158092607375212,0.00684931506849315,53
ACC00499,0.005284162083900948,0.0032662381182968136,0.00733047351922125,0.05668016194331984,0.1794871794871795,23,56,42,0.14285714285714285,0.5326196544650855,295999.6099999999,157655.21000000002,26,20,3.685419697380458,2701.6603773584907,63.0,-0.018419660349927564,0.01020408163265306,50
ACC00500,0.0017428154280225497,0.0017961474471064097,0.003157894736842105,0.05443548387096774,0.46875,23,47,38,0.10588235294117647,0.8842188389329827,80942.26999999997,71570.67999999998,25,22,4.412122442276497,2267.936170212766,18.0,0.09712920585835715,0.047058823529411764,44
ACC00501,0.0015311195751477966,0.00029053147648760676,0.0,0.0,0.0,1,1,0,1.0,0.0,943620.5,0.0,1,0,-0.0,999999.0,999999.0,0.0,0.0,1
ACC00502,0.0019962533190642754,0.00029053147648760676,0.0,0.0,0.0,1,1,0,1.0,0.0,1211879.17,0.0,1,0,-0.0,999999.0,999999.0,0.0,0.0,1
ACC00503,0.0014778321270624679,0.0007474235371043518,0.003444976076555024,0.0,0.0,1,1,1,0.0,0.9642801071652201,1274017.82,1228510.04,1,1,-0.0,162.0,162.0,0.0,0.0,1
ACC00504,0.0010671645230292642,0.0006804726003235724,0.0,0.05,0.0,16,15,1,0.875,0.9225783389240629,36870.560000000005,34015.98,15,1,3.7118533326757217,226.86666666666667,100.0,0.10152533534681103,0.0625,2
ACC00505,0.002192266615952808,0.0016286311464781206,0.0,0.06923076923076923,0.0,23,39,1,0.95,0.9297380901637848,103040.04000000001,95800.25,39,1,5.0801217799524485,164.56410256410257,39.0,0.13037575066205212,0.0,1
ACC00506,0.002409545250686258,0.0010374071821051011,0.0,0.05121951219512195,0.0,23,40,1,0.9512195121951219,0.9533092520125003,117986.32999999999,112477.46,40,1,5.184486643881189,173.2,69.0,0.2676522309177175,0.024390243902439025,1
ACC00507,0.0024082960411974707,0.0005374912112393171,0.0017257878237914533,0.0,0.0,1,1,1,0.0,0.98774042470943,2178711.69,2152001.61,1,1,-0.0,26.0,26.0,0.0,0.5,1
ACC00508,0.0014615508919646348,0.0009899430035142476,0.0,0.030303030303030304,0.0,22,21,1,0.9090909090909091,0.9235826898409867,54292.28,50143.41,21,1,4.1411114257244,211.76190476190476,103.0,0.153888443197584,0.0,1
ACC00509,0.001066096892792475,0.0007928678504504531,0.0,0.04678362573099415,0.0,19,18,1,0.8947368421052632,0.923747794544898,42491.229999999996,39251.18,18,1,3.963743023629198,274.6666666666667,176.0,0.2600367792771426,0.0,1
ACC00510,0.0017400476644399612,0.00029053147648760676,0.0,0.0,0.0,1,1,0,1.0,0.0,1061589.27,0.0,1,0,-0.0,999999.0,999999.0,0.0,0.0,1
ACC00511,0.00232393134169972,0.0009250948385765178,0.0,0.05128205128205128,0.0,23,38,1,0.9487179487179487,0.9344661982830786,102588.28000000001,95865.28,38,1,5.057682338721167,154.73684210526315,46.0,0.06510280644878919,0.0,1
ACC00513,0.0014511514790483994,0.0011163526468341493,0.0,0.06884057971014493,0.0,23,23,1,0.9166666666666666,0.9582205359071408,59306.17,56828.39,23,1,4.307870831206051,195.30434782608697,95.0,0.1960500521452058,0.9166666666666666,2
ACC00514,0.0019668302956274966,0.0007474235371043518,0.003444976076555024,0.0,0.0,1,1,1,0.0,0.9368338073690061,1382329.16,1295012.69,1,1,-0.0,125.0,125.0,0.0,0.0,1
ACC00515,0.001742177479906017,0.0010084221905708414,0.0,0.053763440860215055,0.0,23,30,1,0.9354838709677419,0.9549998353524812,72579.29000000002,69313.21,30,1,4.65308720363174,288.6333333333333,185.0,0.41592410667324325,0.03225806451612903,2
ACC00516,0.0013217250489628283,0.0007474235371043517,0.003444976076555024,0.0,0.0,1,1,1,0.0,0.900045934422775,1066150.33,959584.27,1,1,-0.0,69.0,69.0,0.0,0.0,1
ACC00517,0.0018148819154206516,0.00109993398248141,0.0,0.06554621848739496,0.0,23,34,1,0.9428571428571428,0.9508739057208397,74129.85,70488.14,34,1,4.823849746734706,277.11764705882354,159.0,0.42457981312058846,0.02857142857142857,2
ACC00518,0.0021333561799062703,0.0011348004487010959,0.0,0.05832147937411095,0.0,23,37,1,0.9473684210526315,0.9303690537317909,107445.32999999999,99963.81,37,1,5.052680200127535,160.24324324324326,44.0,0.07608140897234528,0.0,1
ACC00519,0.002062363603891319,0.000986572970676551,0.0,0.07389162561576355,0.0,23,28,1,0.9310344827586207,0.9563529193649545,82848.83999999998,79232.73,28,1,4.6671096402717,171.03571428571428,48.0,0.08918104972028,0.0,1
ACC00520,0.00195888727452571,0.0010813774846133086,0.0,0.054924242424242424,0.0,23,32,1,0.9393939393939394,0.9661702876490152,87341.85999999999,84387.11,32,1,4.849079692741398,267.46875,153.0,0.3676402992188325,0.9393939393939394,2
ACC00521,0.002079726130810348,0.0007474235371043518,0.003444976076555024,0.0,0.0,1,1,1,0.0,0.9398449145043242,2263946.08,2127758.21,1,1,-0.0,16.0,16.0,0.0,0.0,1
ACC00522,0.00235754892412754,0.00029053147648760676,0.0,0.0,0.0,1,1,0,1.0,0.0,2152001.61,0.0,1,0,-0.0,999999.0,999999.0,0.0,1.0,1
ACC00523,0.0015423540434023049,0.0009140202718764904,0.0,0.06769230769230769,0.0,23,25,1,0.9230769230769231,0.9655682102588823,66605.89000000001,64312.53,25,1,4.481004482365768,187.64,68.0,0.05125650423727141,0.0,1
ACC00524,0.001982884234640718,0.0005374912112393171,0.0017257878237914533,0.0,0.0,1,1,1,0.0,0.935804860723025,1295012.69,1211879.17,1,1,-0.0,69.0,69.0,0.0,0.0,1
ACC00525,0.0020760585321988427,0.00029053147648760676,0.0,0.0,0.0,1,1,0,1.0,0.0,1947899.84,0.0,1,0,-0.0,999999.0,999999.0,0.0,0.0,1
ACC00526,0.0019385988308173252,0.0011303615739179434,0.0,0.06825396825396825,0.0,23,35,1,0.9444444444444444,0.9011168541896495,91263.48000000001,82239.06,35,1,4.966290974876313,199.34285714285716,112.0,0.31212412850966825,0.0,1
ACC00527,0.0024681838941282125,0.0007474235371043518,0.003444976076555024,0.0,0.0,1,1,1,0.0,0.901145613525508,2417713.25,2178711.69,1,1,-0.0,86.0,86.0,0.0,0.0,1
ACC00528,0.002078644342360843,0.0005374912112393171,0.0017257878237914533,0.0,0.0,1,1,1,0.0,0.9154704847784374,2127758.21,1947899.84,1,1,-0.0,150.0,150.0,0.0,0.0,1
ACC00529,0.002188994504006834,0.0014492452183747164,0.0,0.05547652916073969,0.0,23,37,1,0.9473684210526315,0.9296743750138522,94750.1,88086.74,37,1,4.969148797051215,210.16216216216216,110.0,0.34087740230722263,0.0,1
ACC00530,0.0010794165875089396,0.0005900742476734359,0.0,0.08333333333333333,0.0,16,15,1,0.875,0.9198704013181322,46781.340000000004,43032.77,15,1,3.7275346531796876,169.13333333333333,35.0,-0.19662208014881183,0.0,1
ACC00532,0.0013273476398304078,0.0007324449632726859,0.0,0.05128205128205128,0.0,23,26,1,0.9259259259259259,0.9586214019427594,65839.34999999999,63115.01,26,1,4.467716570285062,203.26923076923077,103.0,0.2327599185957691,0.0,1
ACC00533,0.0011061562003619638,0.001015208332643449,0.0,0.03333333333333333,0.0625,16,16,1,0.8823529411764706,0.9406806064710063,37199.469999999994,34992.82,16,1,3.736195978836564,293.625,154.0,0.19525071014456097,0.0,1
ACC00534,0.0019118351207507646,0.0013775573520526069,0.0,0.04827586206896552,0.03333333333333333,23,30,1,0.9354838709677419,0.958989609294428,90146.91000000003,86449.95,30,1,4.691942807693671,213.56666666666666,109.0,0.27804201477447726,0.0,1
ACC00535,0.0014657359565584823,0.001143737583406081,0.0,0.08666666666666667,0.0,23,24,1,0.92,0.9098207930863004,66400.34000000001,60412.41,24,1,4.340893718475261,213.625,93.0,0.14952859929722928,0.0,1
ACC00536,0.001641838552784278,0.00029053147648760676,0.0,0.0,0.0,1,1,0,1.0,0.0,1205423.57,0.0,1,0,-0.0,999999.0,999999.0,0.0,0.0,1
ACC00537,0.002034553867160037,0.00029053147648760676,0.0,0.0,0.0,1,1,0,1.0,0.0,741956.55,0.0,1,0,-0.0,999999.0,999999.0,0.0,0.0,1
ACC00538,0.0017482741842066315,0.00041257540324063266,0.0,0.06451612903225806,0.0,23,31,1,0.9375,0.9443924974862877,84327.46999999999,79638.23,30,1,4.716142539782461,296.35483870967744,188.0,0.43992777812800454,0.0,1
ACC00539,0.0016784271380002997,0.0005374912112393171,0.0017257878237914533,0.0,0.0,1,1,1,0.0,0.988198320412637,1074267.43,1061589.27,1,1,-0.0,79.0,79.0,0.0,0.0,1
ACC00540,0.0020198070151203062,0.0007474235371043517,0.003444976076555024,0.0,0.0,1,1,1,0.0,0.9647125146091284,820428.82,791477.95,1,1,-0.0,153.0,153.0,0.0,0.0,1
ACC00541,0.0014346144109280918,0.0005374912112393171,0.0017257878237914533,0.0,0.0,1,1,1,0.0,0.9833638686053076,959584.27,943620.5,1,1,-0.0,37.0,37.0,0.0,0.0,1
ACC00542,0.0016090061094700407,0.0007474235371043518,0.003444976076555024,0.0,0.0,1,1,1,0.0,0.9215662441264991,1165697.46,1074267.43,1,1,-0.0,32.0,32.0,0.0,0.0,1
ACC00543,0.0014128044568012805,0.0011351490469258452,0.0,0.06432748538011696,0.0,19,18,1,0.8947368421052632,0.9017716139670005,53867.829999999994,48576.48,18,1,4.0485543158703114,311.1111111111111,213.0,0.35462344569742293,0.6842105263157895,2
ACC00544,0.0020862992246870353,0.0014698793006980085,0.0,0.07435897435897436,0.0,23,39,1,0.95,0.913943826165965,95069.53000000001,86888.21,39,1,5.049869328275893,280.4102564102564,168.0,0.4333278165988313,0.0,1
ACC00545,0.002234942156440814,0.0014736227659848458,0.0,0.06970128022759602,0.0,23,37,1,0.9473684210526315,0.9215450873555866,95781.51000000001,88266.98,37,1,4.989929504998853,264.8378378378378,144.0,0.3831633050648061,0.0,1
ACC00546,0.0015664641917897582,0.0005374912112393171,0.0017257878237914533,0.0,0.0,1,1,1,0.0,0.9812077482085535,1228510.04,1205423.57,1,1,-0.0,33.0,33.0,0.0,0.0,1
ACC00547,0.0015108218528643537,0.0007692434935070498,0.0,0.05194805194805195,0.0,22,21,1,0.9090909090909091,0.9248067521695467,55173.97,51025.26,21,1,4.149283309283109,282.04761904761904,170.0,0.2978592324755502,0.0,1
ACC00548,0.0014617924925448712,0.0008929035536143887,0.0,0.056666666666666664,0.0,23,24,1,0.92,0.9190239859395186,67058.87,61628.71,24,1,4.454984769322199,318.2083333333333,192.0,0.37141360482598784,0.0,1
ACC00549,0.002028970392287683,0.0005374912112393171,0.0017257878237914533,0.0,0.0,1,1,1,0.0,0.9374317376750674,791477.95,741956.55,1,1,-0.0,76.0,76.0,0.0,0.0,1
ACC00550,0.0021515076189167087,0.0012777144737502206,0.0,0.06401137980085349,0.0,23,37,1,0.9473684210526315,0.9218189410721909,107426.02,99027.34,37,1,5.051861189490932,154.1891891891892,42.0,0.10355287362836241,0.02631578947368421,1
