account_id,pagerank,reverse_pagerank,betweenness_centrality,clustering_coefficient,reciprocity,core_number,in_degree,out_degree,degree_imbalance,flow_ratio,total_inflow,total_outflow,unique_senders,unique_receivers,counterparty_entropy,avg_dwell_time_min,min_dwell_time_min,burstiness,off_hours_ratio,active_days,risk_score,risk_tier,score_out_degree,score_unique_receivers
ACC00001,0.0023716386279833,0.0019901907734227,0.0108067975581587,0.0497866287339971,0.3157894736842105,23,46,47,-0.010752688172043,0.7791244074930054,93144.47,72571.13000000002,23,27,3.698395356500777,2056.7073170731705,54.0,-0.0642850697913672,0.0,51,0.3082579185520362,MEDIUM,0.3088235294117647,0.3076923076923077
ACC00002,0.0018017424262748,0.0022142010531735,0.0066853654512456,0.0552584670231729,0.4411764705882353,23,46,51,-0.0515463917525773,1.1512984681593146,82276.17999999998,94724.44,24,25,4.105667795475117,1759.7391304347825,14.0,0.0559547407984915,0.0103092783505154,47,0.30448717948717946,MEDIUM,0.25,0.3589743589743589
ACC00003,0.0008897888602798,0.0025485135873384,0.00101303415278,0.057471264367816,0.2666666666666666,23,23,50,-0.3698630136986301,3.514088639319896,32550.34,114384.77999999998,12,26,3.0691853316995776,1703.5217391304348,43.0,0.005089495181239,0.0273972602739726,43,0.29901960784313725,LOW,0.2647058823529411,0.33333333333333337
ACC00004,0.0025565601308572,0.0025021325354486,0.003953143045702,0.069069069069069,0.4054054054054054,23,59,53,0.0535714285714285,0.9266716131314096,119654.48000000004,110880.41000000002,23,29,3.9672414254727686,1321.6727272727271,2.0,0.0171373661378827,0.0178571428571428,51,0.23849924585218701,LOW,0.22058823529411764,0.2564102564102564
ACC00005,0.0016411081331743,0.0019606859841224,0.0048341857779244,0.0588235294117647,0.2571428571428571,23,45,33,0.1538461538461538,1.0751138413059178,81697.05999999997,87833.64000000001,22,22,3.773929003767009,2701.3636363636365,47.0,0.0330668528937712,0.0256410256410256,40,0.4753016591251885,MEDIUM,0.5147058823529411,0.4358974358974359
ACC00006,0.0019132193135271,0.0026257450879503,0.0010493317934334,0.0730837789661319,0.5294117647058824,23,53,64,-0.094017094017094,1.107764895131066,105332.91,116684.1,24,28,3.79777795377851,1241.5,34.0,0.0394351706755866,0.0085470085470085,52,0.17043740573152338,LOW,0.05882352941176472,0.28205128205128205
ACC00007,0.0024260857478235,0.0015301811380743,0.0020722653027553,0.0621848739495798,0.2571428571428571,23,41,40,0.0123456790123456,0.7373740705622603,101256.11,74663.62999999999,22,22,3.646937149642335,2845.475,34.0,-0.0014054184184955,0.0123456790123456,45,0.4238310708898944,MEDIUM,0.4117647058823529,0.4358974358974359
ACC00008,0.0041217325847895,0.0016701183861791,0.014915030523016,0.0634920634920634,0.3611111111111111,23,49,44,0.053763440860215,0.3220599170365105,213828.99999999997,68865.75,23,26,2.7361061207686848,1950.2083333333333,52.0,-0.0827690693365957,0.021505376344086,53,0.3431372549019608,MEDIUM,0.3529411764705882,0.33333333333333337
ACC00009,0.0022582875531922,0.0020684833271894,0.0013100148490348,0.0840336134453781,0.3714285714285714,23,51,36,0.1724137931034483,0.7193169192697526,103335.37,74330.88000000002,24,24,4.064774267664285,2341.458333333333,12.0,-0.0432082258094328,0.0229885057471264,48,0.4276018099547511,MEDIUM,0.47058823529411764,0.3846153846153846
ACC00010,0.0018922278225589,0.0019948900920694,0.0030028048176868,0.0681818181818181,0.3636363636363636,23,41,45,-0.0465116279069767,1.137189211340666,85651.05000000002,97401.44999999998,22,23,3.967159408669692,2615.9756097560976,22.0,0.0257919425558124,0.0116279069767441,46,0.37424585218702866,MEDIUM,0.3382352941176471,0.41025641025641024
ACC00011,0.0019609461788503,0.0028503234012726,0.0152087114337568,0.048048048048048,0.4324324324324324,23,50,60,-0.0909090909090909,1.198864118509243,92507.88999999998,110904.39,27,26,4.191160861026214,1075.12,13.0,0.0634769111591308,0.0272727272727272,48,0.2254901960784314,LOW,0.11764705882352944,0.33333333333333337
ACC00012,0.0017299848209534,0.0018887474696053,0.0018280811747236,0.0521008403361344,0.2571428571428571,23,32,38,-0.0857142857142857,1.201519715987504,67112.54,80637.04,19,25,3.822177946082296,1745.9375,98.0,-0.0344152015758802,0.0142857142857142,42,0.4000754147812971,MEDIUM,0.4411764705882353,0.3589743589743589
ACC00013,0.0022091198974195,0.0022312477316458,0.0058472199307045,0.0714285714285714,0.4444444444444444,23,57,55,0.0178571428571428,0.7613851836923973,123259.32,93847.81999999998,25,27,3.990350929436116,1602.280701754386,5.0,0.0287116514706053,0.0357142857142857,50,0.2494343891402715,LOW,0.19117647058823528,0.3076923076923077
ACC00014,0.0016226115465081,0.001653086253556,0.017511961722488,0.0545876887340302,0.2619047619047619,23,42,41,0.0120481927710843,0.9497273834858648,75446.64000000001,71653.73999999999,25,28,3.9069126670709,1627.9268292682927,25.0,0.068310633943094,0.036144578313253,43,0.3395550527903469,MEDIUM,0.3970588235294118,0.28205128205128205
ACC00015,0.0024550997016542,0.0025375166581086,0.0063058901171423,0.0597560975609756,0.3414634146341463,23,61,55,0.0517241379310344,0.657156882735274,143207.6,94109.86000000002,27,28,3.862961812118068,1840.2166666666667,9.0,-0.0219009604519779,0.0172413793103448,54,0.23661387631975866,LOW,0.19117647058823528,0.28205128205128205
ACC00016,0.0026107394340579,0.0023232468328556,0.0093350932189407,0.0492424242424242,0.3333333333333333,23,48,39,0.1034482758620689,22.148829247562887,112316.23,2487673.0,20,24,3.7502840239606257,2404.1521739130435,3.0,-0.0426598899600239,0.0229885057471264,49,0.40554298642533937,MEDIUM,0.42647058823529416,0.3846153846153846
ACC00017,0.0021506507995887,0.0019068812486035,0.0061969971951823,0.0482758620689655,0.3666666666666666,23,46,37,0.108433734939759,0.7102796843753254,104375.87000000004,74136.06000000003,21,20,3.7871869210407194,2058.688888888889,17.0,0.0438667213876301,0.0240963855421686,43,0.47153092006033187,MEDIUM,0.4558823529411765,0.4871794871794872
ACC00018,0.0018964920342742,0.0016853426603214,0.0073387229830061,0.0623885918003565,0.3529411764705882,23,54,40,0.1489361702127659,0.7122569940496716,92067.19000000005,65575.50000000001,23,23,3.962550387944833,1578.2884615384614,9.0,-0.0135942862855711,0.0638297872340425,49,0.4110105580693816,MEDIUM,0.4117647058823529,0.41025641025641024
ACC00019,0.0025994318199532,0.001705371944977,0.0118528295660782,0.0621951219512195,0.3902439024390244,23,67,46,0.1858407079646017,0.6176095022551074,133226.47999999995,82281.93999999999,36,21,4.374922128688947,1550.4,4.0,-0.0022668129219814,0.0176991150442477,52,0.3925339366515837,MEDIUM,0.32352941176470584,0.46153846153846156
ACC00020,0.0014133742916904,0.0016639129392589,0.0021151625144365,0.057471264367816,0.3666666666666666,23,39,43,-0.048780487804878,1.0004231332314462,68441.80000000002,68470.76000000001,19,22,3.783419529566505,2039.5641025641023,27.0,0.0966083743598675,0.0,44,0.40177224736048267,MEDIUM,0.36764705882352944,0.4358974358974359
ACC00021,0.0031221796152308,0.0017362248028294,0.0098333608315459,0.0584677419354838,0.40625,23,51,41,0.108695652173913,0.4705949313723999,151098.1,71106.00000000001,22,23,3.3234175782323248,1759.6470588235295,12.0,0.0730127897013967,0.0108695652173913,43,0.403657616892911,MEDIUM,0.3970588235294118,0.41025641025641024
ACC00022,0.0019171335141962,0.0022801730893268,0.0005444646098003,0.0806451612903225,0.375,23,37,46,-0.108433734939759,1.2430662312849268,78006.63999999998,96967.42,19,25,3.894701575506205,1644.25,4.0,-0.0471600586993447,0.0120481927710843,51,0.3412518853695324,MEDIUM,0.32352941176470584,0.3589743589743589
ACC00023,0.0016636661887736,0.0023648736247689,0.0095297805642633,0.0717948717948717,0.325,23,50,51,-0.0099009900990099,1.2140299925099312,85005.88999999998,103199.7,27,26,4.164036025542391,1878.212765957447,3.0,0.0264438944593054,0.0297029702970297,47,0.2916666666666667,LOW,0.25,0.33333333333333337
ACC00024,0.0019254475740556,0.0014918501248955,0.0121399109057911,0.0482758620689655,0.5,23,45,40,0.0588235294117647,0.8307622895823855,79082.01999999997,65698.35999999999,25,20,3.816743192266553,1884.4102564102564,24.0,-0.0519807671134829,0.0117647058823529,48,0.4494720965309201,MEDIUM,0.4117647058823529,0.4871794871794872
ACC00025,0.0027400254384871,0.00247483172941,0.0006665566738162,0.0967741935483871,0.5,23,53,55,-0.0185185185185185,0.9391390736145184,123496.97000000004,115980.83000000002,23,25,4.189787840539569,1244.811320754717,75.0,0.0324507374565178,0.0092592592592592,50,0.2750754147812971,LOW,0.19117647058823528,0.3589743589743589
ACC00026,0.0021632794042605,0.002114429750226,0.0061639993400428,0.0555555555555555,0.3888888888888889,23,48,43,0.0549450549450549,0.8131359203842055,100335.87,81586.69999999998,27,23,4.234028514068431,1814.1063829787236,10.0,-0.0418165416758222,0.0329670329670329,47,0.38895173453996984,MEDIUM,0.36764705882352944,0.41025641025641024
ACC00027,0.0016540004231446,0.0015372048104799,0.0048935819171753,0.0592334494773519,0.238095238095238,23,43,42,0.0117647058823529,0.7851900943271956,88059.43999999999,69143.40000000001,27,25,4.274748854107767,2386.268292682927,16.0,0.0344294567516915,0.0352941176470588,47,0.37066365007541474,MEDIUM,0.38235294117647056,0.3589743589743589
ACC00028,0.0019968192708263,0.0019658244214479,0.0114931529450585,0.0585585585585585,0.4324324324324324,23,45,51,-0.0625,1.152978256084018,80859.39999999997,93229.13,28,25,3.8151472964455913,1522.3181818181818,1.0,-0.0197400991677031,0.0208333333333333,49,0.30448717948717946,MEDIUM,0.25,0.3589743589743589
ACC00029,0.0010597306545958,0.0014662803471987,0.0016102953308034,0.0461538461538461,0.3846153846153846,23,25,35,-0.1666666666666666,1.2029651457267805,50069.04,60231.30999999999,18,18,3.441844704436309,2373.708333333333,13.0,-0.0021325356558746,0.0,34,0.5118778280542986,MEDIUM,0.4852941176470589,0.5384615384615384
ACC00030,0.0021109693818856,0.0023661420270346,0.0033030852994555,0.0967741935483871,0.3870967741935484,23,36,53,-0.1910112359550561,0.9668052897029618,97302.25,94072.33,21,22,3.824182002580322,1660.9722222222222,10.0,-0.072498468883214,0.0337078651685393,50,0.32824283559577677,MEDIUM,0.22058823529411764,0.4358974358974359
ACC00031,0.0009640593298028,0.0014330328316221,0.0058307210031347,0.0474308300395256,0.2608695652173913,23,14,26,-0.3,1.5078447198421063,36140.87,54494.81999999999,11,18,2.6277383029658936,7520.428571428572,106.0,-0.0611661546910375,0.0,30,0.5780542986425339,MEDIUM,0.6176470588235294,0.5384615384615384
ACC00032,0.0016561173715338,0.0010816833129875,0.0032601880877742,0.0776515151515151,0.2424242424242424,23,41,28,0.1884057971014492,0.688204374911998,72583.86000000002,49952.52999999999,24,17,3.935841782781036,2816.878048780488,41.0,0.0247331295286802,0.0,38,0.5761689291101055,MEDIUM,0.5882352941176471,0.5641025641025641
ACC00033,0.0015868222802243,0.0021680610417618,0.0041676291041082,0.0492424242424242,0.3333333333333333,23,28,41,-0.1884057971014492,1.4329957572403618,59630.99999999999,85450.96999999999,20,24,3.8613175656556047,1994.6538461538464,2.0,-0.0281936492863742,0.0,42,0.3908371040723982,MEDIUM,0.3970588235294118,0.3846153846153846
ACC00034,0.0016580312292432,0.0026659339000236,0.0006863553868998,0.0445344129554655,0.282051282051282,23,34,49,-0.180722891566265,1.7867703789946234,69691.48999999999,124522.69,21,29,4.017380673013909,2150.0,23.0,0.0785504813130054,0.036144578313253,40,0.2679110105580694,LOW,0.27941176470588236,0.2564102564102564
ACC00035,0.0010579590509207,0.0014718150397964,0.0045306055106418,0.0817204301075268,0.3548387096774194,23,27,33,-0.1,1.4685416208625597,42299.7,62118.87000000002,20,22,3.883650609790102,1530.68,3.0,0.0557475458002933,0.0166666666666666,37,0.4753016591251885,MEDIUM,0.5147058823529411,0.4358974358974359
ACC00036,0.0019891857487145,0.0021075611124388,0.0042765220260683,0.0505747126436781,0.4666666666666667,23,54,44,0.1020408163265306,0.7121598383475881,101650.2,72391.19,23,21,3.969506615516442,1801.8846153846157,7.0,-0.001485997376006,0.0510204081632653,51,0.4072398190045249,MEDIUM,0.3529411764705882,0.46153846153846156
ACC00037,0.0008170425297172,0.0013416281993917,0.0016267942583732,0.0533333333333333,0.28,23,20,31,-0.2156862745098039,2.374167931180156,26393.55,62662.72,12,20,3.070542803483331,2083.777777777778,109.0,-0.0720534724109886,0.0196078431372549,38,0.5156485671191554,MEDIUM,0.5441176470588236,0.4871794871794872
ACC00038,0.0013057165199933,0.0018807566275644,0.0034218775779574,0.0659536541889483,0.2647058823529412,23,41,53,-0.1276595744680851,1.661365033327112,58405.9,97033.51999999996,22,21,3.778578547233072,1490.2926829268292,26.0,0.0115402103894319,0.0319148936170212,49,0.3410633484162896,MEDIUM,0.22058823529411764,0.46153846153846156
ACC00039,0.0019234171495457,0.0025355276390572,0.0050222735522191,0.0566801619433198,0.282051282051282,23,47,46,0.010752688172043,1.0884662031642622,94482.07,102840.54000000004,25,25,3.898438217228095,1688.0,3.0,0.0134881675811049,0.021505376344086,47,0.3412518853695324,MEDIUM,0.32352941176470584,0.3589743589743589
ACC00040,0.0014047412709941,0.0023037829279176,0.0061738986965847,0.0685483870967741,0.3125,23,32,49,-0.2098765432098765,1.7128403079531955,56882.670000000006,97430.93,19,23,3.8591185135812434,1743.0645161290322,50.0,0.0471846565510049,0.0493827160493827,43,0.3448340874811463,MEDIUM,0.27941176470588236,0.41025641025641024
ACC00041,0.0019206199380658,0.0017867026352346,0.000620359676621,0.057057057057057,0.2162162162162162,23,35,45,-0.125,0.8962821077711414,93142.56,83482.01,23,22,3.943275052209784,2402.8823529411766,50.0,-0.0291657897471605,0.0125,47,0.3870663650075415,MEDIUM,0.3382352941176471,0.4358974358974359
ACC00042,0.002085899526868,0.0012437498538764,0.0038343507672001,0.0761904761904762,0.2777777777777778,23,43,32,0.1466666666666666,0.5743497092427818,99252.91,57005.87999999999,25,21,3.998664629857803,3032.3571428571427,6.0,-0.0801525830130077,0.04,45,0.49547511312217196,MEDIUM,0.5294117647058824,0.46153846153846156
ACC00043,0.0034078289752836,0.0019932893567077,0.0030589011714238,0.0735632183908046,0.3666666666666666,23,35,29,0.09375,0.4616060694674594,147729.6,68192.88,21,20,3.4365458827518247,2523.9117647058824,94.0,0.0406574533765642,0.0625,36,0.5303544494720965,MEDIUM,0.5735294117647058,0.4871794871794872
ACC00044,0.0013699197366841,0.001757626213838,0.0021877577957432,0.0826210826210826,0.3703703703703703,23,30,42,-0.1666666666666666,1.2610056302383748,60977.880000000005,76893.45,15,22,3.460532738547915,2033.3333333333333,50.0,0.0079279128361412,0.0416666666666666,44,0.40912518853695323,MEDIUM,0.38235294117647056,0.4358974358974359
ACC00045,0.0023848961822979,0.0027860256211483,0.0171324863883847,0.0768292682926829,0.3902439024390244,23,58,54,0.0357142857142857,1.069564727381937,125463.43999999996,134191.27,30,27,3.962688942321368,1602.8245614035088,13.0,0.0059287184952901,0.0357142857142857,51,0.2567873303167421,LOW,0.20588235294117652,0.3076923076923077
ACC00046,0.0017323156555941,0.0017605632793703,0.013275037122587,0.0597701149425287,0.3666666666666666,23,27,37,-0.15625,0.9246221851730924,70105.10999999999,64820.740000000005,19,22,3.239655896500888,1984.4615384615383,10.0,0.0999749512436695,0.015625,37,0.4458898944193062,MEDIUM,0.4558823529411765,0.4358974358974359
ACC00047,0.0013584323326755,0.0011016354016233,0.0068635538689985,0.0933333333333333,0.28,23,23,28,-0.0980392156862745,0.7573671109599562,47750.73999999999,36164.84000000001,13,19,3.2415846260076875,3652.1739130434794,178.0,-0.0152083806927024,0.0,33,0.55052790346908,MEDIUM,0.5882352941176471,0.5128205128205128
ACC00048,0.0019788445377929,0.002475925767592,0.0024022438541494,0.0698412698412698,0.3888888888888889,23,39,59,-0.2040816326530612,1.5757358924087292,78471.04999999999,123649.65,21,29,4.071390860980973,1464.3513513513512,21.0,0.0796079542443608,0.010204081632653,43,0.19438159879336347,LOW,0.13235294117647056,0.2564102564102564
ACC00049,0.0023413747321358,0.0025592713316077,0.0277874938129021,0.0583214793741109,0.4473684210526316,23,53,59,-0.0535714285714285,0.7954058179436886,124607.6,99113.60999999996,23,32,4.033952573183282,1625.9056603773586,17.0,-0.0184815520606228,0.0714285714285714,55,0.15592006033182504,LOW,0.13235294117647056,0.17948717948717952
ACC00050,0.0017417808992209,0.0017942394675068,0.000729252598581,0.037037037037037,0.4642857142857143,23,43,40,0.036144578313253,1.0442812962143373,74111.2,77392.93999999999,21,20,4.0496123720340025,2090.928571428572,25.0,-0.0385416606350091,0.0240963855421686,47,0.4494720965309201,MEDIUM,0.4117647058823529,0.4871794871794872
ACC00051,0.0016186898408584,0.0021211983106865,0.0051707639003464,0.0730837789661319,0.2647058823529412,23,35,53,-0.2045454545454545,0.983951350201958,83616.38000000002,82274.45000000001,20,23,3.462293354695763,1453.9,1.0,0.00383216477993,0.034090909090909,47,0.31542232277526394,MEDIUM,0.22058823529411764,0.41025641025641024
ACC00052,0.0024822757740449,0.0021170472092125,0.0050387724797888,0.0661268556005398,0.3846153846153846,23,64,56,0.0666666666666666,0.8575016156877667,119391.88,102378.72999999997,27,27,4.284071746507604,1804.1129032258063,20.0,0.0690982518139774,0.0166666666666666,48,0.24208144796380093,LOW,0.17647058823529416,0.3076923076923077
ACC00053,0.0015218628100496,0.0018665145404174,0.0018445801022933,0.0512820512820512,0.3703703703703703,23,35,33,0.0294117647058823,1.1966241247061882,67972.89000000001,81338.00000000003,19,18,3.588254854713862,1732.5882352941176,10.0,-0.0427975991104811,0.0,43,0.5265837104072397,MEDIUM,0.5147058823529411,0.5384615384615384
ACC00054,0.0021695258459523,0.0026983223328457,0.0066556673816201,0.06890756302521,0.4285714285714285,23,49,66,-0.1478260869565217,1.3537274772725645,94524.51999999996,127960.43999999996,24,26,4.174030051028206,1120.6122448979593,12.0,-0.0153541991713397,0.008695652173913,53,0.18137254901960786,LOW,0.02941176470588236,0.33333333333333337
ACC00055,0.0016051178268203,0.0014644055421659,0.0055799373040752,0.0587121212121212,0.3636363636363636,23,33,36,-0.0434782608695652,0.9189812100066708,65485.91999999998,60180.33000000001,22,23,3.752367876835908,2421.2903225806454,57.0,-0.0176852142219593,0.0,41,0.44042232277526394,MEDIUM,0.47058823529411764,0.41025641025641024
ACC00056,0.0014450960242336,0.0019485202392668,0.0017191882527635,0.0525525525525525,0.2162162162162162,23,38,41,-0.0379746835443038,1.1670076828741662,76926.93999999997,89774.32999999999,20,25,3.5818193061761923,1982.783783783784,39.0,0.0010843270142022,0.0253164556962025,46,0.37801659125188536,MEDIUM,0.3970588235294118,0.3589743589743589
ACC00057,0.001825966512613,0.0021751556526993,0.0029797063190892,0.0625889046941678,0.2894736842105263,23,40,52,-0.1304347826086956,0.9855032375309706,87415.37999999998,86148.14000000003,20,29,3.90501332841284,1464.675,45.0,0.0105981773884018,0.0217391304347826,49,0.24585218702865763,LOW,0.23529411764705888,0.2564102564102564
ACC00058,0.0019352803166496,0.0024960011019647,0.0057515261508001,0.0739495798319327,0.4857142857142857,23,38,60,-0.2244897959183673,1.55814474241458,69845.18,108828.89999999997,23,29,3.952464500590491,1134.7142857142858,17.0,0.0106694786726856,0.0204081632653061,51,0.1870286576168929,LOW,0.11764705882352944,0.2564102564102564
ACC00059,0.0017834946925852,0.0023198942681023,0.013050651707639,0.0789915966386554,0.4857142857142857,23,49,46,0.031578947368421,1.057282971176859,84885.95999999999,89748.48,23,29,4.047993433913262,1740.3061224489795,6.0,0.0339566910972518,0.0526315789473684,47,0.2899698340874811,LOW,0.32352941176470584,0.2564102564102564
ACC00060,0.0032775926444238,0.0018240305131139,0.0149051311664741,0.0730837789661319,0.2647058823529412,23,41,45,-0.0465116279069767,0.5250797528630888,149797.13,78655.43999999999,19,24,2.921150466889997,1475.878048780488,77.0,0.0392800504978551,0.0232558139534883,43,0.36142533936651583,MEDIUM,0.3382352941176471,0.3846153846153846
ACC00061,0.0022606150316395,0.0014614982347858,0.0009833360831545,0.0738916256157635,0.3103448275862069,23,52,26,0.3333333333333333,0.584753553928726,101537.63,59374.49000000002,20,18,3.7431761004105577,3070.923076923077,24.0,-0.0366945180181118,0.0384615384615384,44,0.5780542986425339,MEDIUM,0.6176470588235294,0.5384615384615384
ACC00062,0.0011340066615296,0.0013990478513791,0.0097475664081834,0.0634920634920634,0.1666666666666666,23,28,35,-0.1111111111111111,1.1528973415695012,48752.44999999999,56206.570000000014,18,24,3.730449502110081,2735.740740740741,49.0,-0.0504752491554191,0.0476190476190476,43,0.43495475113122173,MEDIUM,0.4852941176470589,0.3846153846153846
ACC00063,0.0017633794484509,0.0022475159433884,0.0051872628279161,0.0487394957983193,0.3714285714285714,23,44,46,-0.0222222222222222,1.3075699008162676,80833.81999999999,105695.87,26,22,4.1918336212102165,1607.9772727272727,22.0,-0.0043970645457163,0.0222222222222222,48,0.3797134238310709,MEDIUM,0.32352941176470584,0.4358974358974359
ACC00064,0.0022180426051892,0.0026014777515825,0.0073156244844085,0.0823529411764705,0.3428571428571428,23,43,50,-0.075268817204301,1.485797570759159,92494.74,137428.46000000002,21,26,3.4803391198478923,2137.906976744186,29.0,-0.0856755345264587,0.010752688172043,53,0.29901960784313725,LOW,0.2647058823529411,0.33333333333333337
ACC00065,0.0015869018074573,0.0013244769258668,0.0095528790628609,0.0606060606060606,0.2424242424242424,23,36,41,-0.0649350649350649,0.6534452576714334,81997.06000000001,53580.58999999999,19,22,3.521561573900164,1789.0833333333333,79.0,0.0941998127376965,0.0259740259740259,42,0.41647812971342385,MEDIUM,0.3970588235294118,0.4358974358974359
ACC00066,0.0013692234400838,0.0011160377747627,0.006322389044712,0.064516129032258,0.3225806451612903,23,43,35,0.1025641025641025,0.6805677570144754,63767.420000000006,43398.05,21,20,3.740404330859077,2239.186046511628,20.0,0.0093593312860842,0.0128205128205128,46,0.48623680241327305,MEDIUM,0.4852941176470589,0.4871794871794872
ACC00067,0.0008795642846456,0.0021326640235257,0.0040422372545784,0.0492610837438423,0.2758620689655172,23,22,41,-0.3015873015873015,3.8888429451126414,28972.61,112669.92999999998,16,21,3.635520671274538,1617.142857142857,189.0,0.0264772803200325,0.0,39,0.4292986425339367,MEDIUM,0.3970588235294118,0.46153846153846156
ACC00068,0.001491399469862,0.001301027228849,0.0053720508166969,0.0584615384615384,0.3076923076923077,23,33,25,0.1379310344827586,1.0262634144710372,55028.26,56473.490000000005,19,15,3.4668506954373592,2852.516129032258,73.0,-0.0353819832585194,0.0344827586206896,38,0.623868778280543,HIGH,0.6323529411764706,0.6153846153846154
ACC00069,0.0013596136052427,0.0017405851851285,0.0093152945058571,0.0665024630541872,0.4482758620689655,23,28,40,-0.1764705882352941,1.7121110031565177,62793.89,107510.11000000002,19,23,3.7120590436867222,2259.8571428571427,272.0,0.0148893897344771,0.0735294117647058,40,0.4110105580693816,MEDIUM,0.4117647058823529,0.41025641025641024
ACC00070,0.0017320753842327,0.0017549766555103,0.0078039927404718,0.066066066066066,0.2702702702702703,23,39,36,0.04,0.9000085569223008,76195.62,68576.70999999999,22,25,3.778611781296693,2198.4102564102564,1.0,-0.0497361744326684,0.0133333333333333,45,0.4147812971342383,MEDIUM,0.47058823529411764,0.3589743589743589
ACC00071,0.0015199911214321,0.0015272286428951,0.0057482263652862,0.0602564102564102,0.325,23,39,42,-0.037037037037037,0.9260242108260316,70452.77999999998,65240.98000000002,25,28,4.161378534163164,1152.9166666666667,24.0,0.0023490985666698,0.0246913580246913,45,0.3322021116138763,MEDIUM,0.38235294117647056,0.28205128205128205
ACC00072,0.0011853074465128,0.0030075297996628,0.0095512291701039,0.0659536541889483,0.3529411764705882,23,35,43,-0.1025641025641025,2.1280069896956104,56174.12000000001,119538.92,20,26,3.671715258141236,1494.5588235294117,1.0,0.0479959630251452,0.0128205128205128,44,0.3504901960784314,MEDIUM,0.36764705882352944,0.33333333333333337
ACC00073,0.0020535773410101,0.002160826176746,0.0106616069955452,0.0661268556005398,0.4102564102564102,23,51,50,0.0099009900990099,0.9812743991100702,105608.36000000004,103630.78,27,28,3.8975806451826727,2067.705882352941,40.0,0.0581871092658199,0.0099009900990099,49,0.2733785822021116,LOW,0.2647058823529411,0.28205128205128205
ACC00074,0.0017405070610004,0.0019550789565033,0.0039333443326183,0.0666666666666666,0.4666666666666667,23,48,51,-0.0303030303030303,1.0763920637420472,78481.31999999999,84476.67,20,24,4.058719281459968,1611.125,19.0,0.0746430304249619,0.0707070707070707,49,0.3173076923076923,MEDIUM,0.25,0.3846153846153846
ACC00075,0.0019670039971101,0.002393737280192,0.0006302590331628,0.0320197044334975,0.4482758620689655,23,44,48,-0.0434782608695652,1.410798994548395,80123.20000000003,113037.73,18,24,3.872844084380716,1940.7906976744189,14.0,0.0357725718836709,0.0217391304347826,46,0.33936651583710403,MEDIUM,0.2941176470588235,0.3846153846153846
ACC00076,0.0018593909975682,0.0024132803108143,0.0039795413298135,0.0584677419354838,0.40625,23,35,47,-0.1463414634146341,1.6522004229191545,83807.98,138467.58000000002,21,24,3.772142199209276,1066.142857142857,20.0,0.0589118242106918,0.0121951219512195,43,0.34671945701357465,MEDIUM,0.3088235294117647,0.3846153846153846
ACC00077,0.001265967224389,0.0020823413337894,0.0017653852499587,0.0615384615384615,0.3846153846153846,23,27,40,-0.1940298507462686,1.593850974591456,54246.320000000014,86460.55000000002,16,20,3.3004877054375354,2597.576923076923,118.0,-0.0614521499007242,0.0149253731343283,43,0.4494720965309201,MEDIUM,0.4117647058823529,0.4871794871794872
ACC00078,0.0011666371870748,0.0010688264212529,0.0019600725952813,0.0738461538461538,0.2692307692307692,23,26,22,0.0833333333333333,0.6941291514841614,54015.01999999999,37493.4,14,19,3.4732369270917447,3921.423076923077,48.0,-0.0947136057242318,0.0208333333333333,35,0.5946455505279035,MEDIUM,0.6764705882352942,0.5128205128205128
ACC00079,0.0013575943078911,0.0016808277788895,0.0187823791453555,0.0677361853832442,0.2941176470588235,23,35,37,-0.0277777777777777,1.1319057462259523,59712.41,67588.82,22,22,3.9953317059141686,3041.058823529412,33.0,-0.0225572922555278,0.0138888888888888,47,0.4458898944193062,MEDIUM,0.4558823529411765,0.4358974358974359
ACC00080,0.0022354060664611,0.0019539295623494,0.0083385579937304,0.0743589743589743,0.375,23,56,43,0.1313131313131313,0.7547551602648532,118290.44,89280.32,29,26,4.384780857303463,1621.5,13.0,0.1040778535766299,0.0202020202020202,43,0.3504901960784314,MEDIUM,0.36764705882352944,0.33333333333333337
ACC00081,0.0015653415057116,0.001732439801649,0.0094505857119287,0.0665322580645161,0.5,23,47,43,0.0444444444444444,1.1011029319573673,65800.07,72452.65000000001,25,23,3.9421457625332,1805.3777777777775,36.0,-0.0343313124986688,0.0444444444444444,49,0.38895173453996984,MEDIUM,0.36764705882352944,0.41025641025641024
ACC00082,0.0015383630808119,0.0021790231962193,0.0025045372050816,0.0608465608465608,0.4285714285714285,23,36,43,-0.0886075949367088,1.375609422096408,74338.87,102261.25,17,23,3.4700338907591077,1716.75,6.0,0.0261832506394606,0.0126582278481012,44,0.38895173453996984,MEDIUM,0.36764705882352944,0.41025641025641024
ACC00083,0.0013925155549088,0.0013231636827203,0.0012572182808117,0.0579710144927536,0.3333333333333333,23,26,30,-0.0714285714285714,0.956381879497122,54380.610000000015,52008.630000000005,14,18,2.721167313961454,2439.730769230769,79.0,-0.0256953052821389,0.0178571428571428,38,0.5486425339366516,MEDIUM,0.5588235294117647,0.5384615384615384
ACC00084,0.0015181244982118,0.0020420962460168,0.0032436891602045,0.0559139784946236,0.4838709677419355,23,42,44,-0.0232558139534883,1.2330583632938616,71983.59999999999,88759.98000000001,22,24,3.4671285629479685,1847.7857142857144,53.0,0.0081949724370035,0.0116279069767441,46,0.3687782805429864,MEDIUM,0.3529411764705882,0.3846153846153846
ACC00085,0.0017567840109165,0.0018825420782766,0.012991255568388,0.0682539682539682,0.2777777777777778,23,36,36,0.0,1.14628643156906,80334.86000000002,92086.76000000004,22,24,3.699075004945067,2360.972222222222,10.0,-0.0622145813877155,0.0416666666666666,45,0.4276018099547511,MEDIUM,0.47058823529411764,0.3846153846153846
ACC00086,0.00116895716596,0.0016903640946792,0.0104075235109717,0.0687830687830687,0.3928571428571428,23,31,36,-0.0746268656716417,1.2986162602355014,52193.34,67779.12000000001,17,22,3.4912923161770326,2522.1612903225805,47.0,0.0151217453984058,0.0,41,0.45324283559577677,MEDIUM,0.47058823529411764,0.4358974358974359
ACC00087,0.0021347260837286,0.0013748002926661,0.0065368751031182,0.0695121951219512,0.3170731707317073,23,60,48,0.1111111111111111,0.5869100105261237,121022.71,71029.44,28,26,4.096714856312204,1704.1,53.0,-0.0173043783649449,0.037037037037037,52,0.3137254901960784,MEDIUM,0.2941176470588235,0.33333333333333337
ACC00088,0.0019691132257916,0.0026335256796384,0.0114865533740306,0.0819964349376114,0.4117647058823529,23,61,41,0.196078431372549,0.97776398519639,103920.60000000003,101609.82,25,23,3.75226358487136,3069.7704918032787,50.0,-0.0025803235596992,0.0196078431372549,49,0.403657616892911,MEDIUM,0.3970588235294118,0.41025641025641024
ACC00089,0.0018622265977593,0.0023740589558687,0.009094208876423,0.069069069069069,0.2972972972972973,23,34,43,-0.1168831168831168,1.2911157359300351,84928.25,109652.2,22,26,3.840187238794112,2171.5151515151515,77.0,-0.0362046482773089,0.0,44,0.3504901960784314,MEDIUM,0.36764705882352944,0.33333333333333337
ACC00090,0.0017035747849106,0.0030503675305104,0.0102887312324698,0.073076923076923,0.425,23,57,54,0.027027027027027,1.6718834868503236,89090.03000000001,148948.14999999997,27,30,3.999404171018258,1646.267857142857,23.0,-0.0345605902298233,0.036036036036036,52,0.21832579185520362,LOW,0.20588235294117652,0.23076923076923073
ACC00091,0.0016913187140868,0.001445601011785,0.0108216465929714,0.0925925925925925,0.3214285714285714,23,31,33,-0.03125,0.866131061046534,70843.17000000001,61359.47,18,19,3.406808520111693,3323.2580645161293,38.0,0.0128513234807925,0.046875,39,0.513763197586727,MEDIUM,0.5147058823529411,0.5128205128205128
ACC00092,0.0013214287309028,0.0015062891074811,0.001016333938294,0.082010582010582,0.3214285714285714,23,25,32,-0.1228070175438596,1.8177757758201192,45599.80999999999,82890.23000000001,14,23,3.3916505479044896,2844.24,88.0,-0.0234994364798262,0.0350877192982456,37,0.4698340874811463,MEDIUM,0.5294117647058824,0.41025641025641024
ACC00093,0.0016296106283384,0.0018759754180768,0.0070945388549744,0.0620782726045884,0.282051282051282,23,39,50,-0.1235955056179775,0.9271180735224782,78307.48,72600.27999999998,23,27,4.034507693261856,1551.5641025641023,50.0,-0.0668910463046488,0.0112359550561797,50,0.2861990950226244,LOW,0.2647058823529411,0.3076923076923077
ACC00094,0.0016860787013686,0.001041920049531,0.0037551559148655,0.0366666666666666,0.36,23,37,27,0.15625,0.3673997152559363,90017.68,33072.469999999994,18,16,3.516796187832827,2675.891891891892,3.0,-0.0468677551069249,0.015625,42,0.5963423831070891,MEDIUM,0.6029411764705883,0.5897435897435898
ACC00095,0.0010572819953137,0.0012872242570797,0.0057911235769674,0.0541310541310541,0.2962962962962963,23,25,26,-0.0196078431372549,1.1529868267059864,40868.29,47120.6,16,19,3.398362884990666,4070.24,87.0,-0.0746581724258988,0.0392156862745098,37,0.5652337858220211,MEDIUM,0.6176470588235294,0.5128205128205128
ACC00096,0.0022058319761143,0.0026225506897476,0.0040422372545784,0.0659536541889483,0.5588235294117647,23,44,61,-0.1619047619047619,0.9722027726123634,96760.01,94070.35,26,27,4.256844617851766,1556.6190476190477,3.0,-0.0111165910862857,0.019047619047619,50,0.20531674208144796,LOW,0.1029411764705882,0.3076923076923077
ACC00097,0.0043936284657014,0.0032413127968967,0.004745091569048,0.0602536997885835,0.4318181818181818,23,65,60,0.04,0.6768122405396054,219161.58,148331.24,31,32,3.5887962366018726,1509.758064516129,15.0,0.0436743114159833,0.008,53,0.14856711915535448,LOW,0.11764705882352944,0.17948717948717952
ACC00098,0.0010637295949188,0.00157921196772,0.0022306550074245,0.0626780626780626,0.4444444444444444,23,34,33,0.0149253731343283,1.0484888130845145,53916.56,56530.91000000001,19,20,3.7681446697142738,1901.2121212121208,44.0,0.0253978322485346,0.0149253731343283,37,0.5009426847662142,MEDIUM,0.5147058823529411,0.4871794871794872
ACC00099,0.002586168885808,0.0016213909616927,0.0130869493482923,0.0739495798319327,0.2571428571428571,23,38,38,0.0,0.6973047628000268,120315.57,83896.62000000002,25,19,3.7895917256954026,1921.4736842105265,2.0,-0.0278844477784856,0.0131578947368421,44,0.47699849170437403,MEDIUM,0.4411764705882353,0.5128205128205128
ACC00100,0.0012399910753822,0.0019190858986744,0.005870318429302,0.075268817204301,0.2580645161290322,23,34,39,-0.0684931506849315,1.5514312210062944,53765.98,83414.22,16,23,3.4854317196584725,1857.0625,72.0,0.1229141132154068,0.0,42,0.4183634992458522,MEDIUM,0.42647058823529416,0.41025641025641024
ACC00101,0.0018277788708439,0.0016212337011038,0.016043557168784,0.053030303030303,0.2424242424242424,23,39,39,0.0,0.9900846706320984,72348.57999999999,71631.22000000002,18,23,3.144224941563324,2695.1052631578946,30.0,0.0599699178978069,0.0128205128205128,44,0.4183634992458522,MEDIUM,0.42647058823529416,0.41025641025641024
ACC00102,0.0013684621103014,0.0016956302496201,0.0118957267777594,0.0793650793650793,0.3571428571428571,23,43,46,-0.0337078651685393,1.1098098443020774,63643.110000000015,70631.75,18,20,3.554561375187016,2013.441860465116,51.0,-0.0493597134413892,0.0337078651685393,48,0.40535444947209653,MEDIUM,0.32352941176470584,0.4871794871794872
ACC00103,0.0020495393099982,0.0018504984130953,0.0051014684045537,0.0454545454545454,0.3939393939393939,23,42,38,0.05,0.7412832924058778,95188.75,70561.83,26,20,3.8032410189356014,2598.5476190476197,46.0,-0.0343080884582181,0.0375,46,0.46417797888386125,MEDIUM,0.4411764705882353,0.4871794871794872
ACC00104,0.0020984463492755,0.0016672604503353,0.006381785183963,0.0549242424242424,0.3333333333333333,23,40,40,0.0,0.8105793363743019,90767.13000000002,73573.96,21,23,3.96479690893556,1819.025,44.0,-0.032710429428573,0.0375,45,0.4110105580693816,MEDIUM,0.4117647058823529,0.41025641025641024
ACC00105,0.0015547550031533,0.0013503232026206,0.0014486058406203,0.0712250712250712,0.3333333333333333,23,37,31,0.088235294117647,0.7220645090408203,77912.18,56257.62000000002,19,17,3.732282588460094,2206.6388888888887,20.0,-0.0185481511892778,0.0294117647058823,44,0.5541101055806938,MEDIUM,0.5441176470588236,0.5641025641025641
ACC00106,0.0024545303024205,0.0020662580659258,0.0083484573502722,0.06006006006006,0.2972972972972973,23,61,40,0.2079207920792079,0.6275712992001246,120285.01000000002,75487.41999999998,29,19,4.1826333119545085,2531.2622950819677,26.0,0.0301372350758794,0.0,48,0.46229260935143285,MEDIUM,0.4117647058823529,0.5128205128205128
ACC00107,0.0021544315686275,0.0022836156851943,0.0219963702359346,0.0687103594080338,0.3636363636363636,23,49,54,-0.0485436893203883,1.1458972637540903,90651.94,103877.80999999998,27,33,4.117797782343287,1578.591836734694,31.0,0.0458776092786921,0.0194174757281553,47,0.17986425339366519,LOW,0.20588235294117652,0.15384615384615385
ACC00108,0.003178705272124,0.0030062401689999,0.007454215475994,0.0552584670231729,0.4411764705882353,23,47,45,0.0217391304347826,1.025718619819986,123360.43000000004,126533.09,24,25,3.77506491799914,1537.787234042553,96.0,0.0230801870752406,0.0434782608695652,45,0.348604826546003,MEDIUM,0.3382352941176471,0.3589743589743589
ACC00109,0.0016002696840285,0.0015999122334086,0.0041280316779409,0.0758620689655172,0.4333333333333333,23,46,38,0.0952380952380952,0.8224966159734177,73839.55000000002,60732.77999999999,24,19,4.198365384259267,2130.6444444444446,15.0,0.024615976585464,0.0119047619047619,45,0.47699849170437403,MEDIUM,0.4411764705882353,0.5128205128205128
ACC00110,0.0014221374744153,0.0013362932142121,0.000620359676621,0.0738461538461538,0.3461538461538461,23,33,27,0.1,0.8632946374610472,54023.85,46638.49999999999,21,14,3.9589374530141375,1576.392857142857,30.0,-0.0937691516628043,0.0,42,0.6219834087481146,HIGH,0.6029411764705883,0.641025641025641
ACC00111,0.0017624052541917,0.0020863943406051,0.0119650222735522,0.0564102564102564,0.425,23,50,56,-0.0566037735849056,1.2504298154944684,84885.26,106143.05999999995,26,31,4.076702497643525,1548.1458333333333,9.0,0.0201989577805437,0.0283018867924528,50,0.19079939668174967,LOW,0.17647058823529416,0.20512820512820518
ACC00112,0.0008704286447592,0.001501852350262,0.0017290876093053,0.0646153846153846,0.1923076923076923,23,22,23,-0.0222222222222222,1.1707241375845174,51746.52,60580.89999999999,16,15,2.9049343153459186,2097.2272727272725,21.0,-0.0017014657783439,0.0,31,0.6385746606334841,HIGH,0.6617647058823529,0.6153846153846154
ACC00113,0.0033065758910163,0.0016242889511613,0.0199472034317769,0.0591133004926108,0.4827586206896552,23,42,42,0.0,0.5217009462431793,142353.47,74265.94000000003,23,20,3.1071733892163733,1799.0731707317073,65.0,-0.0953809096054151,0.0,50,0.4347662141779789,MEDIUM,0.38235294117647056,0.4871794871794872
ACC00114,0.0020334283640389,0.0015594277793292,0.0239696419732717,0.0615563298490127,0.2857142857142857,23,47,43,0.0444444444444444,0.7714368894029235,88173.93999999999,68020.63,26,28,4.153749193933075,1503.787234042553,7.0,-0.0250512101428444,0.0,49,0.32484917043740574,MEDIUM,0.36764705882352944,0.28205128205128205
ACC00115,0.0024173862681084,0.0026986404277247,0.0083286586371885,0.0657004830917874,0.4130434782608695,23,50,67,-0.1452991452991453,1.4680125528948988,112770.79999999996,165548.95,26,39,4.065198729867763,1276.92,8.0,0.0041111077350368,0.0085470085470085,53,0.007352941176470562,LOW,0.014705882352941124,0.0
ACC00116,0.0018166578246662,0.0019541861198209,0.001633393829401,0.0606060606060606,0.2424242424242424,23,36,32,0.0588235294117647,0.6806532380150537,88997.27,60576.280000000006,21,20,3.828987231339807,3439.333333333333,156.0,-0.0902750227000094,0.0441176470588235,45,0.5082956259426847,MEDIUM,0.5294117647058824,0.4871794871794872
ACC00117,0.0007962000855405,0.0010053840638241,0.0029995050321729,0.0633333333333333,0.08,23,12,21,-0.2727272727272727,1.4865882845543072,26653.19,39622.320000000014,9,18,2.9139801652201607,3565.583333333333,920.0,0.0017850357529562,0.0,27,0.6148190045248869,HIGH,0.6911764705882353,0.5384615384615384
ACC00118,0.001624646231919,0.0012507901022703,0.0088368256063355,0.0695187165775401,0.2941176470588235,23,41,34,0.0933333333333333,0.7319096466792329,67143.51999999999,49142.99,22,22,3.950818195864162,2457.5365853658536,13.0,-0.0562260759622249,0.0266666666666666,44,0.46794871794871795,MEDIUM,0.5,0.4358974358974359
ACC00119,0.0016665646451774,0.002345968239498,0.0162019468734532,0.069701280227596,0.3684210526315789,23,35,51,-0.1860465116279069,1.4432184791765674,72004.94000000002,103918.86000000002,21,31,3.730397323277436,1431.0,40.0,-0.054682508522537,0.0232558139534883,47,0.2275641025641026,LOW,0.25,0.20512820512820518
ACC00120,0.0017213099226105,0.0014897325181271,0.0016399934004289,0.0712250712250712,0.2592592592592592,23,29,36,-0.1076923076923077,1.1428451211933977,56564.55,64644.52,16,18,3.576695481606432,2106.464285714286,45.0,0.0064162329090178,0.0615384615384615,41,0.504524886877828,MEDIUM,0.47058823529411764,0.5384615384615384
ACC00121,0.0019983251090278,0.0024521661658303,0.0035736677115987,0.0603174603174603,0.2777777777777778,23,45,51,-0.0625,1.3918848674320556,91533.44,127404.01,21,25,3.986730269830423,1150.6363636363635,1.0,-0.0634139907361694,0.0625,51,0.30448717948717946,MEDIUM,0.25,0.3589743589743589
ACC00122,0.0021955589648661,0.0023530314762681,0.0072199307045042,0.0555555555555555,0.2972972972972973,23,58,46,0.1153846153846153,8.746018026712045,102462.38999999998,896137.9099999999,24,24,4.012614388903808,2109.120689655173,3.0,0.0139347647387646,0.0096153846153846,50,0.3540723981900452,MEDIUM,0.32352941176470584,0.3846153846153846
ACC00123,0.0011892526755073,0.0015318330861233,0.0018940768850024,0.0455840455840455,0.3703703703703703,23,28,33,-0.081967213114754,1.2142200377919836,49745.99999999999,60402.59,12,25,3.067055899322072,2121.5714285714284,4.0,0.0199825036636882,0.0163934426229508,38,0.43684012066365,MEDIUM,0.5147058823529411,0.3589743589743589
ACC00124,0.0006381392606436,0.0016373438521734,0.0010988285761425,0.0606060606060606,0.3636363636363636,22,14,32,-0.391304347826087,3.026763362693188,19617.49,59377.5,10,20,3.058555796786684,2826.0,9.0,-0.0080413943475954,0.0217391304347826,36,0.5082956259426847,MEDIUM,0.5294117647058824,0.4871794871794872
ACC00125,0.0015808458886368,0.0023726958801581,0.0135720178188417,0.0511363636363636,0.303030303030303,23,40,40,0.0,1.3025446312069533,69588.08000000002,90641.58,20,23,3.730374907263005,3347.5263157894738,71.0,-0.0266173660647529,0.0125,44,0.4110105580693816,MEDIUM,0.4117647058823529,0.41025641025641024
ACC00126,0.0019247065740603,0.0021105761691778,0.0297574657647252,0.0589743589743589,0.325,23,44,45,-0.0112359550561797,0.9483475434323176,92360.37000000004,87589.72999999997,25,28,3.9847237565004416,1980.1136363636365,59.0,-0.0051400308454013,0.0,48,0.31014328808446456,MEDIUM,0.3382352941176471,0.28205128205128205
ACC00127,0.0011631619173466,0.0002905314764876,0.0,0.075,0.0,16,23,0,1.0,0.0,42203.09000000001,0.0,16,0,3.6125857211145496,999999.0,999999.0,0.1024311271107796,0.0434782608695652,18,1.0,CRITICAL,1.0,1.0
ACC00128,0.0011257968588896,0.001692842563884,0.0033707309024913,0.0620689655172413,0.4333333333333333,23,32,43,-0.1466666666666666,1.2674409719858797,52742.33,66847.79000000001,17,26,3.654416508752213,1345.2592592592594,10.0,0.0146042482384977,0.0,40,0.3504901960784314,MEDIUM,0.36764705882352944,0.33333333333333337
ACC00129,0.0017205699136972,0.001549851722401,0.0001748886322389,0.0714285714285714,0.3448275862068966,23,41,31,0.1388888888888889,0.696414704370012,85531.57999999997,59565.45,20,19,3.7944555155142914,2164.6315789473683,133.0,0.0583165134129069,0.0277777777777777,42,0.5284690799396682,MEDIUM,0.5441176470588236,0.5128205128205128
ACC00130,0.001569234497294,0.0010397184356322,0.0019930704504207,0.037037037037037,0.3703703703703703,23,30,19,0.2244897959183673,0.633285368566603,67598.23,42808.97,22,15,4.02410860250116,3732.034482758621,140.0,-0.0545427716804408,0.0,35,0.6679864253393666,HIGH,0.7205882352941176,0.6153846153846154
ACC00131,0.0021392071526738,0.0019782082124399,0.001296815706979,0.0476190476190476,0.3928571428571428,23,33,44,-0.1428571428571428,1.0690772403449995,88161.30999999997,94251.25,17,22,3.4940541251029806,1794.2424242424242,24.0,-0.0574855765421729,0.0259740259740259,44,0.39441930618401205,MEDIUM,0.3529411764705882,0.4358974358974359
ACC00132,0.001846283639735,0.0021195844891828,0.0010064345817521,0.0571428571428571,0.3055555555555556,23,41,41,0.0,1.3385199302481217,82079.51000000001,109865.06,25,22,4.063831409361085,2259.414634146341,35.0,-0.0359320207850533,0.0,45,0.41647812971342385,MEDIUM,0.3970588235294118,0.4358974358974359
ACC00133,0.0012496849698616,0.0017347366501301,0.0058868173568718,0.0516934046345811,0.2941176470588235,23,39,34,0.0684931506849315,1.0913958913715889,60405.560000000005,65926.37999999999,18,26,3.587933948334092,1517.128205128205,40.0,-0.1126104111386221,0.0136986301369863,48,0.4166666666666667,MEDIUM,0.5,0.33333333333333337
ACC00134,0.0018499103765922,0.0023700235541778,0.0179442336248143,0.0521008403361344,0.4,23,50,48,0.0204081632653061,1.0955927385836484,93232.5,102144.85,21,28,3.638911982975044,1802.255319148936,5.0,0.011033551858322,0.0306122448979591,49,0.28808446455505277,LOW,0.2941176470588235,0.28205128205128205
ACC00135,0.0016357874736305,0.002309067716085,0.0010856294340867,0.0826210826210826,0.2962962962962963,23,34,34,0.0,0.9580335912418504,84792.34,81233.91,18,17,3.458801678502423,2688.9117647058824,60.0,-0.0627961932927949,0.0147058823529411,40,0.532051282051282,MEDIUM,0.5,0.5641025641025641
ACC00136,0.0012973217422956,0.0019785043073657,0.0078006929549579,0.0551724137931034,0.4,23,37,42,-0.0632911392405063,1.5886093335902414,49252.43,78242.87000000001,20,22,3.870202264588447,1488.2571428571428,1.0,-0.0131062076238554,0.0126582278481012,46,0.40912518853695323,MEDIUM,0.38235294117647056,0.4358974358974359
ACC00137,0.0012880765643736,0.0016000215801549,0.008077874938129,0.0492424242424242,0.3636363636363636,23,34,38,-0.0555555555555555,1.2303506833169673,52638.08999999998,64763.31,20,25,3.6913900540129823,2145.058823529412,115.0,-0.0474453806721995,0.0138888888888888,43,0.4000754147812971,MEDIUM,0.4411764705882353,0.3589743589743589
ACC00138,0.001128527285243,0.0013328516334881,0.0153308034977726,0.0483870967741935,0.28125,23,32,26,0.1034482758620689,0.9310020742143388,56189.95,52312.95999999999,22,19,4.098067263080959,2303.6666666666665,98.0,0.0382844913539402,0.0172413793103448,33,0.5652337858220211,MEDIUM,0.6176470588235294,0.5128205128205128
ACC00139,0.001515882811328,0.0023384030598497,0.0025837320574162,0.057471264367816,0.4333333333333333,23,44,49,-0.053763440860215,1.267688123193186,76325.65,96757.12,21,22,3.875343291254752,1577.0454545454545,15.0,0.0349423874786956,0.043010752688172,48,0.35765460030165913,MEDIUM,0.27941176470588236,0.4358974358974359
ACC00140,0.0009673869503923,0.0010675123993577,0.0056525325853819,0.0579710144927536,0.1666666666666666,23,26,22,0.0833333333333333,0.9784444292899404,40911.93000000001,40030.05,14,14,3.1855350345476183,4460.428571428572,85.0,-4.525351698392068e-05,0.0,35,0.6587481146304676,HIGH,0.6764705882352942,0.641025641025641
ACC00141,0.0015624348020796,0.0016683932862971,0.0070879392839465,0.0554621848739495,0.2857142857142857,23,33,35,-0.0294117647058823,0.9428232983311204,70777.43000000001,66730.61,19,26,3.4890665414259017,2704.4242424242425,176.0,0.0175225206965762,0.0147058823529411,44,0.4093137254901961,MEDIUM,0.4852941176470589,0.33333333333333337
ACC00142,0.0017034524837749,0.0024514377169468,0.0054743441676291,0.0552584670231729,0.3529411764705882,23,44,63,-0.1775700934579439,1.377816732501466,86117.07,118653.54000000004,19,27,3.593337248675379,1749.9545454545455,6.0,0.0258444395757451,0.02803738317757,51,0.19061085972850678,LOW,0.07352941176470584,0.3076923076923077
ACC00143,0.0019405337005592,0.0023701133641882,0.002313149645273,0.0504032258064516,0.375,23,44,42,0.0232558139534883,1.0152120492300674,96404.49999999996,97871.01,22,22,4.205036721027863,1316.8636363636365,7.0,0.1505731785740598,0.0116279069767441,41,0.40912518853695323,MEDIUM,0.38235294117647056,0.4358974358974359
ACC00144,0.0013960918322067,0.0026160287606159,0.0063355881867678,0.0445344129554655,0.282051282051282,23,43,44,-0.0114942528735632,1.4126667530828694,68737.10999999999,97102.63,27,23,4.275060445711053,1845.974358974359,17.0,-0.0099508163135963,0.0,46,0.3815987933634992,MEDIUM,0.3529411764705882,0.41025641025641024
ACC00145,0.0006647064735242,0.0012399010284036,0.0100379475334103,0.0409356725146198,0.3684210526315789,17,13,24,-0.2972972972972973,2.2564270571639424,21259.73,47971.029999999984,10,16,2.836146469129532,3408.769230769231,217.0,0.0099629165600905,0.027027027027027,32,0.6184012066365008,HIGH,0.6470588235294117,0.5897435897435898
ACC00146,0.0011813484381823,0.0019140593108815,0.0061672991255568,0.0761904761904762,0.3055555555555556,23,26,47,-0.2876712328767123,1.685960547804193,60540.61,102069.08,17,30,2.9194939680015075,1500.4,76.0,-0.0514937816059081,0.0136986301369863,46,0.2697963800904977,LOW,0.3088235294117647,0.23076923076923073
ACC00147,0.0017627051564305,0.0017776268091191,0.0123213991090579,0.0582010582010582,0.3214285714285714,23,34,32,0.0303030303030303,0.7112453401233413,109643.46000000004,77983.4,20,17,3.408695524081376,2396.8529411764707,24.0,0.0610312180157219,0.0151515151515151,39,0.5467571644042233,MEDIUM,0.5294117647058824,0.5641025641025641
ACC00148,0.0012363959303567,0.0016983483967469,0.0030193037452565,0.064367816091954,0.4,23,35,34,0.0144927536231884,1.246803316004632,51575.31999999999,64304.28,22,20,4.018212746576364,2587.4,26.0,0.0683836790339015,0.0144927536231884,38,0.4935897435897436,MEDIUM,0.5,0.4871794871794872
ACC00149,0.0020993769663004,0.001825022001628,0.0031941923774954,0.0672268907563025,0.2285714285714285,23,45,39,0.0714285714285714,0.7209602128923573,122879.0,88590.87,21,22,3.8155557733929824,2442.488888888889,7.0,-0.0199471718277299,0.0595238095238095,48,0.43118401206636503,MEDIUM,0.42647058823529416,0.4358974358974359
ACC00150,0.0025001207883089,0.0019167760357523,0.000844745091569,0.0566502463054187,0.4137931034482758,23,33,49,-0.1951219512195122,0.8496557475863111,105563.53,89692.65999999999,20,21,3.3318678063578404,1268.6363636363635,38.0,0.1074494207807836,0.0365853658536585,40,0.37047511312217196,MEDIUM,0.27941176470588236,0.46153846153846156
ACC00151,0.0014698493592888,0.0018769759813384,0.0156673816201946,0.0719696969696969,0.4545454545454545,23,38,43,-0.0617283950617283,1.4209553314425214,60161.11,85486.24999999999,22,26,4.038266156739264,1369.571428571429,24.0,-0.0492292785944899,0.0,49,0.3504901960784314,MEDIUM,0.36764705882352944,0.33333333333333337
ACC00152,0.0014990151969601,0.0012779550952422,0.0006665566738162,0.064039408866995,0.3448275862068966,23,39,37,0.0263157894736842,0.7500453541591074,68571.43999999999,51431.68999999998,18,21,3.8415422888660657,2111.1794871794878,13.0,0.090641850471493,0.0657894736842105,39,0.45871040723981904,MEDIUM,0.4558823529411765,0.46153846153846156
ACC00153,0.0016272218661257,0.0030642237440024,0.0023098498597591,0.051051051051051,0.4324324324324324,23,41,64,-0.219047619047619,2.196014849758797,65094.66000000001,142948.83999999997,24,29,4.164317285795635,1177.55,11.0,0.0427673329228011,0.0476190476190476,49,0.15761689291101055,LOW,0.05882352941176472,0.2564102564102564
ACC00154,0.0017935166068845,0.0018334691828615,0.0068074575152615,0.0525525525525525,0.2432432432432432,23,45,44,0.0112359550561797,0.7063719901228815,103767.11000000004,73298.17999999998,23,23,3.8514655511553024,1786.8863636363635,5.0,-0.0044353950343373,0.0337078651685393,47,0.3815987933634992,MEDIUM,0.3529411764705882,0.41025641025641024
ACC00155,0.0029260505409674,0.0019579218752355,0.0083649562778419,0.0689655172413793,0.2666666666666666,23,25,34,-0.1525423728813559,0.88749909229248,124214.02000000002,110239.82999999996,18,20,1.9553862814499563,1990.48,58.0,-0.0001052353578771,0.0169491525423728,39,0.4935897435897436,MEDIUM,0.5,0.4871794871794872
ACC00156,0.0014594522520525,0.0014883987225312,0.0070780399274047,0.0568181818181818,0.2727272727272727,23,37,41,-0.0512820512820512,1.1735750019620124,64984.29999999999,76263.94999999998,20,22,3.675600696641303,1822.8333333333333,3.0,-0.0284244465582296,0.0128205128205128,43,0.41647812971342385,MEDIUM,0.3970588235294118,0.4358974358974359
ACC00157,0.0019864595766466,0.0033563948805627,0.0152252103613265,0.0714285714285714,0.3673469387755102,23,61,67,-0.046875,1.6262502612146428,96663.8,157199.52999999997,33,34,4.508842115110712,900.3898305084746,7.0,-0.0076271522701866,0.015625,53,0.07145550527903466,LOW,0.014705882352941124,0.1282051282051282
ACC00158,0.0012868774426929,0.0014193316508572,0.0077874938129021,0.0661375661375661,0.3571428571428571,23,29,30,-0.0169491525423728,1.1972167143832402,61624.29000000002,73777.62999999999,19,19,3.763273919215278,4144.379310344828,107.0,-0.0421864513637052,0.0169491525423728,38,0.5358220211161387,MEDIUM,0.5588235294117647,0.5128205128205128
ACC00159,0.0013732145737991,0.0022149623351136,0.0043590166639168,0.0473118279569892,0.2580645161290322,23,29,31,-0.0333333333333333,1.923721931534201,57014.16,109679.39,22,17,3.720305617215,2459.714285714286,4.0,0.0276518782011576,0.0666666666666666,39,0.5541101055806938,MEDIUM,0.5441176470588236,0.5641025641025641
ACC00160,0.0015450640010244,0.0017007574525496,0.0083979541329813,0.0585365853658536,0.2682926829268293,23,38,40,-0.0256410256410256,0.9010722968993908,77398.34,69741.49999999999,26,26,3.9815886318617713,2272.0,53.0,-0.0811413007119863,0.0128205128205128,49,0.37254901960784315,MEDIUM,0.4117647058823529,0.33333333333333337
ACC00161,0.0013566458460215,0.0019408566124493,0.0015970961887477,0.0551724137931034,0.2666666666666666,23,31,44,-0.1733333333333333,1.4229175068453388,56089.26000000001,79810.39,14,24,3.6682649411673673,2166.032258064516,18.0,-0.066872015921449,0.0133333333333333,47,0.3687782805429864,MEDIUM,0.3529411764705882,0.3846153846153846
ACC00162,0.0015826574922535,0.0019726355959209,0.0002309849859759,0.0597701149425287,0.4,23,43,40,0.036144578313253,1.2842569598286462,62672.51999999999,80487.62000000001,17,25,3.744262469172567,1972.2093023255811,1.0,-0.0040897654958122,0.0240963855421686,46,0.3853695324283559,MEDIUM,0.4117647058823529,0.3589743589743589
ACC00163,0.0011373108797474,0.000975581642956,0.0005840620359676,0.0619047619047619,0.3333333333333333,20,23,25,-0.0416666666666666,1.151362729012814,36064.03,41522.78,12,16,3.216540503802694,3780.086956521739,207.0,-0.0182324384845854,0.0,36,0.6110482654600302,HIGH,0.6323529411764706,0.5897435897435898
ACC00164,0.0022287103062137,0.0020537093959157,0.0036891602045867,0.0492424242424242,0.3333333333333333,23,39,43,-0.048780487804878,1.2325511367775757,77278.53,95249.74,18,26,3.253929147489247,1761.7894736842106,41.0,0.0069340500142752,0.0121951219512195,44,0.3504901960784314,MEDIUM,0.36764705882352944,0.33333333333333337
ACC00165,0.002230849385326,0.0020597031759792,0.012654677445966,0.0481283422459893,0.3235294117647059,23,38,47,-0.1058823529411764,0.9421231278601544,113811.60999999996,107224.55000000002,19,26,3.504888594133752,1597.842105263158,52.0,-0.0311101035292283,0.0,49,0.32107843137254904,MEDIUM,0.3088235294117647,0.33333333333333337
ACC00166,0.0016895701621672,0.0019595236078729,0.0088335258208216,0.0408602150537634,0.2903225806451613,23,33,34,-0.0149253731343283,1.1418209740847598,72329.64,82587.5,19,21,3.5969110942833757,1876.0,61.0,0.0982937291345513,0.0149253731343283,38,0.4807692307692308,MEDIUM,0.5,0.46153846153846156
ACC00167,0.0022355516888512,0.0033984685778139,0.0096287741296815,0.0536585365853658,0.4146341463414634,23,58,67,-0.072,1.471061982820333,100648.05000000002,148059.52000000005,30,28,4.44319401542466,1629.75,1.0,-0.0055853988541639,0.032,52,0.1483785822021116,LOW,0.014705882352941124,0.28205128205128205
ACC00168,0.0024824245333624,0.0020736282958541,0.0033822801517901,0.0564516129032258,0.4375,23,48,49,-0.0103092783505154,0.8545432077164082,105846.14,90450.10000000003,20,26,3.8733273721352615,1769.3191489361702,6.0,0.0262221228652358,0.0309278350515463,48,0.30637254901960786,MEDIUM,0.27941176470588236,0.33333333333333337
ACC00169,0.001820545176642,0.0017490200673314,0.0003992740471869,0.0615384615384615,0.3076923076923077,23,38,35,0.0410958904109589,0.8039649768377714,94185.67,75721.97999999998,15,19,3.2535405235855546,1909.108108108108,30.0,0.0048208299637489,0.0273972602739726,41,0.4990573152337858,MEDIUM,0.4852941176470589,0.5128205128205128
ACC00170,0.0012887966915632,0.0023782072822234,0.0036957597756145,0.0499325236167341,0.3846153846153846,23,45,59,-0.1346153846153846,1.7157271699929706,60119.77999999999,103149.13999999998,24,30,4.117356316295424,1234.071428571429,36.0,0.0229968764065815,0.0384615384615384,50,0.18156108597285064,LOW,0.13235294117647056,0.23076923076923073
ACC00171,0.0025046636768236,0.002480901477203,0.0041478303910245,0.06890756302521,0.3714285714285714,23,48,48,0.0,1.116622224911818,107740.27000000002,120305.18000000002,25,23,3.991006803231385,1557.891304347826,41.0,-0.00722174903759,0.0208333333333333,48,0.35218702865761686,MEDIUM,0.2941176470588235,0.41025641025641024
ACC00172,0.0010237932229554,0.0014633791431393,0.0014915030523016,0.0523809523809523,0.3809523809523809,21,25,34,-0.1525423728813559,1.8464219975678116,35671.58,65864.79,14,15,3.3101635937511675,1992.56,47.0,-0.0531398345924085,0.0169491525423728,38,0.5576923076923077,MEDIUM,0.5,0.6153846153846154
ACC00173,0.0019789488787734,0.0016517546071458,0.000112192707474,0.0666666666666666,0.5714285714285714,21,33,47,-0.175,0.977342399770734,76138.69000000002,74413.56999999999,17,16,2.9122314891273384,1850.3030303030305,58.0,0.0309344015945957,0.025,45,0.44928355957767724,MEDIUM,0.3088235294117647,0.5897435897435898
ACC00174,0.0030496247487439,0.0014517980733201,0.0045405048671836,0.0634920634920634,0.3055555555555556,23,39,38,0.0129870129870129,0.7873100554328529,95266.61,75004.35999999999,25,22,4.148793652600267,2188.076923076923,18.0,-0.1156768093335101,0.0,49,0.4385369532428356,MEDIUM,0.4411764705882353,0.4358974358974359
ACC00175,0.0022301769698812,0.0022194445649971,0.0054743441676291,0.0615615615615615,0.4324324324324324,23,54,50,0.0384615384615384,0.8010709971474652,107774.33,86334.88999999997,27,26,3.9836268604218295,1587.6274509803925,31.0,0.0013032252358934,0.0096153846153846,52,0.29901960784313725,LOW,0.2647058823529411,0.33333333333333337
ACC00176,0.0019928749941095,0.0013638726837925,0.0043524170928889,0.0423280423280423,0.3928571428571428,23,43,25,0.2647058823529412,0.4963150548781908,99940.43000000002,49601.94,22,17,3.684370021735756,3547.875,13.0,0.0400908269082082,0.0294117647058823,40,0.5982277526395173,MEDIUM,0.6323529411764706,0.5641025641025641
ACC00177,0.0025412665310956,0.0017362396034462,0.0026893251938623,0.065040650406504,0.3095238095238095,23,54,44,0.1020408163265306,0.6035253914514628,129387.05,78088.36999999998,29,26,4.219554630527808,2228.698113207547,21.0,-0.0105215553625863,0.0204081632653061,48,0.3431372549019608,MEDIUM,0.3529411764705882,0.33333333333333337
ACC00178,0.001279215789605,0.0018446068248322,0.0020788648737832,0.0626780626780626,0.3333333333333333,23,26,32,-0.1034482758620689,1.137555760491036,59650.21,67855.44,17,19,3.4670123337490537,2419.714285714286,97.0,-0.0298431171252523,0.0172413793103448,37,0.5211161387631975,MEDIUM,0.5294117647058824,0.5128205128205128
ACC00179,0.0036041611919447,0.0020775532320007,0.0090843095198812,0.053030303030303,0.4242424242424242,23,38,51,-0.146067415730337,0.6232809408088735,188339.21000000005,117388.24000000003,22,25,2.6647823989408432,2110.457142857143,2.0,0.0681613086727521,0.0,46,0.30448717948717946,MEDIUM,0.25,0.3589743589743589
ACC00180,0.0017238129859467,0.0013847502775821,0.0061244019138755,0.0604838709677419,0.40625,23,34,37,-0.0422535211267605,0.8912467211433239,68488.04999999999,61039.750000000015,22,23,3.5776034472191194,2408.235294117647,9.0,0.067012453588108,0.0,37,0.4330693815987934,MEDIUM,0.4558823529411765,0.41025641025641024
ACC00181,0.002134955745499,0.0025770790016668,0.003837650552714,0.0634920634920634,0.4642857142857143,23,44,55,-0.1111111111111111,1.2841854278427838,85712.90999999997,110071.27,16,25,3.462212650736241,1362.8333333333333,19.0,0.0522754411908604,0.0202020202020202,46,0.2750754147812971,LOW,0.19117647058823528,0.3589743589743589
ACC00182,0.0015267185726162,0.0023821631582884,0.0114964527305725,0.0597701149425287,0.5,23,39,39,0.0,1.2315292334684376,70972.41999999998,87404.60999999999,21,24,4.009563471622152,2642.948717948718,12.0,-0.0314336864823345,0.0128205128205128,46,0.40554298642533937,MEDIUM,0.42647058823529416,0.3846153846153846
ACC00183,0.001572471810239,0.0024493226860349,0.0021481603695759,0.0571428571428571,0.3611111111111111,23,38,58,-0.2083333333333333,1.5433559441858549,77514.4,119632.31,21,28,3.745910426573564,1163.2631578947369,22.0,-0.04398924485949,0.0208333333333333,50,0.21455505279034692,LOW,0.1470588235294118,0.28205128205128205
ACC00184,0.0019499005361438,0.001543734659148,0.004236924599901,0.0559139784946236,0.3870967741935484,23,39,35,0.054054054054054,0.7094663668932939,84192.49,59731.73999999998,25,18,4.158361394194771,1688.1764705882354,7.0,0.0629474864798189,0.0135135135135135,42,0.5118778280542986,MEDIUM,0.4852941176470589,0.5384615384615384
ACC00185,0.0011532405476014,0.0015060523499507,0.0085167464114832,0.041871921182266,0.3103448275862069,23,29,37,-0.1212121212121212,1.1938379148414604,51033.05,60925.19,16,22,3.145618484603605,2107.538461538461,9.0,-0.014757983604354,0.0,39,0.4458898944193062,MEDIUM,0.4558823529411765,0.4358974358974359
ACC00186,0.002038469653638,0.0012638572750309,0.0011648242864213,0.0566666666666666,0.32,23,32,29,0.0491803278688524,0.7819924333116742,76072.91,59488.44,17,16,3.3540254631313857,1962.0357142857144,210.0,0.1146489936081325,0.0327868852459016,37,0.5816365007541477,MEDIUM,0.5735294117647058,0.5897435897435898
ACC00187,0.0016140505376679,0.0020481066659357,0.0095330803497772,0.069069069069069,0.3513513513513513,23,37,48,-0.1294117647058823,1.5838953541883722,67905.25000000001,107554.80999999998,24,26,4.297731717499598,1661.638888888889,1.0,-0.0415530948787505,0.0117647058823529,48,0.3137254901960784,MEDIUM,0.2941176470588235,0.33333333333333337
ACC00188,0.0017535744364891,0.0019332356157742,0.0203695759775614,0.0555555555555555,0.3888888888888889,23,45,43,0.0227272727272727,1.1265322038991117,72418.55999999998,81581.84000000001,25,25,4.309656942562564,2038.0444444444445,27.0,-0.0152707699135642,0.0227272727272727,49,0.3633107088989442,MEDIUM,0.36764705882352944,0.3589743589743589
ACC00189,0.0019029130540586,0.0015848825141567,0.015759775614585,0.0766129032258064,0.40625,23,42,36,0.0769230769230769,0.6239851861828054,94743.98,59118.84,21,24,3.9120453731134894,2698.404761904762,114.0,0.0162043339325145,0.0256410256410256,43,0.4276018099547511,MEDIUM,0.47058823529411764,0.3846153846153846
ACC00190,0.0021568569307958,0.0017460216534055,0.0157267777594456,0.073015873015873,0.3611111111111111,23,42,39,0.037037037037037,0.6313039007092934,96735.74,61069.65000000002,25,24,4.063923057583303,2545.7804878048782,1.0,0.0137797124346667,0.0493827160493827,45,0.40554298642533937,MEDIUM,0.42647058823529416,0.3846153846153846
ACC00191,0.0013116319973641,0.0015487217752716,0.0063735357201781,0.0689655172413793,0.2666666666666666,23,26,37,-0.1746031746031746,1.5092177907242057,46894.10000000002,70773.41,15,23,3.1959435362165607,2078.038461538461,26.0,0.014272621497004,0.0,41,0.4330693815987934,MEDIUM,0.4558823529411765,0.41025641025641024
ACC00192,0.001293260037201,0.0026974812805874,0.0005840620359676,0.0523076923076923,0.3846153846153846,23,26,27,-0.0188679245283018,2.4678001941500023,50043.78,123498.05,19,17,3.7305377614527,2797.92,61.0,0.0469524035617716,0.0188679245283018,37,0.5835218702865762,MEDIUM,0.6029411764705883,0.5641025641025641
ACC00193,0.0009746070190817,0.0021154574861367,0.001524500907441,0.0745967741935483,0.28125,23,30,50,-0.25,1.9933752711426305,49272.96,98219.5,17,24,3.5062327348142444,1514.0666666666666,148.0,0.0021752193829059,0.025,47,0.32466063348416285,MEDIUM,0.2647058823529411,0.3846153846153846
ACC00194,0.0016769518476145,0.002756992991278,0.0081504702194357,0.0534262485481997,0.4047619047619047,23,49,68,-0.1623931623931624,1.5577050574388347,80740.67000000001,125770.15000000002,23,36,3.818414834366755,1199.1818181818182,34.0,-0.0301064633865333,0.0256410256410256,53,0.038461538461538436,LOW,0.0,0.07692307692307687
ACC00195,0.0019125912041452,0.0020552683966818,0.0078798878072925,0.0586932447397563,0.3255813953488372,23,47,46,0.010752688172043,1.1681555403224897,81285.16,94953.71000000002,28,29,4.243089736543768,1695.891304347826,4.0,0.0102963230629352,0.0,48,0.2899698340874811,LOW,0.32352941176470584,0.2564102564102564
ACC00196,0.0013872406873924,0.0023179999424529,0.0092756970796898,0.0665322580645161,0.34375,23,35,55,-0.2222222222222222,1.49055845003479,67736.23,100964.81000000004,18,25,3.267949378618173,1591.942857142857,11.0,0.007820863930224,0.0222222222222222,46,0.2750754147812971,LOW,0.19117647058823528,0.3589743589743589
ACC00197,0.0014306643995258,0.0024975185357222,0.0051344662596931,0.0541871921182266,0.4482758620689655,23,42,38,0.05,1.415415065963487,70495.06000000001,99779.77,21,21,3.946837189889497,2246.825,22.0,0.0506340367581287,0.025,45,0.4513574660633484,MEDIUM,0.4411764705882353,0.46153846153846156
ACC00198,0.0026716646427699,0.0012044071557483,0.0022999505032172,0.0625,0.28125,23,35,29,0.09375,0.5578477259451505,96022.53,53565.95,18,23,3.044867356556923,2286.6451612903224,4.0,0.0756399203370889,0.0,36,0.49189291101055804,MEDIUM,0.5735294117647058,0.41025641025641024
ACC00199,0.0015833370799023,0.0017896601474056,0.0100676456030358,0.0541871921182266,0.3793103448275862,23,41,40,0.0123456790123456,1.366344102615574,68945.48000000001,94203.25000000004,21,19,3.794066190996648,2005.9268292682927,11.0,0.0354577636232731,0.037037037037037,43,0.46229260935143285,MEDIUM,0.4117647058823529,0.5128205128205128
ACC00200,0.0012753370101968,0.0009815245458908,0.0005477643953143,0.0507246376811594,0.25,23,26,16,0.238095238095238,0.6381615149608336,50901.91,32483.640000000007,19,11,3.675362290546539,3806.1153846153848,3.0,-0.0082580616980864,0.0238095238095238,30,0.7413273001508296,HIGH,0.7647058823529411,0.717948717948718
ACC00201,0.0013321595552457,0.0018773306839981,0.0047318924269922,0.0715249662618083,0.282051282051282,23,35,44,-0.1139240506329113,1.6899158458695678,54248.08000000001,91674.69,25,25,4.11604584365652,2413.542857142857,69.0,-0.040749747450395,0.0253164556962025,48,0.35595776772247356,MEDIUM,0.3529411764705882,0.3589743589743589
ACC00202,0.0010273707088676,0.0008080349189434,0.0111103778254413,0.0692640692640692,0.3181818181818182,22,20,22,-0.0476190476190476,0.7177013144004984,35505.16,25482.1,13,16,3.012059020538646,4046.3333333333335,166.0,-0.0129537541594331,0.0476190476190476,31,0.6331070889894419,HIGH,0.6764705882352942,0.5897435897435898
ACC00203,0.0022512144462462,0.0020586184655587,0.0016432931859429,0.0625889046941678,0.3421052631578947,23,54,39,0.1612903225806451,0.982215659031282,105138.55999999998,103268.73999999998,32,19,4.287401073378694,1828.0961538461536,10.0,0.0306673950022155,0.043010752688172,49,0.46964555052790347,MEDIUM,0.42647058823529416,0.5128205128205128
ACC00204,0.0013070354333548,0.0016264195586447,0.0043755155914865,0.0866935483870967,0.375,23,34,32,0.0303030303030303,1.0967046045536952,60933.81,66826.39,20,24,3.95700485104928,2000.9411764705883,69.0,-0.0348196496759472,0.0454545454545454,40,0.45701357466063347,MEDIUM,0.5294117647058824,0.3846153846153846
ACC00205,0.0014675590300964,0.0002905314764876,0.0,0.0760869565217391,0.0,23,42,0,1.0,0.0,65413.88999999999,0.0,24,0,4.127456115993523,999999.0,999999.0,-0.1009415387852228,0.0476190476190476,32,1.0,CRITICAL,1.0,1.0
ACC00206,0.0021361381048901,0.0011538612648788,0.0041940273882197,0.074074074074074,0.3571428571428571,23,34,21,0.2363636363636363,0.5074926317652737,93892.91,47649.95999999999,21,17,3.994579718430732,3712.5757575757575,29.0,-0.0100021073591999,0.0363636363636363,36,0.6276395173453997,HIGH,0.6911764705882353,0.5641025641025641
ACC00207,0.0020986055092175,0.0016468693259138,0.0059363141395809,0.0738636363636363,0.3333333333333333,23,38,36,0.027027027027027,0.6140878950160028,100338.34,61616.56,23,21,3.737946192497049,1773.8157894736842,6.0,-0.0431323615393862,0.027027027027027,43,0.4660633484162896,MEDIUM,0.47058823529411764,0.46153846153846156
ACC00208,0.0010752862886758,0.0014612141294814,0.0026167299125556,0.0692640692640692,0.3181818181818182,22,24,27,-0.0588235294117647,1.3774580778606782,43318.4,59669.27999999999,17,12,3.4715091556273348,3307.4166666666665,28.0,-0.0656548125424368,0.0392156862745098,34,0.6476244343891403,HIGH,0.6029411764705883,0.6923076923076923
ACC00209,0.002598630386106,0.002042817777234,0.0119815212011219,0.0676532769556025,0.3636363636363636,23,62,60,0.0163934426229508,0.8071742025023062,114824.46999999996,92683.34999999996,27,33,4.273247286700515,1308.9344262295083,17.0,0.011073694423047,0.0245901639344262,53,0.13574660633484165,LOW,0.11764705882352944,0.15384615384615385
ACC00210,0.0011703251326214,0.0017798433822512,0.0079194852334598,0.0666666666666666,0.2580645161290322,23,28,37,-0.1384615384615384,1.6813365026002731,49681.31000000001,83531.0,18,21,3.3886441795672178,2249.958333333333,17.0,0.0020190930303781,0.0615384615384615,41,0.45871040723981904,MEDIUM,0.4558823529411765,0.46153846153846156
ACC00211,0.0013817669727082,0.0012414680192595,0.0012638178518396,0.0736842105263157,0.3,20,24,21,0.0666666666666666,0.8002205187534459,56140.34999999999,44924.66000000001,11,15,2.8181358700711163,3562.4,194.0,-0.0726776188535683,0.0222222222222222,31,0.6532805429864253,HIGH,0.6911764705882353,0.6153846153846154
ACC00212,0.0018599395450678,0.0021387594506895,0.00282131661442,0.0606060606060606,0.3939393939393939,23,45,47,-0.0217391304347826,1.0343580876139564,86412.26000000001,89381.22,23,23,3.845990943796325,1763.5,69.0,-0.0720333955531913,0.0326086956521739,53,0.3595399698340875,MEDIUM,0.3088235294117647,0.41025641025641024
ACC00213,0.0015742471757947,0.0024427893457285,0.0159478633888797,0.0528541226215644,0.2727272727272727,23,42,54,-0.125,1.42357036398558,70886.04999999997,100911.28,22,34,3.862863052624918,1663.1666666666667,66.0,-0.0871229683158695,0.0208333333333333,53,0.16704374057315236,LOW,0.20588235294117652,0.1282051282051282
ACC00214,0.0013592453487101,0.0023951878305225,0.001748886322389,0.0511363636363636,0.3939393939393939,23,39,58,-0.1958762886597938,1.7602244596440535,61017.65,107404.76,23,23,3.9944209054536,1785.4358974358977,53.0,-0.025609454080579,0.0103092783505154,49,0.278657616892911,LOW,0.1470588235294118,0.41025641025641024
ACC00215,0.0019888658600174,0.0021372500994794,0.0029632073915195,0.0641025641025641,0.35,23,50,55,-0.0476190476190476,1.043699901315852,94665.66,98802.54,28,26,4.331169932099515,1815.62,1.0,-0.0656652869326845,0.0380952380952381,53,0.2622549019607843,LOW,0.19117647058823528,0.33333333333333337
ACC00216,0.0020808982955714,0.0029481102387271,0.0036330638508496,0.069069069069069,0.3513513513513513,23,49,48,0.0103092783505154,1.557967091802757,85215.85,132763.49,22,28,4.058756864521684,1555.7142857142858,13.0,0.0504553787588261,0.0,47,0.28808446455505277,LOW,0.2941176470588235,0.28205128205128205
ACC00217,0.0018162343638315,0.0014250015115426,0.0032700874443161,0.0504201680672268,0.4,23,47,35,0.1463414634146341,0.713794647557772,85664.82000000002,61147.09,26,23,4.1737398120721485,1575.5744680851064,13.0,0.0250014435646793,0.0121951219512195,42,0.44777526395173456,MEDIUM,0.4852941176470589,0.41025641025641024
ACC00218,0.0012012936298282,0.0011603692142238,0.0102722323049001,0.0569800569800569,0.2962962962962963,23,22,31,-0.1698113207547169,1.128868707839783,41317.08999999999,46641.57000000001,16,19,3.2241605623739864,1775.05,40.0,-0.0473706085893782,0.0,36,0.5284690799396682,MEDIUM,0.5441176470588236,0.5128205128205128
ACC00219,0.0031377609969842,0.0017481912082304,0.0079986800857944,0.0720092915214866,0.3809523809523809,23,61,51,0.0892857142857142,0.656353332100428,131883.63,86562.25999999998,25,33,4.230724584079696,1634.2131147540983,7.0,0.0355634296674605,0.0089285714285714,50,0.20192307692307693,LOW,0.25,0.15384615384615385
ACC00220,0.0016889383823486,0.0015171213516581,0.0095297805642633,0.0517241379310344,0.2758620689655172,23,44,35,0.1139240506329113,0.8186149116922973,84886.14000000001,69489.06,20,17,3.598643761842657,2474.6136363636365,85.0,-0.0057911193478432,0.0253164556962025,48,0.5246983408748115,MEDIUM,0.4852941176470589,0.5641025641025641
ACC00221,0.0009203563212663,0.0017425577546841,0.0022372545784524,0.0559139784946236,0.2580645161290322,23,18,42,-0.4,2.7987547948949723,37646.81,105364.19,14,25,3.522131136649306,1392.1666666666667,157.0,-0.0132042174055606,0.0166666666666666,43,0.37066365007541474,MEDIUM,0.38235294117647056,0.3589743589743589
ACC00222,0.0020388729513488,0.0018902543228572,0.015475994060386,0.059577677224736,0.2884615384615384,23,51,51,0.0,1.1435289330124074,83599.65999999997,95598.63,33,34,4.433655447594072,1679.04,62.0,0.0783433069655388,0.0588235294117647,47,0.1891025641025641,LOW,0.25,0.1282051282051282
ACC00223,0.0013260173347011,0.0018186747960502,0.0082989605675631,0.0603174603174603,0.2222222222222222,23,26,41,-0.2238805970149253,1.3733430094632757,58866.51,80843.90999999999,19,25,3.73280330926594,1769.8846153846157,33.0,-0.0324782275133862,0.0298507462686567,38,0.37801659125188536,MEDIUM,0.3970588235294118,0.3589743589743589
ACC00224,0.0015588179006954,0.0023838244891471,0.0077412968157069,0.0968660968660968,0.4444444444444444,23,41,45,-0.0465116279069767,1.2257888198596003,92154.12,112961.49,19,20,3.4275353002028206,2034.9166666666667,9.0,0.0410911243596026,0.0232558139534883,45,0.41270739064856715,MEDIUM,0.3382352941176471,0.4871794871794872
ACC00225,0.0026378886154197,0.0014950896559963,0.0005510641808282,0.074074074074074,0.5185185185185185,23,52,38,0.1555555555555555,0.43728472574293,148920.5,65120.66000000001,19,22,3.634372541187696,1852.2884615384612,62.0,0.0031103232709494,0.0111111111111111,45,0.4385369532428356,MEDIUM,0.4411764705882353,0.4358974358974359
ACC00226,0.0012911895771643,0.0015537999177521,0.0307507012044217,0.0580645161290322,0.2258064516129032,23,30,34,-0.0625,1.4533542138657265,46703.79000000001,67877.15,18,20,3.5454196637240503,2432.103448275862,30.0,0.0278723151596965,0.03125,36,0.4935897435897436,MEDIUM,0.5,0.4871794871794872
ACC00227,0.001969353555735,0.0022185056207633,0.0010856294340867,0.0646341463414634,0.2682926829268293,23,48,49,-0.0103092783505154,1.1213354881191788,101021.64,113279.14999999997,27,25,4.078882331768677,1640.9347826086955,86.0,-0.0524387979452577,0.0309278350515463,51,0.31919306184012064,MEDIUM,0.27941176470588236,0.3589743589743589
ACC00228,0.0016706787060239,0.0017604374324061,0.0083385579937304,0.0394088669950738,0.3793103448275862,23,40,33,0.0958904109589041,1.3752401552333886,70402.38,96820.18000000002,22,18,3.9780963621798713,2328.625,41.0,0.0385399992690654,0.0410958904109589,43,0.5265837104072397,MEDIUM,0.5147058823529411,0.5384615384615384
ACC00229,0.0015477073840093,0.0019646636720374,0.0024154429962052,0.0689655172413793,0.3333333333333333,23,41,36,0.0649350649350649,1.445348710008035,61429.83999999999,88787.54,23,17,3.825107002021428,2057.5853658536585,44.0,-0.0376706241119904,0.0389610389610389,43,0.5173453996983408,MEDIUM,0.47058823529411764,0.5641025641025641
ACC00230,0.0015457659921285,0.0014061910365275,0.0083187592806467,0.0608465608465608,0.1785714285714285,23,19,26,-0.1555555555555555,0.9303533456220408,55942.95999999999,52046.72,15,18,3.0643557723889963,4806.210526315789,293.0,-0.0497126001605165,0.0444444444444444,32,0.5780542986425339,MEDIUM,0.6176470588235294,0.5384615384615384
ACC00231,0.0015544944661337,0.0029639448696926,0.0017026893251938,0.0483870967741935,0.375,23,38,54,-0.1739130434782608,1.6825928897459572,78572.72000000002,132205.9,19,25,3.8424973841424954,1807.0526315789475,43.0,0.0309648491073218,0.0217391304347826,46,0.2824283559577677,LOW,0.20588235294117652,0.3589743589743589
ACC00232,0.0014509038488054,0.0019627740931508,0.0051047681900676,0.0584677419354838,0.40625,23,39,56,-0.1789473684210526,1.802772529177872,57814.36000000001,104226.13999999998,21,24,3.8675926301978105,1593.6486486486488,14.0,-0.0250199807456028,0.031578947368421,49,0.28054298642533937,LOW,0.17647058823529416,0.3846153846153846
ACC00233,0.0014252150518153,0.0021723920855096,0.0112258703184293,0.0453781512605042,0.2857142857142857,23,36,48,-0.1428571428571428,1.3362304655771793,73869.6,98706.81,19,26,3.664082319819905,1832.2222222222224,65.0,-0.0292828013030633,0.0,46,0.3137254901960784,MEDIUM,0.2941176470588235,0.33333333333333337
ACC00234,0.0026606295943428,0.0023293923700505,0.0032535885167464,0.0604838709677419,0.4375,23,34,53,-0.2183908045977011,0.8646930410720564,113846.99,98442.69999999998,17,29,3.108143218989043,2006.1764705882356,6.0,0.0404060599065079,0.0459770114942528,44,0.23849924585218701,LOW,0.22058823529411764,0.2564102564102564
ACC00235,0.0022833031984519,0.001464480296371,0.0037683550569213,0.0553359683794466,0.4782608695652174,22,30,25,0.0909090909090909,0.494328661583617,100599.70999999998,49729.32,16,18,3.21505233931133,2373.692307692308,220.0,-0.0292211801516289,0.0181818181818181,37,0.5854072398190044,MEDIUM,0.6323529411764706,0.5384615384615384
ACC00236,0.0017118145347413,0.0018898389347856,0.007170433921795,0.0587301587301587,0.2777777777777778,23,43,41,0.0238095238095238,0.6432127925288694,119397.19,76797.8,23,23,3.6711890569357553,2253.813953488372,12.0,0.0012136704591608,0.0357142857142857,46,0.403657616892911,MEDIUM,0.3970588235294118,0.41025641025641024
ACC00237,0.0016410159241252,0.0013392037714933,0.0064840785348952,0.0559139784946236,0.3548387096774194,23,47,32,0.189873417721519,0.6371896171242052,79658.47000000002,50757.55,24,18,4.16409259260093,3668.2608695652175,18.0,-0.056699226199486,0.0126582278481012,45,0.5339366515837104,MEDIUM,0.5294117647058824,0.5384615384615384
ACC00238,0.0012289615370753,0.0016758610599704,0.0042567233129846,0.0707692307692307,0.3846153846153846,23,34,37,-0.0422535211267605,1.3100689555236782,56864.19,74496.01,16,20,3.669776172690361,1743.8666666666666,18.0,-0.0277836916174605,0.028169014084507,41,0.47153092006033187,MEDIUM,0.4558823529411765,0.4871794871794872
ACC00239,0.001302892480356,0.0019103982061395,0.0017851839630424,0.0482758620689655,0.4333333333333333,23,38,39,-0.0129870129870129,1.1494292236272972,68300.83,78506.97,24,19,3.8895105156346346,1545.75,46.0,0.0654477410243676,0.0389610389610389,42,0.46964555052790347,MEDIUM,0.42647058823529416,0.5128205128205128
ACC00240,0.0011684085586048,0.0014291741566359,0.0062728922620029,0.0677361853832442,0.2647058823529412,23,35,37,-0.0277777777777777,0.7671667433981879,62034.47999999998,47590.79000000001,21,22,3.898126301778155,3031.030303030303,26.0,-0.0367556912478505,0.0138888888888888,42,0.4458898944193062,MEDIUM,0.4558823529411765,0.4358974358974359
ACC00241,0.0012635916045015,0.0020199472597107,0.0035208711433756,0.0789915966386554,0.3428571428571428,23,33,51,-0.2142857142857142,2.252536663933822,47825.60999999999,107728.94000000002,23,24,3.9969013274466207,1771.8181818181818,90.0,0.0359583564560565,0.0476190476190476,44,0.3173076923076923,MEDIUM,0.25,0.3846153846153846
ACC00242,0.0013644324922439,0.0015749663077269,0.0101369410988285,0.0666666666666666,0.4193548387096774,23,39,43,-0.048780487804878,1.2688344781388563,62758.84,79630.57999999999,17,27,3.4846157660273303,1658.6923076923076,149.0,-0.0473572915226363,0.0121951219512195,47,0.3376696832579186,MEDIUM,0.36764705882352944,0.3076923076923077
ACC00243,0.0014939636523066,0.0013712880841136,0.0029830061046032,0.0529100529100529,0.3571428571428571,23,33,35,-0.0294117647058823,0.8881291203848107,64247.64000000001,57060.19999999999,17,21,3.339420125513145,3102.3870967741937,140.0,-0.0148973119570511,0.0147058823529411,40,0.4734162895927602,MEDIUM,0.4852941176470589,0.46153846153846156
ACC00244,0.0022059601823433,0.0019942586829891,0.0026332288401253,0.0625,0.4375,23,40,41,-0.0123456790123456,1.0270842109812846,86761.25000000001,89111.10999999999,21,25,3.752311354234128,2328.55,148.0,0.0156645997135076,0.0246913580246913,45,0.37801659125188536,MEDIUM,0.3970588235294118,0.3589743589743589
ACC00245,0.0018223541690402,0.0020792594797216,0.0063124896881702,0.0850202429149797,0.3076923076923077,23,53,40,0.1397849462365591,0.9423339681473704,90057.87000000001,84864.59000000003,23,28,4.043614443019996,3267.3076923076924,64.0,0.0832453375318077,0.032258064516129,47,0.3469079939668175,MEDIUM,0.4117647058823529,0.28205128205128205
ACC00246,0.0011601515783519,0.0015075296794967,0.0130968487048341,0.0606060606060606,0.2727272727272727,23,28,32,-0.0666666666666666,1.944184576137932,36377.4,70724.37999999999,19,23,3.829797712745968,3027.035714285714,77.0,0.044363485448728,0.05,37,0.4698340874811463,MEDIUM,0.5294117647058824,0.41025641025641024
ACC00247,0.0014581340311449,0.0017857353951914,0.0048770829896056,0.0492307692307692,0.3076923076923077,23,28,35,-0.1111111111111111,1.5978658925494806,61303.38000000001,97954.58,14,20,3.3489219865409594,1986.136363636364,30.0,0.0083556061789326,0.0158730158730158,38,0.48623680241327305,MEDIUM,0.4852941176470589,0.4871794871794872
ACC00248,0.0015484117202771,0.0021302824227201,0.0015937964032337,0.0761904761904762,0.25,23,34,35,-0.0144927536231884,0.9502312228042572,85817.66000000002,81546.62000000001,20,25,3.8345887710312057,2444.0333333333333,49.0,-0.067992957496155,0.0289855072463768,42,0.4221342383107089,MEDIUM,0.4852941176470589,0.3589743589743589
ACC00249,0.0014783617384054,0.0013307913908553,0.011014684045537,0.0504201680672268,0.2857142857142857,23,32,32,0.0,0.788622004275395,63175.44999999999,49821.55,22,23,3.875609156412858,2284.0,17.0,0.0150164993265631,0.03125,40,0.4698340874811463,MEDIUM,0.5294117647058824,0.41025641025641024
ACC00250,0.0008575139549614,0.0012101164928341,0.0267249628774129,0.0615763546798029,0.3448275862068966,23,31,31,0.0,1.708321264101386,30587.41999999999,52253.14,18,21,3.226044440265926,2788.4193548387098,31.0,0.0036913671607899,0.064516129032258,38,0.5028280542986425,MEDIUM,0.5441176470588236,0.46153846153846156
ACC00251,0.0013295588714747,0.001832451339029,0.0008183468074575,0.0687830687830687,0.3571428571428571,23,33,34,-0.0149253731343283,1.5818106496175115,53298.44000000001,84308.03999999998,22,16,3.904273813558038,2311.121212121212,13.0,0.0728285058994551,0.044776119402985,38,0.5448717948717949,MEDIUM,0.5,0.5897435897435898
ACC00252,0.0028176848778636,0.0015375035204501,0.0016597921135126,0.0687830687830687,0.3571428571428571,23,44,41,0.0352941176470588,0.494779661232954,125546.44999999998,62117.83,20,18,3.600794728742359,1709.4318181818182,7.0,-0.0886868243675678,0.0352941176470588,51,0.4677601809954751,MEDIUM,0.3970588235294118,0.5384615384615384
ACC00253,0.001881056782746,0.0018094455751615,0.0025309354891932,0.0449735449735449,0.3214285714285714,23,34,37,-0.0422535211267605,1.0739670005254407,89543.84999999999,96167.13999999996,20,17,3.951343346154153,2117.090909090909,39.0,-0.085253478990771,0.0422535211267605,45,0.5099924585218703,MEDIUM,0.4558823529411765,0.5641025641025641
ACC00254,0.0010589936418038,0.0011650464502732,0.0039036462629929,0.0733333333333333,0.2,23,25,26,-0.0196078431372549,0.8493686024037368,48582.69999999998,41264.62000000001,16,14,2.979368707340482,2745.56,161.0,-0.0540205473600724,0.0,35,0.6293363499245852,HIGH,0.6176470588235294,0.641025641025641
ACC00255,0.0022112651050084,0.0022726906934603,0.0015344002639828,0.053781512605042,0.4285714285714285,23,47,49,-0.0208333333333333,0.8168797029010707,107339.33,87683.31999999999,23,27,3.8929256281234528,1225.872340425532,3.0,0.0800479062355993,0.0104166666666666,47,0.29355203619909503,LOW,0.27941176470588236,0.3076923076923077
ACC00256,0.0035569859335036,0.0016047083749284,0.015195512291701,0.0666666666666666,0.3055555555555556,23,38,36,0.027027027027027,0.4233492202865838,155183.93999999994,65696.99999999999,24,23,2.978713387046577,2238.9210526315787,114.0,-0.0174810605525677,0.0135135135135135,42,0.44042232277526394,MEDIUM,0.47058823529411764,0.41025641025641024
ACC00257,0.002257121543733,0.0026327446087235,0.0111103778254413,0.0676328502415458,0.3260869565217391,23,54,61,-0.0608695652173913,1.202210276247064,110765.34000000004,133163.22999999998,30,31,3.978308962200472,1606.0555555555557,1.0,0.0307977617988959,0.0260869565217391,50,0.1540346907993967,LOW,0.1029411764705882,0.20512820512820518
ACC00258,0.0014111209386708,0.0008133161065237,0.0062530935489193,0.09,0.24,23,20,21,-0.024390243902439,0.5149018137563147,59079.05,30419.91,14,17,3.0976802720472403,4921.105263157895,107.0,-0.1337969429135858,0.0,33,0.6276395173453997,HIGH,0.6911764705882353,0.5641025641025641
ACC00259,0.0017642876043835,0.0013823161450674,0.0036264642798218,0.0598290598290598,0.4444444444444444,23,36,30,0.0909090909090909,0.7355556400622707,83885.50999999998,61702.46,22,17,3.9921997084069383,2362.1176470588234,18.0,-0.0935490137102803,0.0151515151515151,44,0.5614630467571644,MEDIUM,0.5588235294117647,0.5641025641025641
ACC00260,0.0020003460733059,0.0020021333902005,0.0005279656822306,0.080672268907563,0.4285714285714285,23,34,53,-0.2183908045977011,0.8954203704555713,91070.02999999998,81545.95999999998,23,27,4.218963620900924,1821.5294117647056,11.0,0.0013367561467686,0.0689655172413793,49,0.2641402714932127,LOW,0.22058823529411764,0.3076923076923077
ACC00261,0.0014578475926679,0.0022347800785014,0.0081768685035472,0.0568181818181818,0.2727272727272727,23,32,42,-0.1351351351351351,20.306720614995346,66648.96,1353421.81,16,26,3.5662944655833178,1966.90625,62.0,0.0133428039659287,0.0135135135135135,42,0.35784313725490197,MEDIUM,0.38235294117647056,0.33333333333333337
ACC00262,0.0011955639460404,0.001798358782509,0.001240719353242,0.1005291005291005,0.25,23,27,37,-0.15625,1.8160265364988744,46924.05,85215.31999999999,16,19,3.571813238048468,1887.7083333333333,195.0,-0.0788719823166161,0.03125,40,0.48435143288084465,MEDIUM,0.4558823529411765,0.5128205128205128
ACC00263,0.0031702036225493,0.0019843483901896,0.0109057911235769,0.0666666666666666,0.225,23,42,36,0.0769230769230769,0.6106004164574759,146915.36,89706.57999999999,23,26,3.017812649024649,1909.8536585365853,7.0,-0.056915101495654,0.0128205128205128,45,0.4019607843137255,MEDIUM,0.47058823529411764,0.33333333333333337
ACC00264,0.0022558920861099,0.002969398433493,0.0042666226695264,0.0657004830917874,0.2826086956521739,23,61,46,0.1401869158878504,1.0003698150044469,126063.02999999998,126109.65000000002,30,29,4.291153936900099,1502.1803278688524,31.0,0.0613092760663516,0.0,46,0.2899698340874811,LOW,0.32352941176470584,0.2564102564102564
ACC00265,0.001963836930578,0.0019201798941913,0.0002705824121432,0.0559139784946236,0.3225806451612903,23,40,39,0.0126582278481012,1.1237490872528173,95467.29,107281.28,17,24,3.5500660312393357,2902.5128205128203,11.0,-0.0273497961513847,0.0632911392405063,45,0.40554298642533937,MEDIUM,0.42647058823529416,0.3846153846153846
ACC00266,0.0013777458900441,0.0018554093512525,0.0060848044877082,0.0685483870967741,0.375,23,31,46,-0.1948051948051948,1.1323481116584568,61630.79999999999,69787.52,21,23,3.980436103006528,1545.6333333333334,31.0,0.0338218723402837,0.0259740259740259,43,0.36689291101055804,MEDIUM,0.32352941176470584,0.41025641025641024
ACC00267,0.0010525001597517,0.0023824304243549,0.0033657812242204,0.0591133004926108,0.3448275862068966,23,26,45,-0.2676056338028169,2.659787792162361,44080.37,117244.42999999998,19,20,3.655427855115084,1442.5384615384614,6.0,0.017171382533864,0.0,40,0.41270739064856715,MEDIUM,0.3382352941176471,0.4871794871794872
ACC00268,0.0009698502472564,0.001423395907261,0.0008150470219435,0.0633333333333333,0.2,23,21,25,-0.0869565217391304,1.4935243330326804,35256.6,52656.59,16,14,3.564282793460107,3505.2631578947367,67.0,-0.0991786743343011,0.0217391304347826,36,0.6366892911010558,HIGH,0.6323529411764706,0.641025641025641
ACC00269,0.0014863264136099,0.0022127865763908,0.0031512951658142,0.0623885918003565,0.1764705882352941,23,31,33,-0.03125,1.7717155996809857,67081.49999999999,118849.34,21,19,3.754758248648125,2548.2,26.0,0.0033698812248866,0.015625,38,0.513763197586727,MEDIUM,0.5147058823529411,0.5128205128205128
ACC00270,0.0017247654571648,0.0024048238049884,0.0064708793928394,0.0588235294117647,0.3235294117647059,23,40,49,-0.1011235955056179,1.152461435862275,82696.65000000002,95304.7,20,25,3.703319023609088,1689.775,42.0,0.0457411086412211,0.0112359550561797,42,0.31919306184012064,MEDIUM,0.27941176470588236,0.3589743589743589
ACC00271,0.0013189908955108,0.0032489732237989,0.0087642303250288,0.0470588235294117,0.4285714285714285,23,47,54,-0.0693069306930693,17.646647404662406,67057.74999999999,1183344.4700000002,20,30,3.7974104317471062,1178.4651162790697,1.0,-0.0266228304471531,0.0297029702970297,50,0.21832579185520362,LOW,0.20588235294117652,0.23076923076923073
ACC00272,0.0021612742532768,0.0021892440981952,0.0036462629929054,0.0555555555555555,0.4444444444444444,23,56,45,0.1089108910891089,0.8828340645113704,113891.55000000002,100547.33999999998,25,27,4.091410034541194,1829.4727272727275,21.0,0.0243535931615737,0.0198019801980198,49,0.3229638009049774,MEDIUM,0.3382352941176471,0.3076923076923077
ACC00273,0.0017679071360798,0.0020335460264951,0.012143210691305,0.0608465608465608,0.4285714285714285,23,41,43,-0.0238095238095238,1.3853136035957156,70581.78,97777.9,19,21,3.818351261198522,1905.775,40.0,0.0383734966072937,0.0357142857142857,44,0.4145927601809955,MEDIUM,0.36764705882352944,0.46153846153846156
ACC00274,0.0012519904272629,0.0018521894428924,0.0039168454050486,0.0529100529100529,0.3571428571428571,23,34,31,0.0461538461538461,1.1505891724392254,60308.32,69390.09999999999,16,22,3.468604413447132,2182.516129032258,1.0,0.0061354977251986,0.0153846153846153,39,0.49000754147812975,MEDIUM,0.5441176470588236,0.4358974358974359
ACC00275,0.0016703972430667,0.0017312665125565,0.0062959907606005,0.0582010582010582,0.4285714285714285,23,31,37,-0.088235294117647,0.8680168070645491,77676.86,67424.81999999999,22,18,3.717284006362693,1970.103448275862,55.0,0.0349609869585329,0.0147058823529411,41,0.4971719457013575,MEDIUM,0.4558823529411765,0.5384615384615384
ACC00276,0.0019668098351154,0.0020877132997077,0.0111037782544134,0.0604838709677419,0.40625,23,44,47,-0.0329670329670329,1.087651536294466,87750.43,95441.89,24,21,4.054726839989759,2310.309523809524,53.0,-0.010772791735699,0.0109890109890109,48,0.38518099547511314,MEDIUM,0.3088235294117647,0.46153846153846156
ACC00277,0.0019233418172505,0.0018759377305332,0.0046757960732552,0.0623655913978494,0.4193548387096774,23,32,43,-0.1466666666666666,1.2104846578954396,73796.59,89329.64000000001,20,24,3.769130834564814,1816.9375,12.0,0.0055229052728803,0.0266666666666666,40,0.376131221719457,MEDIUM,0.36764705882352944,0.3846153846153846
ACC00278,0.0020127213633823,0.0019647255503046,0.0071506352087114,0.0571428571428571,0.3055555555555556,23,37,44,-0.0864197530864197,0.9662388555048536,88079.35999999999,85105.69999999997,23,24,4.026565403976851,1312.2222222222222,43.0,-0.0014560456817019,0.0493827160493827,44,0.3687782805429864,MEDIUM,0.3529411764705882,0.3846153846153846
ACC00279,0.0024874266226204,0.0022067086378192,0.0083154594951328,0.0674763832658569,0.282051282051282,23,43,43,0.0,0.987978251329674,102134.06,100906.23,24,26,3.804373545035912,2215.093023255814,25.0,-0.045985890403667,0.0232558139534883,49,0.3504901960784314,MEDIUM,0.36764705882352944,0.33333333333333337
ACC00280,0.0014376690849078,0.00209387986973,0.013783204091734,0.0745967741935483,0.375,23,36,45,-0.1111111111111111,1.3757831445224862,63695.13999999999,87630.69999999998,20,24,3.378971174350816,1822.25,38.0,-0.0026382348143269,0.037037037037037,45,0.36142533936651583,MEDIUM,0.3382352941176471,0.3846153846153846
ACC00281,0.0019260470982924,0.0021841658704083,0.0054413463124896,0.0571428571428571,0.2777777777777778,23,40,36,0.0526315789473684,0.975228590312818,85074.69,82967.26999999999,24,22,4.078710408519956,2002.2307692307693,9.0,0.0260294258175525,0.0394736842105263,42,0.45324283559577677,MEDIUM,0.47058823529411764,0.4358974358974359
ACC00282,0.0014029668448022,0.0015304805440063,0.0024781389209701,0.0505747126436781,0.4,23,29,33,-0.064516129032258,0.9875895718628662,63834.22,63042.01000000001,20,22,3.7105688604715263,1276.0384615384614,12.0,-0.0333254782426101,0.032258064516129,37,0.4753016591251885,MEDIUM,0.5147058823529411,0.4358974358974359
ACC00283,0.0017777366730372,0.0013131753713781,0.0051146675466094,0.0714285714285714,0.3571428571428571,23,44,27,0.2394366197183098,0.5310364988755032,83944.23000000001,44577.44999999998,23,15,3.914210092961593,2730.75,42.0,-0.0160477671894351,0.0,43,0.6091628959276019,HIGH,0.6029411764705883,0.6153846153846154
ACC00284,0.0015636158582727,0.0020036648170034,0.0023857449265797,0.0615384615384615,0.4230769230769231,23,35,44,-0.1139240506329113,1.3495493424254197,65243.55,88049.39,17,20,3.384936463858911,1783.857142857143,5.0,-0.0554516191305946,0.0379746835443038,46,0.4200603318250377,MEDIUM,0.3529411764705882,0.4871794871794872
ACC00285,0.0013954453345718,0.0010247691888121,0.0014618049826761,0.0471014492753623,0.375,23,24,20,0.0909090909090909,0.3693584903923881,78231.72,28895.55,19,14,3.094043874175429,4352.652173913043,57.0,-0.082816205901566,0.0227272727272727,34,0.6734539969834087,HIGH,0.7058823529411764,0.641025641025641
ACC00286,0.0020384379043284,0.0019188551695325,0.0104273222240554,0.0487394957983193,0.3142857142857143,23,49,41,0.0888888888888888,0.7100144029537383,121836.11999999998,86505.4,23,23,3.884815829306418,1780.4888888888888,35.0,-0.0980016883020058,0.0,51,0.403657616892911,MEDIUM,0.3970588235294118,0.41025641025641024
ACC00287,0.0015157712627526,0.0029300273744869,0.0050948688335258,0.0555555555555555,0.4166666666666667,23,43,56,-0.1313131313131313,1.898895559035345,67411.48000000001,128007.36,22,29,4.001403213748454,1124.3953488372092,1.0,0.0276227843523772,0.0,47,0.21644042232277527,LOW,0.17647058823529416,0.2564102564102564
ACC00288,0.0018414598201733,0.0023811763380924,0.0024484408513446,0.0559139784946236,0.3548387096774194,23,46,47,-0.010752688172043,1.11132261664797,84169.06000000001,93538.98,21,21,4.092813931621334,1322.0869565217392,3.0,0.0928590131797644,0.010752688172043,45,0.38518099547511314,MEDIUM,0.3088235294117647,0.46153846153846156
ACC00289,0.0016482083305396,0.0021268095001606,0.0010460320079194,0.0625,0.3636363636363636,23,37,45,-0.0975609756097561,1.3128672958974812,68595.92000000001,90057.33999999997,20,25,3.6027663691925778,2335.333333333333,4.0,0.1515474470973307,0.024390243902439,40,0.348604826546003,MEDIUM,0.3382352941176471,0.3589743589743589
ACC00290,0.0013023286997505,0.0013589950057789,0.0013133146345487,0.0758620689655172,0.2666666666666666,23,25,34,-0.1525423728813559,1.1775692625040013,43863.56,51652.380000000005,15,23,3.620325094752688,2521.8,15.0,-0.0156817156126638,0.0169491525423728,41,0.4551282051282051,MEDIUM,0.5,0.41025641025641024
ACC00291,0.0024074034614179,0.0024576914066537,0.0005246658967167,0.0628205128205128,0.325,23,56,51,0.0467289719626168,1.0452772457869792,102335.73000000004,106969.20999999998,24,29,4.166110347956376,1474.7454545454543,3.0,0.0396205410946802,0.0093457943925233,50,0.2532051282051282,LOW,0.25,0.2564102564102564
ACC00292,0.0010857330575638,0.0017522943161319,0.0004289721168124,0.0553359683794466,0.391304347826087,22,24,36,-0.2,2.874474064753011,29991.81,86210.68000000001,15,17,3.460778833509849,2247.826086956521,25.0,-0.0525593605342165,0.0166666666666666,39,0.5173453996983408,MEDIUM,0.47058823529411764,0.5641025641025641
ACC00293,0.0014207848892102,0.0023218687845403,0.0039382940108892,0.0659536541889483,0.3823529411764705,23,43,53,-0.1041666666666666,1.507973510681016,60265.8,90879.22999999998,19,28,3.8514477226521713,1395.6511627906978,8.0,0.0515687495246377,0.0104166666666666,46,0.25131975867269984,LOW,0.22058823529411764,0.28205128205128205
ACC00294,0.0016641829280038,0.0025311525149237,0.0078600890942088,0.0717948717948717,0.35,23,42,53,-0.1157894736842105,1.1543213401067336,87044.41000000003,100477.22,22,32,3.8053170042836064,1063.2857142857142,4.0,0.038334847038731,0.0,46,0.20003770739064858,LOW,0.22058823529411764,0.17948717948717952
ACC00295,0.0016714606453966,0.0014009764279202,0.0043755155914865,0.0587301587301587,0.3333333333333333,23,46,44,0.0222222222222222,0.7152107065400173,75701.02000000002,54142.17999999999,21,27,3.978502364438697,1791.111111111111,62.0,-0.0175678966853168,0.0444444444444444,48,0.33031674208144796,MEDIUM,0.3529411764705882,0.3076923076923077
ACC00296,0.0012072903477789,0.0016566939573815,0.0144266622669526,0.0605042016806722,0.2285714285714285,23,30,44,-0.1891891891891892,1.7365361076412724,43798.07000000001,76056.93,19,24,3.701292454827515,1592.5333333333333,3.0,-0.0090386745613159,0.0135135135135135,44,0.3687782805429864,MEDIUM,0.3529411764705882,0.3846153846153846
ACC00297,0.0022190702462594,0.0025170155631444,0.0130968487048341,0.0664451827242525,0.3023255813953488,23,43,63,-0.1886792452830188,1.5380482469525736,93385.38000000003,143631.21999999997,22,34,3.305743216044485,1517.2093023255811,59.0,-0.0584697257563874,0.0566037735849056,55,0.10086726998491702,LOW,0.07352941176470584,0.1282051282051282
ACC00298,0.0015385112027223,0.0015257142499456,0.0045042072265302,0.0482758620689655,0.3666666666666666,23,28,37,-0.1384615384615384,0.8409748868804723,73581.46,61880.16,20,21,3.870521716433112,3482.8928571428573,25.0,0.0023178773447897,0.0,40,0.45871040723981904,MEDIUM,0.4558823529411765,0.46153846153846156
ACC00299,0.0009863645959209,0.0014615631791286,0.0008414453060551,0.0555555555555555,0.1428571428571428,23,15,23,-0.2105263157894736,1.3007453773574664,36840.4,47919.98,14,18,3.506794575250993,4388.6,79.0,-0.0321110373877033,0.0263157894736842,28,0.6001131221719457,HIGH,0.6617647058823529,0.5384615384615384
ACC00300,0.00117028926266,0.001499198043139,0.0053786503877247,0.0665024630541872,0.0689655172413793,23,21,26,-0.1063829787234042,1.284578454864681,64915.35000000001,83388.85999999999,14,17,2.854876067073859,2984.714285714286,3.0,-0.0312494825774829,0.0212765957446808,32,0.5908748114630468,MEDIUM,0.6176470588235294,0.5641025641025641
ACC00301,0.0013926988249815,0.0015977573955249,0.0122653027553209,0.0655270655270655,0.3333333333333333,23,26,25,0.0196078431372549,1.0446148166479374,61623.25000000001,64372.56000000001,18,18,3.2591584231585693,2928.8846153846152,72.0,-0.1050127070604202,0.0196078431372549,39,0.5854072398190044,MEDIUM,0.6323529411764706,0.5384615384615384
ACC00302,0.0038705562773158,0.0015577968197597,0.005249958752681,0.0628205128205128,0.325,23,74,48,0.2131147540983606,0.3535040179700509,190183.10000000003,67230.49,29,24,4.11048534547577,1502.109589041096,27.0,-0.0167728539247364,0.0491803278688524,54,0.33936651583710403,MEDIUM,0.2941176470588235,0.3846153846153846
ACC00303,0.0013119824129127,0.0025226185542751,0.0005411648242864,0.0634920634920634,0.4642857142857143,23,33,47,-0.175,2.3342764987690408,56423.47,131707.98,19,22,3.862851382636111,2397.25,12.0,-0.0229442797296914,0.0125,44,0.3723604826546003,MEDIUM,0.3088235294117647,0.4358974358974359
ACC00304,0.0010377122068374,0.0002905314764876,0.0,0.0441176470588235,0.0,17,22,0,1.0,0.0,40030.69,0.0,17,0,3.654500393326178,999999.0,999999.0,-0.1086036534770974,0.0,20,1.0,CRITICAL,1.0,1.0
ACC00305,0.001380867053294,0.0013704918507639,0.0034581752186107,0.0655270655270655,0.4074074074074074,23,29,39,-0.1470588235294117,0.923568552985509,59014.06,54503.530000000006,17,21,3.56960569374624,1557.0689655172414,71.0,-0.0672142084564146,0.0147058823529411,45,0.44400452488687786,MEDIUM,0.42647058823529416,0.46153846153846156
ACC00306,0.0013970975515623,0.0016507422220003,0.0026464279821811,0.0733333333333333,0.48,23,28,37,-0.1384615384615384,1.2837138651382756,54279.29999999999,69679.08999999998,19,18,3.6397419167505016,2641.5,324.0,-0.1153930492548346,0.0153846153846153,44,0.4971719457013575,MEDIUM,0.4558823529411765,0.5384615384615384
ACC00307,0.0016015042081697,0.0013188906354453,0.0041313314634548,0.0584615384615384,0.3076923076923077,23,34,28,0.0967741935483871,0.9725109082152792,71927.44,69950.22,19,15,3.789154065610306,2949.5882352941176,17.0,-0.0536400817987928,0.0483870967741935,42,0.6018099547511313,HIGH,0.5882352941176471,0.6153846153846154
ACC00308,0.0010443640465001,0.0014321037566035,0.0095033822801517,0.0655270655270655,0.4074074074074074,23,27,30,-0.0526315789473684,1.2067213644719117,42378.3,51138.80000000001,17,21,3.51531151846841,2110.222222222222,44.0,-0.0384244858046431,0.0,38,0.5101809954751131,MEDIUM,0.5588235294117647,0.46153846153846156
ACC00309,0.0013742268816956,0.0016442690602004,0.0014552054116482,0.0633333333333333,0.36,23,28,31,-0.0508474576271186,0.9107760730360278,65911.58,60030.69,14,20,2.894026248493156,3953.0,72.0,0.1241961025723176,0.0,36,0.5156485671191554,MEDIUM,0.5441176470588236,0.4871794871794872
ACC00310,0.0019688947281796,0.0022491394698328,0.0013859099158554,0.0640113798008534,0.3684210526315789,23,38,42,-0.05,1.032408409613533,89108.96999999999,91996.85000000002,25,27,4.161711806038728,2094.868421052632,5.0,0.1024496294820101,0.0375,40,0.34502262443438914,MEDIUM,0.38235294117647056,0.3076923076923077
ACC00311,0.001674064417388,0.0031905809013639,0.0094505857119287,0.0645645645645645,0.3243243243243243,23,43,63,-0.1886792452830188,17.539001465555593,72880.21000000002,1278246.11,18,31,3.613433215364707,1755.9767441860463,6.0,-0.0034684405097499,0.0188679245283018,51,0.1393288084464555,LOW,0.07352941176470584,0.20512820512820518
ACC00312,0.0018302616385401,0.0014261063809972,0.003553868998515,0.0689655172413793,0.3666666666666666,23,45,28,0.2328767123287671,0.6466291892122071,80782.79000000001,52236.51,23,18,3.955496606620645,2250.704545454545,16.0,0.0048157320543236,0.0136986301369863,40,0.5633484162895928,MEDIUM,0.5882352941176471,0.5384615384615384
ACC00313,0.0019055203670953,0.0033206693087412,0.0070516416432931,0.0873949579831932,0.4571428571428571,23,52,65,-0.1111111111111111,1.4567742792582383,103274.16000000005,150447.14000000004,25,26,3.846968488009789,1123.0392156862745,11.0,-0.0223943755470586,0.0256410256410256,54,0.18872549019607843,LOW,0.044117647058823484,0.33333333333333337
ACC00314,0.0012175003329905,0.0011579725830909,0.0054809437386569,0.0584677419354838,0.40625,23,38,41,-0.0379746835443038,1.2709181648230885,52223.630000000005,66371.95999999999,23,22,4.246884212077014,947.9428571428572,2.0,0.0278761204142004,0.0126582278481012,44,0.41647812971342385,MEDIUM,0.3970588235294118,0.4358974358974359
ACC00315,0.0022779273627486,0.0019481416966092,0.0104240224385414,0.0620155038759689,0.3720930232558139,23,59,54,0.0442477876106194,0.6736358131671863,124604.45,83938.02,28,31,4.147481698320727,2417.3508771929824,62.0,0.007909462600078,0.0265486725663716,51,0.20550527903469085,LOW,0.20588235294117652,0.20512820512820518
ACC00316,0.002138774681011,0.0025386867898795,0.0072463289886157,0.0753911806543385,0.4473684210526316,23,56,60,-0.0344827586206896,1.19498787861144,100644.41000000002,120268.85000000002,27,28,4.298711815023257,1224.9107142857142,3.0,-0.0261330088132612,0.0,56,0.19984917043740574,LOW,0.11764705882352944,0.28205128205128205
ACC00317,0.0016270618577401,0.0017232597897106,0.0002012869163504,0.0626780626780626,0.3703703703703703,23,29,32,-0.0491803278688524,1.131264955486742,69117.61,78190.32999999999,16,21,3.3821323309622127,2082.6428571428573,27.0,0.0457207694747042,0.0327868852459016,37,0.49547511312217196,MEDIUM,0.5294117647058824,0.46153846153846156
ACC00318,0.0012130965527001,0.0015874306208343,0.0009767365121267,0.0615384615384615,0.3846153846153846,23,29,35,-0.09375,1.133093263072875,55169.960000000014,62512.71000000001,15,21,3.40668119768638,2670.3214285714284,25.0,0.0043736214374199,0.015625,40,0.4734162895927602,MEDIUM,0.4852941176470589,0.46153846153846156
ACC00319,0.0015381130978081,0.0013394933184461,0.0188780729252598,0.0390804597701149,0.3666666666666666,23,37,34,0.0422535211267605,0.7783270200750407,65130.13,50692.54000000001,22,19,3.8456956390161694,2915.5135135135133,1.0,0.0564777596772358,0.056338028169014,39,0.5064102564102564,MEDIUM,0.5,0.5128205128205128
ACC00320,0.0012982725253886,0.0016368145498237,0.0019930704504207,0.0866666666666666,0.36,23,40,35,0.0666666666666666,0.7859141504824029,70397.59999999999,55326.47,18,16,3.828904241808937,1883.45,6.0,0.0488871249784691,0.0,43,0.5375188536953244,MEDIUM,0.4852941176470589,0.5897435897435898
ACC00321,0.0008349892762746,0.0012619677253723,0.0019699719518231,0.0718954248366013,0.3333333333333333,18,20,20,0.0,1.662552228956957,28126.16,46761.21,12,12,3.3566752094147945,4931.25,172.0,-0.0769424052594203,0.0,30,0.6990950226244343,HIGH,0.7058823529411764,0.6923076923076923
ACC00322,0.0015920909555207,0.0012711206801682,0.0051278666886652,0.0793650793650793,0.3928571428571428,23,34,32,0.0303030303030303,0.938855256400564,61375.84,57623.03,19,20,3.745329777472931,2311.529411764706,99.0,0.0038531614963717,0.0303030303030303,40,0.5082956259426847,MEDIUM,0.5294117647058824,0.4871794871794872
ACC00323,0.0024746402166009,0.0027618843296547,0.000900841445306,0.0662878787878787,0.4545454545454545,23,54,53,0.0093457943925233,0.971380565884394,124164.22999999998,120610.72000000004,24,24,4.133486940866324,1333.3703703703704,6.0,0.0171792105031339,0.0093457943925233,48,0.3026018099547511,MEDIUM,0.22058823529411764,0.3846153846153846
ACC00324,0.0022542646983758,0.0017863551839223,0.0054050486718363,0.0453781512605042,0.4285714285714285,23,46,40,0.0697674418604651,0.7474146813832984,94283.35,70468.76,25,25,4.250603054572649,1778.2173913043478,2.0,-0.021541095398532,0.0116279069767441,46,0.3853695324283559,MEDIUM,0.4117647058823529,0.3589743589743589
ACC00325,0.0014193281824283,0.0014167694709493,0.0129648572842765,0.0564516129032258,0.3125,23,38,32,0.0857142857142857,1.0615340150375103,57573.36000000001,61116.08,20,22,3.687009888145104,1902.675675675676,16.0,0.1011475138920433,0.0142857142857142,40,0.48265460030165913,MEDIUM,0.5294117647058824,0.4358974358974359
ACC00326,0.0018442838152633,0.0018292697635826,0.0059495132816366,0.0685483870967741,0.40625,23,50,47,0.0309278350515463,0.7970215381149277,88061.56000000001,70186.96,19,26,3.689498888962269,1408.0,32.0,0.0738796825466341,0.0103092783505154,47,0.32107843137254904,MEDIUM,0.3088235294117647,0.33333333333333337
ACC00327,0.0016932382931263,0.0019847829171546,0.0067612605180663,0.0524193548387096,0.375,23,46,37,0.108433734939759,1.0268745429844208,78936.04000000002,81057.40999999999,23,21,3.962707295348681,2103.1794871794878,4.0,-0.0186103041633041,0.0240963855421686,49,0.45871040723981904,MEDIUM,0.4558823529411765,0.46153846153846156
ACC00328,0.0019638196225981,0.0020929625637327,0.0008249463784853,0.0681818181818181,0.303030303030303,23,45,47,-0.0217391304347826,0.8316763367247971,107653.60999999996,89532.95999999996,20,23,3.955718737449668,2427.1136363636365,12.0,0.0935874973008041,0.0217391304347826,40,0.3595399698340875,MEDIUM,0.3088235294117647,0.41025641025641024
ACC00329,0.0021295442868861,0.0028279086808995,0.0037056591321564,0.0664451827242525,0.4186046511627907,23,63,58,0.0413223140495867,1.2811405458343093,99842.01999999996,127911.66,29,32,4.318247997219633,1197.3709677419354,8.0,0.0522718303052342,0.0165289256198347,50,0.16327300150829566,LOW,0.1470588235294118,0.17948717948717952
ACC00330,0.0023271299993674,0.0017820231577302,0.0010064345817521,0.0553846153846153,0.2307692307692307,23,24,26,-0.04,0.7761028979895496,91939.6,71354.59,18,14,3.338811100204269,2467.4,16.0,-0.0009856833308179,0.02,31,0.6293363499245852,HIGH,0.6176470588235294,0.641025641025641
ACC00331,0.0012128880546317,0.0020689733964227,0.0008579442336248,0.0524193548387096,0.34375,23,41,38,0.0379746835443038,1.7444613017753772,51642.55,90088.43,23,20,4.164637045712671,1720.7560975609756,20.0,0.0375220778176529,0.0253164556962025,42,0.46417797888386125,MEDIUM,0.4411764705882353,0.4871794871794872
ACC00332,0.0018307654599895,0.0017374605019681,0.008130671506352,0.0638655462184873,0.3142857142857143,23,37,43,-0.075,0.8570017859639384,81255.83999999998,69636.40000000001,20,26,3.7649903568734047,2328.945945945946,121.0,0.0037424530620017,0.0125,42,0.3504901960784314,MEDIUM,0.36764705882352944,0.33333333333333337
ACC00333,0.0037282401971259,0.0011869612292371,0.0039135456195347,0.0517241379310344,0.3103448275862069,23,32,31,0.0158730158730158,0.3708003017593685,152479.11000000007,56539.29999999998,20,18,2.329565880047769,2674.633333333333,60.0,-0.0202408809740101,0.0,41,0.5412895927601811,MEDIUM,0.5441176470588236,0.5384615384615384
ACC00334,0.0016554855778066,0.0021511347608383,0.0059594126381785,0.0429732868757259,0.2619047619047619,23,35,50,-0.1764705882352941,1.6843716551852153,61307.58,103264.75,24,29,4.247514623150798,1340.264705882353,41.0,-0.0094043974493029,0.0235294117647058,44,0.26055806938159876,LOW,0.2647058823529411,0.2564102564102564
ACC00335,0.0010856133435674,0.0019925173757026,0.0039795413298135,0.0763546798029556,0.3793103448275862,23,31,46,-0.1948051948051948,2.1488981873820387,40802.30999999999,87680.01000000001,18,22,3.76174262263149,2284.6129032258063,16.0,0.0121402742935187,0.0129870129870129,45,0.3797134238310709,MEDIUM,0.32352941176470584,0.4358974358974359
ACC00336,0.0009591933793342,0.0012910005465988,0.0004883682560633,0.0615384615384615,0.3461538461538461,23,20,32,-0.2307692307692307,1.8115458266720543,35860.23,64962.45,12,23,3.14741877120264,1811.0,148.0,-0.0103845764330672,0.0576923076923076,32,0.4698340874811463,MEDIUM,0.5294117647058824,0.41025641025641024
ACC00337,0.0015791538922154,0.0020683515980822,0.0036099653522521,0.0481283422459893,0.2647058823529412,23,36,45,-0.1111111111111111,1.153440675387852,77177.57999999999,89019.75999999998,20,23,3.4864704639840265,1895.8333333333333,29.0,-0.0282339517316677,0.0246913580246913,45,0.37424585218702866,MEDIUM,0.3382352941176471,0.41025641025641024
ACC00338,0.0016112789839717,0.0021289751819745,0.0120541164824286,0.0523809523809523,0.4166666666666667,23,43,53,-0.1041666666666666,1.2760458932604322,70301.39,89707.80000000002,25,26,4.195537397855381,1761.690476190476,23.0,-0.0562476725798307,0.0208333333333333,50,0.2769607843137255,LOW,0.22058823529411764,0.33333333333333337
ACC00339,0.0022889195318213,0.0021156575277432,0.0008414453060551,0.074074074074074,0.4444444444444444,23,42,40,0.024390243902439,1.0076967001763657,92903.45,93618.5,17,22,3.6690820028800144,2530.5238095238096,2.0,-0.0105863633183861,0.048780487804878,46,0.4238310708898944,MEDIUM,0.4117647058823529,0.4358974358974359
ACC00340,0.0011726653349318,0.0017241772309075,0.0026662266952648,0.0665024630541872,0.3793103448275862,23,31,35,-0.0606060606060606,1.197458422613262,55247.58000000001,66156.68000000001,17,23,3.545551803396757,2676.0,46.0,0.0143304413785378,0.0303030303030303,39,0.44777526395173456,MEDIUM,0.4852941176470589,0.41025641025641024
ACC00341,0.0019671216443959,0.0028539153668445,0.0074872133311334,0.0703052728954671,0.2978723404255319,23,58,57,0.008695652173913,1.5436108427483786,86750.33000000002,133908.74999999997,25,36,3.9651217528180713,1528.3793103448277,4.0,0.0800498244104587,0.0347826086956521,48,0.1193438914027149,LOW,0.16176470588235292,0.07692307692307687
ACC00342,0.0019760094755472,0.0015715687382054,0.004121432106913,0.0568181818181818,0.3636363636363636,23,40,37,0.0389610389610389,0.9140298429200168,72469.45,66239.24,23,22,4.124819164757077,2628.0285714285715,88.0,0.0806525532129922,0.0259740259740259,41,0.4458898944193062,MEDIUM,0.4558823529411765,0.4358974358974359
ACC00343,0.0025204771204276,0.002443152306573,0.0369938953967992,0.056910569105691,0.3571428571428571,23,45,48,-0.032258064516129,1.123721516800725,100148.95,112539.52999999998,27,30,4.0911795882233335,1004.8,10.0,-0.0308051161919184,0.032258064516129,48,0.2624434389140271,LOW,0.2941176470588235,0.23076923076923073
ACC00344,0.0011654231505192,0.0011328738418079,0.0058637188582742,0.075268817204301,0.2903225806451613,23,29,30,-0.0169491525423728,1.299220013051661,36945.490000000005,48000.32000000001,17,23,3.688202875997822,2550.4827586206898,126.0,0.0157276465770999,0.0338983050847457,38,0.4845399698340875,MEDIUM,0.5588235294117647,0.41025641025641024
ACC00345,0.0014524508232388,0.0014729332464751,0.0071836330638508,0.0598290598290598,0.4074074074074074,23,32,35,-0.044776119402985,0.8326010724851733,65891.82,54861.6,18,20,3.630440474552972,2454.1,83.0,0.0494895045448837,0.044776119402985,41,0.48623680241327305,MEDIUM,0.4852941176470589,0.4871794871794872
ACC00346,0.001981829751704,0.0019329572164559,0.001352912060716,0.053030303030303,0.4848484848484848,23,55,43,0.1224489795918367,0.8723432427270991,94254.0,82221.84,26,23,4.117938229388366,2148.2,14.0,0.0671144190112858,0.0204081632653061,47,0.38895173453996984,MEDIUM,0.36764705882352944,0.41025641025641024
ACC00347,0.0017907238847716,0.0029118086462361,0.0079194852334598,0.0516129032258064,0.5161290322580645,23,46,54,-0.08,1.2044219233146127,82962.09,99921.36,25,22,3.8688040989404535,1926.717391304348,62.0,0.010840323058654,0.02,48,0.3208898944193062,MEDIUM,0.20588235294117652,0.4358974358974359
ACC00348,0.0014850852980712,0.001670581831016,0.0008546444481108,0.0738461538461538,0.3076923076923077,23,28,32,-0.0666666666666666,1.28504555848987,53656.29999999999,68950.79,21,13,3.688089200357769,1651.6538461538462,57.0,-0.0585551598996419,0.0166666666666666,40,0.5980392156862746,MEDIUM,0.5294117647058824,0.6666666666666667
ACC00349,0.0021302924766807,0.0025213365165785,0.0063586866853654,0.0573170731707317,0.3658536585365853,23,46,49,-0.031578947368421,1.307682266785738,92314.67999999998,120718.27,27,29,4.210425692150506,1455.4,9.0,-0.0305458462373951,0.031578947368421,50,0.2679110105580694,LOW,0.27941176470588236,0.2564102564102564
ACC00350,0.0019556573077071,0.0032149818541574,0.005817521861079,0.0696969696969697,0.2888888888888888,23,49,59,-0.0925925925925925,1.738880142033288,89759.24,156080.56,28,30,4.328764590936967,1389.2708333333333,11.0,-0.0221283973998776,0.0092592592592592,52,0.18156108597285064,LOW,0.13235294117647056,0.23076923076923073
ACC00351,0.0023534192283895,0.0013652391153402,0.0067678600890942,0.071301247771836,0.3235294117647059,23,56,30,0.3023255813953488,0.3764169949802159,131256.63999999996,49407.23,24,21,3.922956563388389,1512.6666666666667,17.0,0.12702557372809,0.0116279069767441,42,0.5101809954751131,MEDIUM,0.5588235294117647,0.46153846153846156
ACC00352,0.0019918607947327,0.0017446547857512,0.002141560798548,0.0685483870967741,0.40625,23,50,42,0.0869565217391304,0.8151943642498728,86764.66999999998,70730.06999999999,24,21,3.9655590205139473,2060.34,10.0,-0.0275262005369263,0.0217391304347826,47,0.42194570135746606,MEDIUM,0.38235294117647056,0.46153846153846156
ACC00353,0.002201659220882,0.0024608243441001,0.0012011219270747,0.0705705705705705,0.2162162162162162,23,42,47,-0.0561797752808988,1.094342347567719,102893.56,112600.77999999996,21,24,3.896399756813532,1899.8809523809523,3.0,-0.0342135452433537,0.0337078651685393,50,0.34671945701357465,MEDIUM,0.3088235294117647,0.3846153846153846
ACC00354,0.0015134615139967,0.0014406257465967,0.0043656162349447,0.0554621848739495,0.2857142857142857,23,35,38,-0.0410958904109589,0.8659142165051785,62254.400000000016,53906.97,20,25,3.990869378973108,3005.1428571428573,2.0,0.0640468898375482,0.0273972602739726,38,0.4000754147812971,MEDIUM,0.4411764705882353,0.3589743589743589
ACC00355,0.0027266808047377,0.0018743003518382,0.0142418742781719,0.0499108734402852,0.2941176470588235,23,32,51,-0.2289156626506024,0.7403835732810197,109615.55999999998,81157.56,18,26,2.657126788675264,1627.6129032258063,19.0,0.0795658309295768,0.036144578313253,42,0.2916666666666667,LOW,0.25,0.33333333333333337
ACC00356,0.0017771865424148,0.001779408829672,0.0073453225540339,0.0587121212121212,0.4242424242424242,23,39,37,0.0263157894736842,0.9895146547516211,70597.58000000002,69857.33999999998,22,25,3.9611160438342368,1545.5135135135135,36.0,0.0621040805449662,0.0,41,0.4074283559577677,MEDIUM,0.4558823529411765,0.3589743589743589
ACC00357,0.001576195780444,0.0019518582916081,0.0057845240059396,0.0482758620689655,0.4,23,35,45,-0.125,1.217363580743015,70886.06999999999,86294.12000000001,18,24,3.593731099137226,1350.9375,21.0,0.0155068160515376,0.0375,45,0.36142533936651583,MEDIUM,0.3382352941176471,0.3846153846153846
ACC00358,0.0020245978029199,0.0022990095443278,0.0058406203596766,0.0606060606060606,0.4411764705882353,23,51,51,0.0,1.195280562015269,83367.13,99647.11000000004,24,25,4.0664694269757655,1707.3921568627452,23.0,-0.0037001390281801,0.0196078431372549,50,0.30448717948717946,MEDIUM,0.25,0.3589743589743589
ACC00359,0.0021133912464403,0.003510440317866,0.0117307375020623,0.0589743589743589,0.375,23,45,57,-0.1176470588235294,13.06751525117846,114810.8,1500291.88,25,30,3.961989346736543,1561.909090909091,19.0,-0.0715897464566397,0.0392156862745098,54,0.19626696832579182,LOW,0.16176470588235292,0.23076923076923073
ACC00360,0.0015648649025064,0.0019848322642642,0.0039003464774789,0.053030303030303,0.2424242424242424,23,32,42,-0.1351351351351351,1.144005422099884,74583.65000000001,85324.10000000002,22,19,3.831119877552813,2200.3125,77.0,0.0308687791536318,0.027027027027027,41,0.44758672699849167,MEDIUM,0.38235294117647056,0.5128205128205128
ACC00361,0.0040564223431384,0.002292868134024,0.0041610295330803,0.0465465465465465,0.3243243243243243,23,43,52,-0.0947368421052631,0.5232276275045528,195686.15,102388.4,18,31,2.668090861400264,1270.7441860465117,55.0,0.0166657193587308,0.0736842105263157,47,0.22021116138763203,LOW,0.23529411764705888,0.20512820512820518
ACC00362,0.0019632509570569,0.0018804268371777,0.0087972281801682,0.0428571428571428,0.2777777777777778,23,38,43,-0.0617283950617283,1.2249125520932274,70436.21999999997,86278.20999999999,22,24,3.617768175234547,1755.7105263157894,27.0,0.0330219788184541,0.0,44,0.376131221719457,MEDIUM,0.36764705882352944,0.3846153846153846
ACC00363,0.0014633092664894,0.0017758360679155,0.0006137601055931,0.0687830687830687,0.25,23,33,34,-0.0149253731343283,1.1584688672930887,70608.38,81797.60999999999,13,22,3.2770832623901858,1767.3666666666666,3.0,0.0483161862912291,0.0298507462686567,43,0.46794871794871795,MEDIUM,0.5,0.4358974358974359
ACC00364,0.0007866529226953,0.0014777466254453,0.0058307210031347,0.0633333333333333,0.16,23,17,21,-0.1052631578947368,2.835058554412597,22566.19,63976.47,13,16,3.14332635972213,2683.1176470588234,1.0,-0.0812794893198273,0.0,28,0.6404600301659125,HIGH,0.6911764705882353,0.5897435897435898
ACC00365,0.0013161575803386,0.0002905314764876,0.0,0.0760233918128654,0.0,19,32,0,1.0,0.0,56534.10999999999,0.0,19,0,3.888640448872133,999999.0,999999.0,0.0460383666635751,0.0,20,1.0,CRITICAL,1.0,1.0
ACC00366,0.0019520182883206,0.0018385971121138,0.0199868008579442,0.0553306342780027,0.3076923076923077,23,57,38,0.2,0.8217409881749574,92000.50999999997,75600.59000000003,27,24,4.148744942035724,2587.7894736842104,20.0,-0.0029980576189051,0.0105263157894736,50,0.41289592760180993,MEDIUM,0.4411764705882353,0.3846153846153846
ACC00367,0.0010712925203824,0.0019384181379708,0.001409008414453,0.0655270655270655,0.4074074074074074,23,24,30,-0.1111111111111111,1.514863336645148,50969.03999999999,77211.13,18,20,3.545261823368106,2648.625,20.0,-0.0773910978725283,0.0,38,0.523001508295626,MEDIUM,0.5588235294117647,0.4871794871794872
ACC00368,0.0012173934908084,0.0008040803285335,0.0034548754330968,0.0676923076923076,0.1923076923076923,23,30,17,0.2765957446808511,0.4913413259555282,51625.10999999999,25365.55,18,13,3.790643303856204,3748.689655172414,5.0,-0.0182884132121185,0.0212765957446808,31,0.7083333333333334,HIGH,0.75,0.6666666666666667
ACC00369,0.0017319490073313,0.002607064917964,0.0051740636858604,0.053763440860215,0.4838709677419355,23,46,53,-0.0707070707070707,1.68436103815706,81284.04,136911.66999999998,20,26,3.966191035890247,1677.4347826086955,19.0,-0.0505375838805601,0.0303030303030303,52,0.2769607843137255,LOW,0.22058823529411764,0.33333333333333337
ACC00370,0.0013031657989006,0.0014336986984714,0.002085464444811,0.0608465608465608,0.2857142857142857,23,29,26,0.0545454545454545,1.0002149444228816,52199.53999999999,52210.75999999998,20,16,3.797317699656425,3932.576923076923,304.0,-0.0955386364721406,0.0,37,0.6036953242835597,HIGH,0.6176470588235294,0.5897435897435898
ACC00371,0.0018890505328098,0.0015788315276605,0.0001055931364461,0.0564516129032258,0.3125,23,38,32,0.0857142857142857,0.8407747306770276,75781.69,63715.33,24,18,3.88544572517732,2588.2631578947367,37.0,0.0166167705503438,0.0142857142857142,41,0.5339366515837104,MEDIUM,0.5294117647058824,0.5384615384615384
ACC00372,0.000897009005777,0.0014408438398814,0.0063619864708793,0.0615942028985507,0.25,23,20,21,-0.024390243902439,1.532022391969213,31343.38,48018.76,16,14,3.5665341572645635,3780.0,113.0,0.0310853790776001,0.0975609756097561,31,0.6661010558069381,HIGH,0.6911764705882353,0.641025641025641
ACC00373,0.0010475551812232,0.0009779155778869,0.0040521366111202,0.0615763546798029,0.1724137931034483,23,29,26,0.0545454545454545,0.7212268931738548,51374.97,37053.01,15,19,3.2908850548359183,2972.928571428572,21.0,0.0031038992156599,0.0363636363636363,36,0.5652337858220211,MEDIUM,0.6176470588235294,0.5128205128205128
ACC00374,0.001322937892831,0.0018298464149558,0.0018181818181818,0.0738636363636363,0.3333333333333333,23,39,34,0.0684931506849315,1.1114350276803038,62831.67999999999,69833.32999999999,24,20,4.030325369815003,2671.923076923077,38.0,-0.0312098648568178,0.0136986301369863,43,0.4935897435897436,MEDIUM,0.5,0.4871794871794872
ACC00375,0.0017382798044744,0.0013356736804063,0.0051212671176373,0.0677361853832442,0.2058823529411764,23,37,29,0.1212121212121212,0.513075903826984,87756.83999999998,45025.92000000001,20,21,3.845036718386361,3818.486486486487,19.0,0.0589288851288882,0.0151515151515151,37,0.5175339366515836,MEDIUM,0.5735294117647058,0.46153846153846156
ACC00376,0.0016074482459917,0.0019657537922309,0.0043161194522356,0.0689655172413793,0.3,23,36,32,0.0588235294117647,0.691926869788951,95657.32,66187.87000000001,18,21,3.238805558971266,1947.388888888889,73.0,-0.100747119181517,0.0294117647058823,44,0.49547511312217196,MEDIUM,0.5294117647058824,0.46153846153846156
ACC00377,0.0014575541197494,0.0017599449209639,0.0128625639333443,0.0719696969696969,0.2727272727272727,23,41,47,-0.0681818181818181,1.013123287000431,69432.29999999999,70343.48000000001,21,21,3.6015934225795783,1208.611111111111,3.0,-0.0268537171648562,0.0113636363636363,47,0.38518099547511314,MEDIUM,0.3088235294117647,0.46153846153846156
ACC00378,0.0013692559072113,0.0017946832762958,0.0226134301270417,0.0677361853832442,0.2941176470588235,23,30,37,-0.1044776119402985,1.311966272601795,54272.79000000001,71204.06999999999,22,22,3.8663601027406,2229.6666666666665,2.0,-0.0350422351789564,0.044776119402985,41,0.4458898944193062,MEDIUM,0.4558823529411765,0.4358974358974359
ACC00379,0.0017864350664064,0.0014892625077553,0.004801187922785,0.0652173913043478,0.2916666666666667,23,31,27,0.0689655172413793,0.9307407131264964,61562.43,57298.66000000001,16,15,3.353477346500051,1968.9655172413795,42.0,0.0743888864957139,0.0344827586206896,37,0.6091628959276019,HIGH,0.6029411764705883,0.6153846153846154
ACC00380,0.0028362388050629,0.0023207414896015,0.0174723642963207,0.066066066066066,0.4054054054054054,23,43,52,-0.0947368421052631,0.8822551619682575,139660.39,123216.10000000002,29,23,3.3816034161895945,1103.560975609756,54.0,-0.0849512085718092,0.0105263157894736,54,0.32277526395173456,MEDIUM,0.23529411764705888,0.41025641025641024
ACC00381,0.0018777407439714,0.0016844767045713,0.0061936974096683,0.0634278002699055,0.2564102564102564,23,48,38,0.1162790697674418,0.7373829150694764,90502.68,66735.12999999999,26,23,3.806576431473257,2536.0625,24.0,0.0482885919310467,0.0348837209302325,46,0.42571644042232276,MEDIUM,0.4411764705882353,0.41025641025641024
ACC00382,0.001239285902046,0.0002905314764876,0.0,0.0514705882352941,0.0,17,31,0,1.0,0.0,54274.13000000003,0.0,17,0,3.338652261789933,999999.0,999999.0,-0.2049721779364286,0.0,29,1.0,CRITICAL,1.0,1.0
ACC00383,0.0012479358302005,0.0009108440526772,0.0121498102623329,0.0473484848484848,0.1818181818181818,23,30,23,0.1320754716981132,0.5460100574807005,51770.42,28267.17000000001,22,17,4.0079352326146696,4896.333333333333,171.0,-0.0596408652608183,0.0566037735849056,36,0.6129336349924586,HIGH,0.6617647058823529,0.5641025641025641
ACC00384,0.0010732442524441,0.0020591300115777,0.0032271902326348,0.0681818181818181,0.3333333333333333,23,45,35,0.125,1.4815242874205223,54397.09,80590.61000000002,24,20,4.131056736673124,3144.4772727272725,49.0,-0.046772256037093,0.05,47,0.48623680241327305,MEDIUM,0.4852941176470589,0.4871794871794872
ACC00385,0.0013081425921756,0.0015411905139772,0.0031248968817026,0.1034482758620689,0.2758620689655172,23,30,27,0.0526315789473684,0.9865298263587348,70748.16000000002,69795.17,19,18,3.5949386920926227,2604.333333333333,2.0,-0.0670100523504191,0.0350877192982456,37,0.5707013574660633,MEDIUM,0.6029411764705883,0.5384615384615384
ACC00386,0.0013227110969214,0.0014771526442254,0.0020359676621019,0.0676923076923076,0.3846153846153846,23,33,34,-0.0149253731343283,1.268759388936494,46797.1,59374.26,18,18,3.538089117367216,2488.9375,24.0,0.0613251849642108,0.0,36,0.5192307692307692,MEDIUM,0.5,0.5384615384615384
ACC00387,0.0033813166328351,0.0025633775083319,0.0035208711433756,0.0709677419354838,0.3870967741935484,23,34,48,-0.1707317073170731,0.7899544306457752,156069.8,123288.03,16,27,2.2320858453227843,1252.9655172413793,16.0,0.0370438789222357,0.0,43,0.3009049773755656,MEDIUM,0.2941176470588235,0.3076923076923077
ACC00388,0.0019145401048052,0.0019085859498076,0.0069526480778749,0.0672268907563025,0.2571428571428571,23,57,38,0.2,0.7366172145997023,99992.45,73656.16,23,21,3.8309440056131865,2208.089285714286,20.0,-0.0510328377002165,0.0421052631578947,49,0.4513574660633484,MEDIUM,0.4411764705882353,0.46153846153846156
ACC00389,0.0011610322314845,0.0012386743546059,0.0104108232964857,0.0443548387096774,0.28125,23,27,37,-0.15625,1.0592490373803864,43160.87000000001,45718.110000000015,19,22,3.8562799685974887,2053.333333333333,26.0,0.0511864311715508,0.0625,37,0.4458898944193062,MEDIUM,0.4558823529411765,0.4358974358974359
ACC00390,0.0025510538547247,0.0011289497228875,0.01558818676786,0.0826210826210826,0.3333333333333333,23,35,22,0.2280701754385964,0.4941051826504634,129677.47,64074.30999999999,17,19,3.317042520106085,2903.1428571428573,124.0,0.0122989916827194,0.0175438596491228,36,0.5946455505279035,MEDIUM,0.6764705882352942,0.5128205128205128
ACC00391,0.0016896215332431,0.0018345635239061,0.0048341857779244,0.0511363636363636,0.3333333333333333,23,32,42,-0.1351351351351351,1.240594004618074,67045.26999999999,83175.95999999999,20,24,3.551659017416529,2590.3,2.0,-0.0352324179584945,0.0135135135135135,45,0.38348416289592757,MEDIUM,0.38235294117647056,0.3846153846153846
ACC00392,0.0019358010033661,0.0020981873749077,0.0107737997030193,0.0884615384615384,0.225,23,42,37,0.0632911392405063,1.2079945925567983,80585.22,97346.50999999998,26,23,4.1512504926212745,2483.928571428572,2.0,-0.0027056518818769,0.0126582278481012,42,0.4330693815987934,MEDIUM,0.4558823529411765,0.41025641025641024
ACC00393,0.003421838828996,0.0002905314764876,0.0,0.0619047619047619,0.0,20,39,0,1.0,0.0,161150.46999999994,0.0,21,0,2.986057383769163,999999.0,999999.0,-0.0237065496290252,0.0256410256410256,29,1.0,CRITICAL,1.0,1.0
ACC00394,0.0023212694281405,0.0022769026898162,0.0075763075400098,0.0607287449392712,0.358974358974359,23,56,43,0.1313131313131313,0.8064805118711332,113342.59,91408.59,30,23,4.240441226401834,2058.3703703703704,20.0,0.1022311465498095,0.0303030303030303,43,0.38895173453996984,MEDIUM,0.36764705882352944,0.41025641025641024
ACC00395,0.0019495684832971,0.0019925635572992,0.0106649067810592,0.0621951219512195,0.3170731707317073,23,47,35,0.1463414634146341,0.9256655258247676,87213.37,80730.41,29,25,4.485388371904703,1933.1914893617025,30.0,-0.0340765182806568,0.0121951219512195,48,0.4221342383107089,MEDIUM,0.4852941176470589,0.3589743589743589
ACC00396,0.0017753064651466,0.0024695770618817,0.0050948688335258,0.0670731707317073,0.3414634146341463,23,45,60,-0.1428571428571428,1.582071512282096,74875.25,118458.0,25,30,4.171773126953,1098.4888888888888,1.0,-0.0806308489814796,0.0476190476190476,56,0.17420814479638008,LOW,0.11764705882352944,0.23076923076923073
ACC00397,0.0018968465857294,0.0015213445717978,0.0032799868008579,0.0597701149425287,0.3333333333333333,23,46,36,0.1219512195121951,0.6128781364327558,88509.38999999998,54245.46999999999,21,19,3.755499544461342,2281.782608695652,41.0,0.1315619387274793,0.048780487804878,41,0.4917043740573152,MEDIUM,0.47058823529411764,0.5128205128205128
ACC00398,0.0012324329776993,0.0020605672859866,0.0046526975746576,0.0523076923076923,0.2692307692307692,23,19,32,-0.2549019607843137,1.169096523992975,63956.42999999999,74771.24000000002,14,19,2.9219963615675506,2092.2105263157896,54.0,0.0080058435324549,0.0196078431372549,32,0.5211161387631975,MEDIUM,0.5294117647058824,0.5128205128205128
ACC00399,0.0010456136453172,0.0017505757942148,0.0077511961722488,0.0569800569800569,0.2592592592592592,23,31,41,-0.1388888888888889,1.6150371971659043,45398.62,73320.45999999998,12,22,3.125829230887944,2484.206896551724,39.0,0.0105078417180984,0.0277777777777777,43,0.41647812971342385,MEDIUM,0.3970588235294118,0.4358974358974359
ACC00400,0.0017142885257858,0.0015998455182828,0.004345817521861,0.0666666666666666,0.3870967741935484,23,39,40,-0.0126582278481012,0.7515256676023883,80661.41000000003,60619.11999999998,23,20,3.8852470612884047,3603.538461538461,25.0,-0.0246040238055977,0.0126582278481012,47,0.4494720965309201,MEDIUM,0.4117647058823529,0.4871794871794872
ACC00401,0.001378261316818,0.0023687257576535,0.0004223725457845,0.0343915343915343,0.3214285714285714,23,36,40,-0.0526315789473684,1.3336951186200057,78269.25999999998,104387.33000000005,19,18,3.5160257700699358,1996.0285714285717,59.0,-0.0225791419112775,0.0263157894736842,44,0.4751131221719457,MEDIUM,0.4117647058823529,0.5384615384615384
ACC00402,0.0023545085342617,0.0027459113656399,0.0028906121102128,0.0909090909090909,0.4545454545454545,23,48,54,-0.0588235294117647,0.8521440910859122,119535.49999999996,101861.47000000004,25,23,3.9378209663736894,1701.9583333333333,12.0,0.0288799041360451,0.0294117647058823,48,0.3080693815987934,MEDIUM,0.20588235294117652,0.41025641025641024
ACC00403,0.0012602282231812,0.0015737347386103,0.0003893746906451,0.0592885375494071,0.3478260869565217,23,33,33,0.0,0.941665146172264,69823.77999999998,65750.62,15,16,3.137356394751565,2424.1875,58.0,0.0049157387013946,0.0303030303030303,41,0.5522247360482655,MEDIUM,0.5147058823529411,0.5897435897435898
ACC00404,0.0019580648556187,0.0018627636756528,0.0101732387394819,0.0474358974358974,0.2,23,35,40,-0.0666666666666666,0.945703027295147,86117.14000000001,81441.24,23,25,4.035620932235625,1164.4848484848485,5.0,0.0032767133121548,0.0533333333333333,43,0.3853695324283559,MEDIUM,0.4117647058823529,0.3589743589743589
ACC00405,0.0028900199551767,0.0021509364116771,0.0023065500742451,0.0516934046345811,0.3529411764705882,23,44,50,-0.0638297872340425,0.7361292308326021,131095.65,96503.34,24,22,3.4753925614193344,1932.6136363636365,40.0,0.075949625280602,0.0531914893617021,43,0.3503016591251885,MEDIUM,0.2647058823529411,0.4358974358974359
ACC00406,0.0012706819011645,0.0028138261822232,0.0073057251278666,0.0604838709677419,0.34375,23,36,48,-0.1428571428571428,2.268147031039959,67263.62,152563.78,21,22,3.323191164973583,1909.571428571429,8.0,0.0270148488854587,0.0238095238095238,43,0.3650075414781297,MEDIUM,0.2941176470588235,0.4358974358974359
ACC00407,0.0033087295435307,0.0021949070352745,0.0057383270087444,0.0555555555555555,0.3513513513513513,23,43,46,-0.0337078651685393,0.642640212305183,145767.52,93676.07,25,25,3.693633444441835,1708.9302325581396,2.0,0.0208493207781305,0.0224719101123595,43,0.3412518853695324,MEDIUM,0.32352941176470584,0.3589743589743589
ACC00408,0.0016240064070591,0.0002905314764876,0.0,0.0457516339869281,0.0,18,41,0,1.0,0.0,70085.66000000002,0.0,18,0,3.6736081826684135,999999.0,999999.0,0.009870873189604,0.0,26,1.0,CRITICAL,1.0,1.0
ACC00409,0.0018140256094619,0.0010243850782323,0.0007919485233459,0.07,0.36,23,34,29,0.0793650793650793,0.4949266527421818,75909.45,37569.610000000015,16,18,3.4208390352030573,2593.5,92.0,0.0149652732562544,0.0476190476190476,39,0.5559954751131222,MEDIUM,0.5735294117647058,0.5384615384615384
ACC00410,0.0023022726389535,0.0018547384528007,0.0025144365616234,0.0735735735735735,0.2972972972972973,23,38,43,-0.0617283950617283,0.9294845985508132,112287.81,104369.78999999998,23,25,4.137379455781948,2366.394736842105,8.0,-0.0414653500876559,0.0,46,0.3633107088989442,MEDIUM,0.36764705882352944,0.3589743589743589
ACC00411,0.0015511654984199,0.0010311002495015,0.0012671176373535,0.0615942028985507,0.2916666666666667,23,29,21,0.16,0.719506424606049,56215.12,40447.13999999999,18,13,3.6767452715999513,2283.913043478261,119.0,-0.0010254924285222,0.06,36,0.678921568627451,HIGH,0.6911764705882353,0.6666666666666667
ACC00412,0.0012266443359517,0.0014935526485817,0.0015640983336083,0.0952380952380952,0.1785714285714285,23,28,25,0.0566037735849056,1.0444051576930005,60704.66,63400.25999999998,21,12,3.792886186012464,2397.928571428572,51.0,0.0232552348145489,0.0,33,0.6623303167420814,HIGH,0.6323529411764706,0.6923076923076923
ACC00413,0.0014264245525163,0.0026084965896037,0.0066292690975086,0.0793650793650793,0.4166666666666667,23,37,53,-0.1777777777777777,1.7956672135440293,64042.39,114998.82,21,30,3.961519908226638,1174.9722222222222,34.0,-0.0137436269227373,0.0333333333333333,47,0.22567873303167418,LOW,0.22058823529411764,0.23076923076923073
ACC00414,0.0021591562157454,0.0027682901141139,0.0251872628279161,0.0371660859465737,0.2619047619047619,23,44,40,0.0476190476190476,24.99929845971988,93936.16,2348338.1,28,25,3.966478813847931,2553.119047619048,18.0,0.0462983260340307,0.0238095238095238,42,0.3853695324283559,MEDIUM,0.4117647058823529,0.3589743589743589
ACC00415,0.0011731590294681,0.0010150374292877,0.0016729912555683,0.0285714285714285,0.3333333333333333,20,24,23,0.0212765957446808,0.6097845803666764,53177.13999999999,32426.6,11,17,2.8937572044404067,2999.75,197.0,0.1004380964147511,0.0,31,0.6129336349924586,HIGH,0.6617647058823529,0.5641025641025641
ACC00416,0.0019805906775599,0.001591280763672,0.0041808282461639,0.0731182795698924,0.4193548387096774,23,42,39,0.037037037037037,0.9374801249096412,78395.87000000002,73494.57000000002,23,21,4.068964539184333,2520.0714285714284,8.0,0.0763320333628588,0.0123456790123456,42,0.44400452488687786,MEDIUM,0.42647058823529416,0.46153846153846156
ACC00417,0.0027425071710975,0.0016753982225297,0.002257053291536,0.064516129032258,0.3125,23,32,43,-0.1466666666666666,0.8788178805484161,102852.55,90388.66,20,22,3.384153348507681,2349.84375,45.0,0.0476781329266699,0.0266666666666666,40,0.40177224736048267,MEDIUM,0.36764705882352944,0.4358974358974359
ACC00418,0.0011150869512835,0.0015651736832851,0.0023065500742451,0.0494623655913978,0.2258064516129032,23,27,39,-0.1818181818181818,1.370949375375553,45366.46,62195.12000000001,14,24,3.051594300639897,2459.074074074074,3.0,0.0163688274186379,0.0,38,0.40554298642533937,MEDIUM,0.42647058823529416,0.3846153846153846
ACC00419,0.001028573595635,0.0014318233798557,0.0002111862728922,0.0683760683760683,0.2592592592592592,23,21,36,-0.2631578947368421,2.0061820089248386,32885.74999999999,65974.79999999999,12,22,3.257081830620448,2196.6666666666665,60.0,-0.0420736702976553,0.0175438596491228,36,0.45324283559577677,MEDIUM,0.47058823529411764,0.4358974358974359
ACC00420,0.0026249990581291,0.0013570093972313,0.0091899026563273,0.057471264367816,0.2333333333333333,23,27,28,-0.0181818181818181,0.5651989527191631,112924.82,63824.990000000005,19,18,1.880073178186725,2759.5185185185187,5.0,-0.0237831605079595,0.0181818181818181,36,0.5633484162895928,MEDIUM,0.5882352941176471,0.5384615384615384
ACC00421,0.0019843677765991,0.0029223983551688,0.0033162844415113,0.053763440860215,0.3548387096774194,23,50,44,0.0638297872340425,1.208407779918755,102595.93000000002,123977.72000000002,20,22,3.879730671936042,1533.2340425531916,6.0,0.0732383865691235,0.0319148936170212,44,0.39441930618401205,MEDIUM,0.3529411764705882,0.4358974358974359
ACC00422,0.0010410185149005,0.0018620033764187,0.0084342517736347,0.0714285714285714,0.3793103448275862,23,26,38,-0.1875,2.0380874862615794,39806.25,81128.62,19,21,3.532387463808632,2040.7692307692307,16.0,0.051411166381772,0.015625,38,0.4513574660633484,MEDIUM,0.4411764705882353,0.46153846153846156
ACC00423,0.001477145709682,0.0011516025568109,0.0087345322554033,0.0455840455840455,0.3703703703703703,23,27,28,-0.0181818181818181,0.8834587350744175,49724.19,43929.27,17,20,3.689156399373114,2588.555555555556,21.0,0.0477359726795458,0.0363636363636363,35,0.5377073906485672,MEDIUM,0.5882352941176471,0.4871794871794872
ACC00424,0.0011468270675068,0.0011999607912385,0.00327338722983,0.0655270655270655,0.1851851851851851,23,21,33,-0.2222222222222222,1.0938469055711606,51225.77,56033.15,11,21,3.01984261869619,1771.15,96.0,0.0122733584647634,0.0185185185185185,39,0.48812217194570134,MEDIUM,0.5147058823529411,0.46153846153846156
ACC00425,0.0017904272958855,0.0034126252862526,0.0047186932849364,0.0745967741935483,0.4375,23,40,60,-0.2,2.331942678883836,70712.51000000001,164897.52000000005,21,25,3.806213808646106,1622.8974358974358,11.0,0.0426231837964703,0.04,48,0.23831070889894418,LOW,0.11764705882352944,0.3589743589743589
ACC00426,0.0012872459773133,0.0015177010583942,0.0048671836330638,0.07,0.44,23,35,44,-0.1139240506329113,1.3484331819294524,51390.14,69296.17000000003,18,18,3.239233025575237,1971.7941176470588,67.0,-0.0338956268553451,0.0126582278481012,45,0.4457013574660633,MEDIUM,0.3529411764705882,0.5384615384615384
ACC00427,0.0014941580739282,0.0029174589426231,0.0045537040092393,0.0634146341463414,0.2195121951219512,23,38,53,-0.1648351648351648,1.8654459616272028,70733.43999999999,131949.41000000003,22,28,3.7437262370414617,1132.7027027027027,21.0,-0.041968099143582,0.0329670329670329,47,0.25131975867269984,LOW,0.22058823529411764,0.28205128205128205
ACC00428,0.003780029667126,0.0026849522527618,0.005870318429302,0.0776515151515151,0.3939393939393939,23,40,54,-0.1489361702127659,0.7292924616865794,173417.04,126471.74,20,26,2.789230443658026,1591.975,27.0,0.0505714098359328,0.0212765957446808,47,0.26960784313725494,LOW,0.20588235294117652,0.33333333333333337
ACC00429,0.0014808477876062,0.00138717367735,0.001580597261178,0.0533333333333333,0.36,23,30,31,-0.0163934426229508,0.9704099951792442,59762.40999999998,57994.04,17,17,3.4609739286624217,2423.1666666666665,43.0,-0.0125434155254849,0.0,38,0.5541101055806938,MEDIUM,0.5441176470588236,0.5641025641025641
ACC00430,0.0010408173204497,0.0002905314764876,0.0,0.0769230769230769,0.0,13,25,0,1.0,0.0,53337.68999999999,0.0,13,0,3.4304460200710785,999999.0,999999.0,-0.0870132928265528,0.0,22,1.0,CRITICAL,1.0,1.0
ACC00431,0.0012651122556988,0.0011490135550496,0.0023263487873288,0.0541871921182266,0.2413793103448276,23,26,21,0.1063829787234042,1.4157575772658588,48218.58,68265.81999999999,19,17,3.7851048625121417,5715.615384615385,15.0,-0.032181478325494,0.0212765957446808,32,0.6276395173453997,HIGH,0.6911764705882353,0.5641025641025641
ACC00432,0.0013295968347095,0.0019144725960977,0.0032502887312324,0.0769230769230769,0.4074074074074074,23,34,41,-0.0933333333333333,2.3693126186594826,55294.78,131010.62,18,20,3.812182385877556,2556.757575757576,61.0,1.690947176221498e-05,0.0266666666666666,43,0.4421191553544495,MEDIUM,0.3970588235294118,0.4871794871794872
ACC00433,0.0023450575856131,0.0029732168280746,0.0140405873618214,0.0646341463414634,0.3658536585365853,23,41,53,-0.1276595744680851,1.3910819089611537,88614.48,123269.99999999996,25,31,4.059962914368324,1400.0487804878048,19.0,0.0264841358421902,0.0212765957446808,44,0.2128582202111614,LOW,0.22058823529411764,0.20512820512820518
ACC00434,0.0013914697269214,0.0013416555144116,0.0159742616729912,0.057471264367816,0.3,23,31,34,-0.0461538461538461,0.950085240174346,64253.740000000005,61046.52999999999,18,21,3.651428013397061,2026.6666666666667,41.0,-0.0016205762737487,0.0307692307692307,39,0.4807692307692308,MEDIUM,0.5,0.46153846153846156
ACC00435,0.0018408888359568,0.0011005572742883,0.0029005114667546,0.0683760683760683,0.2962962962962963,23,28,27,0.0181818181818181,0.5449262841893056,86768.36000000003,47282.35999999999,19,16,2.9843348933698164,3091.75,7.0,-0.0520338375427901,0.0,37,0.5963423831070891,MEDIUM,0.6029411764705883,0.5897435897435898
ACC00436,0.0025518606224089,0.0031211211909885,0.0088599241049331,0.0369843527738264,0.3947368421052631,23,53,56,-0.0275229357798165,1.1341532201990243,120519.88,136688.01,28,25,4.19441086573624,1189.1923076923076,9.0,0.0511361448295245,0.018348623853211,50,0.26772247360482654,LOW,0.17647058823529416,0.3589743589743589
ACC00437,0.0018369278071759,0.0014260564207101,0.0060122092064015,0.0481283422459893,0.3235294117647059,23,33,35,-0.0294117647058823,0.8793542727520179,70574.06999999999,62059.61,22,23,3.969789509725961,2149.4242424242425,32.0,-0.0206281785658474,0.0,38,0.44777526395173456,MEDIUM,0.4852941176470589,0.41025641025641024
ACC00438,0.0009230476108786,0.0018956929889689,0.0005147665401748,0.0646153846153846,0.3461538461538461,23,26,33,-0.1186440677966101,2.0356776541110237,38813.09,79010.94000000002,16,19,3.5325421658630014,2346.846153846154,31.0,-0.1218471905109847,0.0169491525423728,40,0.513763197586727,MEDIUM,0.5147058823529411,0.5128205128205128
ACC00439,0.0012086659405133,0.0019442480808785,0.0023989440686355,0.0731182795698924,0.3870967741935484,23,42,42,0.0,1.2275108965660608,66576.01999999999,81722.78999999998,19,24,3.6544642665885134,2031.3809523809523,28.0,0.0535226390583023,0.0119047619047619,45,0.38348416289592757,MEDIUM,0.38235294117647056,0.3846153846153846
ACC00440,0.0026603137571891,0.0035487937396031,0.0009635373700709,0.0666666666666666,0.6451612903225806,23,54,60,-0.0526315789473684,1.3898437891347457,117183.27000000002,162866.44,24,27,4.098112876437719,1500.8703703703704,6.0,0.0542983792260479,0.0263157894736842,51,0.21266968325791857,LOW,0.11764705882352944,0.3076923076923077
ACC00441,0.0034738575614108,0.0012933961530264,0.0022141560798548,0.0689655172413793,0.3448275862068966,23,35,29,0.09375,0.390371016665761,137283.86,53591.64,21,18,3.139249764697276,2408.181818181818,175.0,-0.0536457521207553,0.03125,39,0.5559954751131222,MEDIUM,0.5735294117647058,0.5384615384615384
ACC00442,0.0030036955267071,0.0012142577297075,0.0046065005774624,0.0566502463054187,0.4137931034482758,23,41,35,0.0789473684210526,0.3866115232492305,147322.51,56956.58,21,20,3.13923379216605,2690.512195121951,53.0,-0.0868495777265319,0.0131578947368421,47,0.48623680241327305,MEDIUM,0.4852941176470589,0.4871794871794872
ACC00443,0.0025062612115101,0.0027001786718442,0.0041346312489688,0.0682926829268292,0.3658536585365853,23,59,66,-0.056,1.0383338892210554,130122.2,135110.29,27,29,4.19578628933234,1252.864406779661,1.0,-0.0190544142711323,0.048,55,0.14291101055806937,LOW,0.02941176470588236,0.2564102564102564
ACC00444,0.0014793163466141,0.0021842883924731,0.0066985645933014,0.0722689075630252,0.3142857142857143,23,33,35,-0.0294117647058823,1.213695277492457,71225.71999999999,86446.32000000002,24,22,3.9984360235219096,3009.454545454545,51.0,0.0197742183874736,0.0147058823529411,39,0.4605957767722474,MEDIUM,0.4852941176470589,0.4358974358974359
ACC00445,0.0019081101460336,0.0022225467936684,0.0120244184128031,0.0720092915214866,0.3095238095238095,23,39,52,-0.1428571428571428,1.1073297927728167,90810.48,100557.15000000002,23,32,3.87828049900648,2264.25641025641,5.0,0.0462577006588224,0.0109890109890109,49,0.2073906485671192,LOW,0.23529411764705888,0.17948717948717952
ACC00446,0.001813609987938,0.0020696545343332,0.002088764230325,0.0602150537634408,0.3225806451612903,23,38,43,-0.0617283950617283,1.2501917071381738,66585.94000000002,83245.19000000003,21,20,3.8069540035180847,1447.0,17.0,-0.0033626203977575,0.037037037037037,45,0.42741327300150833,MEDIUM,0.36764705882352944,0.4871794871794872
ACC00447,0.0019407916326779,0.0021104769017145,0.0149876258043227,0.074390243902439,0.3170731707317073,23,57,44,0.1287128712871287,1.06147063998801,82803.27,87893.24,26,28,4.203647311576797,1522.1929824561405,1.0,0.0294622040270142,0.0099009900990099,49,0.3174962292609351,MEDIUM,0.3529411764705882,0.28205128205128205
ACC00448,0.0021113214910615,0.0028656650385771,0.0112357696749711,0.0719822812846068,0.3720930232558139,23,59,61,-0.0166666666666666,1.1439270555808132,112091.91999999995,128224.98,27,32,4.165617062618706,1533.2413793103449,1.0,0.0659721150023144,0.0333333333333333,50,0.14121417797888386,LOW,0.1029411764705882,0.17948717948717952
ACC00449,0.0008305110299133,0.0007632853840107,0.0097574657647252,0.0615942028985507,0.1666666666666666,23,31,11,0.4761904761904761,0.6447044077163818,38214.80000000001,24637.25,17,11,3.1105749479362435,5069.666666666667,66.0,-0.0556306011055143,0.0,31,0.7780920060331825,HIGH,0.8382352941176471,0.717948717948718
ACC00450,0.0017494548193581,0.0023304757283789,0.0139712918660287,0.064625850340136,0.2244897959183673,23,51,50,0.0099009900990099,0.91976664403135,96132.95999999996,88419.88999999998,28,32,4.227118586728087,1417.46,16.0,-0.0311906409871245,0.0594059405940594,51,0.22209653092006032,LOW,0.2647058823529411,0.17948717948717952
ACC00451,0.0020578985474331,0.0026661005737324,0.0031347962382445,0.0568990042674253,0.3684210526315789,23,51,53,-0.0192307692307692,1.131105503329581,106875.3,120887.23999999996,23,29,3.909871350554464,1256.02,5.0,0.0179354286278128,0.0192307692307692,48,0.23849924585218701,LOW,0.22058823529411764,0.2564102564102564
ACC00452,0.0037899642616025,0.0019548496727036,0.0044283121597096,0.048048048048048,0.3513513513513513,23,58,52,0.0545454545454545,0.4516175710173899,196680.7000000001,88824.46,20,30,2.6955272840529405,1617.2586206896551,37.0,-0.0277703686623817,0.0181818181818181,53,0.2330316742081448,LOW,0.23529411764705888,0.23076923076923073
ACC00453,0.0015104117521355,0.0015186335178584,0.0100379475334103,0.0681818181818181,0.303030303030303,23,37,45,-0.0975609756097561,1.0602147826012644,62018.990000000005,65753.45,18,25,3.552930366592724,1269.5,33.0,-0.0365447762210477,0.024390243902439,45,0.348604826546003,MEDIUM,0.3382352941176471,0.3589743589743589
ACC00454,0.0019372515185185,0.0018400145849791,0.002596931199472,0.0672268907563025,0.3142857142857143,23,44,39,0.0602409638554216,0.6473348734947356,88163.92,57071.57999999999,23,23,3.957755879771272,1736.2142857142858,25.0,0.0212610808884647,0.0120481927710843,44,0.4183634992458522,MEDIUM,0.42647058823529416,0.41025641025641024
ACC00455,0.0017185434551402,0.0014832102834115,0.0067447615904966,0.0483870967741935,0.3125,23,38,37,0.0133333333333333,0.8250602729876909,81114.28,66924.17,22,20,4.058266416197981,2048.162162162162,67.0,-0.0265791364234831,0.0533333333333333,43,0.47153092006033187,MEDIUM,0.4558823529411765,0.4871794871794872
ACC00456,0.0011772286177802,0.0012456135228693,0.0043887147335423,0.0543478260869565,0.375,23,22,25,-0.0638297872340425,1.6187776126784534,36314.84,58785.65,17,16,3.703635726846677,3079.318181818182,48.0,0.0611596959197236,0.0212765957446808,30,0.6110482654600302,HIGH,0.6323529411764706,0.5897435897435898
ACC00457,0.0020072925643251,0.002110564763651,0.0031446955947863,0.0551724137931034,0.4333333333333333,23,46,54,-0.08,1.0503151276104452,90226.94000000002,94766.72,21,22,3.812939067253789,1620.2666666666669,6.0,0.0423884320206172,0.03,48,0.3208898944193062,MEDIUM,0.20588235294117652,0.4358974358974359
ACC00458,0.0017368821820984,0.0016102968982429,0.0063586866853654,0.0564102564102564,0.375,23,47,42,0.0561797752808988,0.7996989119383068,87582.35000000002,70039.50999999998,28,27,4.279779188949544,1854.6976744186047,40.0,-0.0285242971539134,0.0337078651685393,49,0.34502262443438914,MEDIUM,0.38235294117647056,0.3076923076923077
ACC00459,0.0022245089504847,0.0020043355918644,0.0052681075730077,0.0593792172739541,0.358974358974359,23,47,50,-0.0309278350515463,0.9835031934901056,96230.14,94642.64999999998,29,24,4.2023367628721005,1862.5106382978724,34.0,0.0003775100031068,0.0103092783505154,49,0.32466063348416285,MEDIUM,0.2647058823529411,0.3846153846153846
ACC00460,0.0012026549304331,0.0018943928115019,0.002425342352747,0.0554621848739495,0.2,23,36,40,-0.0526315789473684,1.6098881087137271,52606.420000000006,84690.45,22,20,3.890222876062353,1723.1944444444443,51.0,0.0303293196308132,0.0263157894736842,41,0.4494720965309201,MEDIUM,0.4117647058823529,0.4871794871794872
ACC00461,0.0013900705961652,0.0016935641161774,0.0016102953308034,0.0676923076923076,0.3076923076923077,23,29,30,-0.0169491525423728,1.0173998456353377,62682.73999999999,63773.41,13,21,2.7857934572330767,2835.448275862069,4.0,-0.0369152283734261,0.0,36,0.5101809954751131,MEDIUM,0.5588235294117647,0.46153846153846156
ACC00462,0.0009673860205852,0.0011595112639191,0.0017620854644448,0.0292397660818713,0.3157894736842105,19,14,27,-0.3170731707317073,1.388751613498064,31724.550000000003,44057.52000000001,9,16,2.7264513689277625,3914.714285714286,77.0,0.012867116945621,0.048780487804878,28,0.5963423831070891,MEDIUM,0.6029411764705883,0.5897435897435898
ACC00463,0.0015687496810627,0.0009300447835942,0.0002177858439201,0.0632411067193675,0.391304347826087,22,36,26,0.1612903225806451,0.5335208255484728,68642.85,36622.38999999999,16,16,3.611519559051752,3321.3142857142857,84.0,0.0995030377093863,0.0161290322580645,36,0.6036953242835597,HIGH,0.6176470588235294,0.5897435897435898
ACC00464,0.0014114419098885,0.0015767022468501,0.0062332948358356,0.0646153846153846,0.3846153846153846,23,29,30,-0.0169491525423728,0.8868659824218856,67543.07999999999,59901.66,18,18,3.460036719031032,3557.925925925926,4.0,0.112304706901545,0.0169491525423728,40,0.5486425339366516,MEDIUM,0.5588235294117647,0.5384615384615384
ACC00465,0.0017846563626468,0.0016229287422964,0.0067711598746081,0.0705645161290322,0.375,23,36,42,-0.0769230769230769,0.8895291550855152,76827.42,68340.23000000001,21,23,3.451830875706216,2197.3611111111118,26.0,0.0073133149252714,0.0128205128205128,44,0.3963046757164404,MEDIUM,0.38235294117647056,0.41025641025641024
ACC00466,0.0017805069282544,0.0023352660072324,0.0020524665896716,0.0584677419354838,0.4375,23,55,49,0.0576923076923076,1.3662207042344552,74730.51000000001,102098.37,25,21,4.2824644736036825,1824.377358490566,3.0,0.0600355434014578,0.0192307692307692,47,0.37047511312217196,MEDIUM,0.27941176470588236,0.46153846153846156
ACC00467,0.0011587043869641,0.0012785990019242,0.0048440851344662,0.0649350649350649,0.4090909090909091,22,33,26,0.1186440677966101,1.1527120638691677,45248.750000000015,52158.780000000006,17,14,3.691090298311492,2617.909090909091,19.0,-0.0682096495131187,0.0169491525423728,40,0.6293363499245852,HIGH,0.6176470588235294,0.641025641025641
ACC00468,0.0023681093381272,0.0021182138453369,0.0100280481768685,0.0625889046941678,0.4210526315789473,23,52,51,0.0097087378640776,1.1341454585089008,102206.74,115917.31,28,26,4.364228932692961,1842.9615384615383,20.0,0.1069407588812138,0.0388349514563106,47,0.2916666666666667,LOW,0.25,0.33333333333333337
ACC00469,0.0014822360282297,0.0021721305985985,0.0055304405213661,0.0487394957983193,0.3142857142857143,23,39,47,-0.0930232558139534,0.9988693917072642,73800.98000000003,73717.54,22,24,3.9625348294109073,1402.0,7.0,-0.0595010436700884,0.0116279069767441,47,0.34671945701357465,MEDIUM,0.3088235294117647,0.3846153846153846
ACC00470,0.0019107848899994,0.0020027462584221,0.0111004784688995,0.0557491289198606,0.2142857142857142,23,39,45,-0.0714285714285714,1.0626880619964143,77640.61999999998,82507.76000000002,25,26,4.18579288336301,1694.6842105263158,37.0,0.123041959499343,0.0595238095238095,42,0.3357843137254902,MEDIUM,0.3382352941176471,0.33333333333333337
ACC00471,0.0013486456804117,0.0015232957965598,0.0011351262167959,0.0632411067193675,0.391304347826087,23,28,36,-0.125,1.4439543389687537,50478.93000000001,72889.26999999999,16,16,3.4629992024390983,2395.1481481481483,27.0,-0.000201836040092,0.0,38,0.5301659125188537,MEDIUM,0.47058823529411764,0.5897435897435898
ACC00472,0.002066550115884,0.0022413954942125,0.0053291536050156,0.0496828752642706,0.1818181818181818,23,48,49,-0.0103092783505154,1.066377516567448,96819.37999999998,103246.01000000002,24,28,3.8377105316437374,1509.6041666666667,3.0,0.0455803525852467,0.0206185567010309,46,0.2807315233785822,LOW,0.27941176470588236,0.28205128205128205
ACC00473,0.0034335974096374,0.0022690273410869,0.0229566078204916,0.0597560975609756,0.1951219512195122,23,32,45,-0.1688311688311688,0.8277964253911485,142103.38,117632.67000000004,25,24,2.482279916117672,1221.125,10.0,0.0509516922122065,0.0129870129870129,41,0.36142533936651583,MEDIUM,0.3382352941176471,0.3846153846153846
ACC00474,0.0013666322078013,0.0019131289214907,0.0039597426167299,0.06890756302521,0.2857142857142857,23,44,61,-0.1619047619047619,1.2982403023581357,81482.18,105783.45,22,23,3.8566787041829977,1680.8181818181818,10.0,0.1196159043101906,0.0285714285714285,44,0.2565987933634992,LOW,0.1029411764705882,0.41025641025641024
ACC00475,0.0019521593345531,0.0017617966519535,0.0010592311499752,0.0566666666666666,0.2,23,18,30,-0.25,0.9930948848085226,66996.71,66534.09,16,14,2.7621102533547286,1542.0,23.0,-0.0169810041483422,0.0208333333333333,34,0.5999245852187028,MEDIUM,0.5588235294117647,0.641025641025641
ACC00476,0.0017586287480244,0.001420723644274,0.0106946048506847,0.0615615615615615,0.2432432432432432,23,43,34,0.1168831168831168,0.6214890408356899,86971.95999999999,54052.11999999999,21,25,3.94368363559491,1998.642857142857,9.0,-0.0356720205523957,0.0389610389610389,45,0.42948717948717946,MEDIUM,0.5,0.3589743589743589
ACC00477,0.0011782454894262,0.0021352693548876,0.0011879227850189,0.0598290598290598,0.4074074074074074,23,32,49,-0.2098765432098765,1.7729932417602432,52441.17,92977.84,20,18,3.769526762875565,1550.2666666666669,3.0,-0.0483039540920014,0.0,48,0.4089366515837104,MEDIUM,0.27941176470588236,0.5384615384615384
ACC00478,0.0024273676787764,0.0025280561922619,0.0011087279326843,0.0640113798008534,0.2894736842105263,23,47,48,-0.0105263157894736,0.957391143801005,112604.28999999996,107806.35000000003,22,27,3.911728027270727,2252.127659574468,57.0,-0.0078233267888219,0.0631578947368421,50,0.3009049773755656,MEDIUM,0.2941176470588235,0.3076923076923077
ACC00479,0.0010237591910262,0.0018190599814638,0.0015344002639828,0.0451612903225806,0.2580645161290322,23,26,34,-0.1333333333333333,1.6915535379558724,42673.37,72184.29,20,19,3.87186323585178,1915.8846153846157,78.0,0.0172081264366016,0.05,39,0.5064102564102564,MEDIUM,0.5,0.5128205128205128
ACC00480,0.0012104131425686,0.0015286835833104,0.0033228840125391,0.0779220779220779,0.4545454545454545,21,24,25,-0.0204081632653061,1.3348135542050332,48359.90000000001,64551.45,14,18,3.306152656213172,2399.083333333333,76.0,-0.0214879883628851,0.0,36,0.5854072398190044,MEDIUM,0.6323529411764706,0.5384615384615384
ACC00481,0.0056430348973818,0.0024376269587774,0.0045471044382115,0.0621951219512195,0.3414634146341463,23,72,49,0.1900826446280991,0.4256046906281435,373309.48999999993,158882.27,30,25,4.033563274511028,2231.430555555556,48.0,-0.0127065845882193,0.0165289256198347,52,0.31919306184012064,MEDIUM,0.27941176470588236,0.3589743589743589
ACC00482,0.0017062573371948,0.0022049965298498,0.0024913380630259,0.0768136557610241,0.2368421052631578,23,42,43,-0.0117647058823529,1.1864125062296316,78014.24000000002,92557.07,24,23,4.190795116838992,2877.619047619048,7.0,-0.0110147508365659,0.0117647058823529,47,0.38895173453996984,MEDIUM,0.36764705882352944,0.41025641025641024
ACC00483,0.0025857545229855,0.0027698991918516,0.0027454215475994,0.0833333333333333,0.2448979591836734,23,75,40,0.3043478260869565,1.0132949989670752,131471.23999999993,133219.15000000002,35,26,4.8996427090123404,1705.6756756756756,20.0,0.0315238167079853,0.017391304347826,50,0.37254901960784315,MEDIUM,0.4117647058823529,0.33333333333333337
ACC00484,0.0054247835690072,0.0028453194691137,0.0056558323708958,0.0576923076923076,0.35,23,64,42,0.2075471698113207,0.4744695731881174,301930.91000000015,143257.02999999997,29,25,4.028208749967278,3542.048387096774,13.0,0.008392141478938,0.0188679245283018,49,0.37066365007541474,MEDIUM,0.38235294117647056,0.3589743589743589
ACC00485,0.0024990964330416,0.0024439825534074,0.0110212836165649,0.0470588235294117,0.4857142857142857,23,59,48,0.102803738317757,1.0254747117849932,112280.76000000002,115141.08,25,27,4.111046453622845,1744.655172413793,23.0,0.0648984979706395,0.0186915887850467,48,0.3009049773755656,MEDIUM,0.2941176470588235,0.3076923076923077
ACC00486,0.0034145301654564,0.0025541472446621,0.007909585876918,0.0682948891904115,0.2537313432835821,23,98,54,0.2894736842105263,0.7356854072913348,168336.26,123842.53000000004,53,31,5.396881828042219,1380.938775510204,3.0,0.0072778935471762,0.0197368421052631,56,0.20550527903469085,LOW,0.20588235294117652,0.20512820512820518
ACC00487,0.0045600072470977,0.0030500237426413,0.0108859924104933,0.064754856614246,0.2127659574468085,23,73,44,0.2478632478632478,0.4722352397071043,294795.8100000001,139212.97000000003,33,24,4.230559308911645,1676.7123287671234,22.0,0.0723470544905975,0.0,47,0.3687782805429864,MEDIUM,0.3529411764705882,0.3846153846153846
ACC00488,0.0015187284557639,0.0020800227096323,0.0130935489193202,0.0674763832658569,0.3333333333333333,23,41,49,-0.0888888888888888,1.4717481468978617,58771.72,86497.16999999998,25,27,4.235160404140142,1044.7560975609756,6.0,0.0542366593826253,0.0111111111111111,43,0.29355203619909503,LOW,0.27941176470588236,0.3076923076923077
ACC00489,0.0029735957997114,0.0025140353494968,0.0045240059396139,0.0644230769230769,0.1692307692307692,23,87,51,0.2608695652173913,0.884731147365015,147008.22999999995,130062.75999999998,47,29,5.21027849101276,1559.6436781609195,19.0,0.0401357586833159,0.0144927536231884,53,0.2532051282051282,LOW,0.25,0.2564102564102564
ACC00490,0.0032203913743231,0.0024743190316543,0.0078270912390694,0.0601295097132284,0.2553191489361702,23,68,49,0.1623931623931624,0.6305795853666973,214211.93,135077.66999999998,32,27,4.227381534283289,1218.569230769231,14.0,0.0826102297106394,0.0256410256410256,47,0.29355203619909503,LOW,0.27941176470588236,0.3076923076923077
ACC00491,0.0015980178808754,0.0022560705553208,0.0009866358686685,0.064516129032258,0.2903225806451613,23,40,48,-0.0909090909090909,1.5102486054319566,70423.24,106356.6,20,20,3.996199669439798,1615.05,8.0,0.0609844082526334,0.0113636363636363,45,0.39064856711915535,MEDIUM,0.2941176470588235,0.4871794871794872
ACC00492,0.0024826675735805,0.0020817947774904,0.0182016168949018,0.0806938159879336,0.1346153846153846,23,67,30,0.3814432989690721,0.7935848104905268,120340.95,95500.74999999996,40,19,4.792520285280682,2689.8870967741937,42.0,-0.0145639971239161,0.0206185567010309,48,0.5358220211161387,MEDIUM,0.5588235294117647,0.5128205128205128
ACC00493,0.0038229479936518,0.0024086472683249,0.0024979376340537,0.0641025641025641,0.4,23,66,54,0.1,0.5083554492189553,236824.49,120391.01999999996,29,27,3.930124959539975,1613.909090909091,9.0,0.0015139165000137,0.0,53,0.2567873303167421,LOW,0.20588235294117652,0.3076923076923077
ACC00494,0.0012886954417934,0.0015445955311455,0.0032667876588021,0.0584677419354838,0.1875,23,27,28,-0.0181818181818181,1.1186742804877028,54753.06,61250.84000000002,17,21,3.5639444837903334,2701.6666666666665,293.0,0.0258265569041048,0.0,32,0.5248868778280543,MEDIUM,0.5882352941176471,0.46153846153846156
ACC00495,0.0025893414606822,0.0019493232879167,0.018135621184623,0.0604081632653061,0.18,23,77,29,0.4528301886792453,0.7761120862003265,111112.34000000004,86235.63,36,23,4.812337297925712,2592.2987012987014,15.0,-0.0524898297145514,0.0,53,0.49189291101055804,MEDIUM,0.5735294117647058,0.41025641025641024
ACC00496,0.0061762075021682,0.00264931917572,0.0066523675961062,0.0474358974358974,0.45,23,74,60,0.1044776119402985,0.4495663108371416,307810.31999999995,138381.15,30,28,4.116755946583361,1268.3108108108108,4.0,-0.003726214422061,0.0373134328358208,55,0.19984917043740574,LOW,0.11764705882352944,0.28205128205128205
ACC00497,0.0014177277202263,0.0020744836520232,0.0081141725787823,0.0698412698412698,0.2222222222222222,23,38,43,-0.0617283950617283,1.693858754896603,55178.55,93464.66999999995,20,24,3.80816845546704,3807.972222222222,18.0,0.0092258430082653,0.0123456790123456,42,0.376131221719457,MEDIUM,0.36764705882352944,0.3846153846153846
ACC00498,0.0039399151586545,0.0023348210437885,0.003840950338228,0.0490940970192869,0.2203389830508474,23,97,49,0.3287671232876712,0.6354088060237143,175571.40999999992,111559.61999999997,44,28,5.144498948069748,1751.494623655914,27.0,0.0515809260737521,0.0068493150684931,53,0.2807315233785822,LOW,0.27941176470588236,0.28205128205128205
ACC00499,0.0052841620839009,0.0032662381182968,0.0073304735192212,0.0566801619433198,0.1794871794871795,23,56,42,0.1428571428571428,0.5326196544650855,295999.6099999999,157655.21000000002,26,20,3.685419697380458,2701.6603773584907,63.0,-0.0184196603499275,0.010204081632653,50,0.4347662141779789,MEDIUM,0.38235294117647056,0.4871794871794872
ACC00500,0.0017428154280225,0.0017961474471064,0.0031578947368421,0.0544354838709677,0.46875,23,47,38,0.1058823529411764,0.8842188389329827,80942.26999999997,71570.67999999998,25,22,4.412122442276497,2267.936170212766,18.0,0.0971292058583571,0.0470588235294117,44,0.4385369532428356,MEDIUM,0.4411764705882353,0.4358974358974359
ACC00501,0.0015311195751477,0.0002905314764876,0.0,0.0,0.0,1,1,0,1.0,0.0,943620.5,0.0,1,0,-0.0,999999.0,999999.0,0.0,0.0,1,1.0,CRITICAL,1.0,1.0
ACC00502,0.0019962533190642,0.0002905314764876,0.0,0.0,0.0,1,1,0,1.0,0.0,1211879.17,0.0,1,0,-0.0,999999.0,999999.0,0.0,0.0,1,1.0,CRITICAL,1.0,1.0
ACC00503,0.0014778321270624,0.0007474235371043,0.003444976076555,0.0,0.0,1,1,1,0.0,0.96428010716522,1274017.82,1228510.04,1,1,-0.0,162.0,162.0,0.0,0.0,1,0.9798265460030167,CRITICAL,0.9852941176470589,0.9743589743589743
ACC00504,0.0010671645230292,0.0006804726003235,0.0,0.05,0.0,16,15,1,0.875,0.9225783389240628,36870.560000000005,34015.98,15,1,3.7118533326757217,226.86666666666667,100.0,0.101525335346811,0.0625,2,0.9798265460030167,CRITICAL,0.9852941176470589,0.9743589743589743
ACC00505,0.0021922666159528,0.0016286311464781,0.0,0.0692307692307692,0.0,23,39,1,0.95,0.9297380901637848,103040.04,95800.25,39,1,5.0801217799524485,164.56410256410257,39.0,0.1303757506620521,0.0,1,0.9798265460030167,CRITICAL,0.9852941176470589,0.9743589743589743
ACC00506,0.0024095452506862,0.0010374071821051,0.0,0.0512195121951219,0.0,23,40,1,0.951219512195122,0.9533092520125004,117986.33,112477.46,40,1,5.184486643881189,173.2,69.0,0.2676522309177175,0.024390243902439,1,0.9798265460030167,CRITICAL,0.9852941176470589,0.9743589743589743
ACC00507,0.0024082960411974,0.0005374912112393,0.0017257878237914,0.0,0.0,1,1,1,0.0,0.98774042470943,2178711.69,2152001.61,1,1,-0.0,26.0,26.0,0.0,0.5,1,0.9798265460030167,CRITICAL,0.9852941176470589,0.9743589743589743
ACC00508,0.0014615508919646,0.0009899430035142,0.0,0.0303030303030303,0.0,22,21,1,0.9090909090909092,0.9235826898409868,54292.28,50143.41,21,1,4.1411114257244,211.7619047619048,103.0,0.153888443197584,0.0,1,0.9798265460030167,CRITICAL,0.9852941176470589,0.9743589743589743
ACC00509,0.0010660968927924,0.0007928678504504,0.0,0.0467836257309941,0.0,19,18,1,0.8947368421052632,0.923747794544898,42491.23,39251.18,18,1,3.963743023629198,274.6666666666667,176.0,0.2600367792771426,0.0,1,0.9798265460030167,CRITICAL,0.9852941176470589,0.9743589743589743
ACC00510,0.0017400476644399,0.0002905314764876,0.0,0.0,0.0,1,1,0,1.0,0.0,1061589.27,0.0,1,0,-0.0,999999.0,999999.0,0.0,0.0,1,1.0,CRITICAL,1.0,1.0
ACC00511,0.0023239313416997,0.0009250948385765,0.0,0.0512820512820512,0.0,23,38,1,0.9487179487179488,0.9344661982830786,102588.28,95865.28,38,1,5.057682338721167,154.73684210526315,46.0,0.0651028064487891,0.0,1,0.9798265460030167,CRITICAL,0.9852941176470589,0.9743589743589743
ACC00513,0.0014511514790483,0.0011163526468341,0.0,0.0688405797101449,0.0,23,23,1,0.9166666666666666,0.9582205359071408,59306.17,56828.39,23,1,4.307870831206051,195.30434782608697,95.0,0.1960500521452058,0.9166666666666666,2,0.9798265460030167,CRITICAL,0.9852941176470589,0.9743589743589743
ACC00514,0.0019668302956274,0.0007474235371043,0.003444976076555,0.0,0.0,1,1,1,0.0,0.936833807369006,1382329.16,1295012.69,1,1,-0.0,125.0,125.0,0.0,0.0,1,0.9798265460030167,CRITICAL,0.9852941176470589,0.9743589743589743
ACC00515,0.001742177479906,0.0010084221905708,0.0,0.053763440860215,0.0,23,30,1,0.935483870967742,0.9549998353524812,72579.29000000002,69313.21,30,1,4.65308720363174,288.6333333333333,185.0,0.4159241066732432,0.032258064516129,2,0.9798265460030167,CRITICAL,0.9852941176470589,0.9743589743589743
ACC00516,0.0013217250489628,0.0007474235371043,0.003444976076555,0.0,0.0,1,1,1,0.0,0.900045934422775,1066150.33,959584.27,1,1,-0.0,69.0,69.0,0.0,0.0,1,0.9798265460030167,CRITICAL,0.9852941176470589,0.9743589743589743
ACC00517,0.0018148819154206,0.0010999339824814,0.0,0.0655462184873949,0.0,23,34,1,0.9428571428571428,0.9508739057208396,74129.85,70488.14,34,1,4.823849746734706,277.11764705882354,159.0,0.4245798131205884,0.0285714285714285,2,0.9798265460030167,CRITICAL,0.9852941176470589,0.9743589743589743
ACC00518,0.0021333561799062,0.001134800448701,0.0,0.0583214793741109,0.0,23,37,1,0.9473684210526316,0.9303690537317908,107445.33,99963.81,37,1,5.052680200127535,160.24324324324326,44.0,0.0760814089723452,0.0,1,0.9798265460030167,CRITICAL,0.9852941176470589,0.9743589743589743
ACC00519,0.0020623636038913,0.0009865729706765,0.0,0.0738916256157635,0.0,23,28,1,0.9310344827586208,0.9563529193649544,82848.83999999998,79232.73,28,1,4.6671096402717,171.03571428571428,48.0,0.08918104972028,0.0,1,0.9798265460030167,CRITICAL,0.9852941176470589,0.9743589743589743
ACC00520,0.0019588872745257,0.0010813774846133,0.0,0.0549242424242424,0.0,23,32,1,0.9393939393939394,0.9661702876490152,87341.85999999999,84387.11,32,1,4.849079692741398,267.46875,153.0,0.3676402992188325,0.9393939393939394,2,0.9798265460030167,CRITICAL,0.9852941176470589,0.9743589743589743
ACC00521,0.0020797261308103,0.0007474235371043,0.003444976076555,0.0,0.0,1,1,1,0.0,0.9398449145043242,2263946.08,2127758.21,1,1,-0.0,16.0,16.0,0.0,0.0,1,0.9798265460030167,CRITICAL,0.9852941176470589,0.9743589743589743
ACC00522,0.0023575489241275,0.0002905314764876,0.0,0.0,0.0,1,1,0,1.0,0.0,2152001.61,0.0,1,0,-0.0,999999.0,999999.0,0.0,1.0,1,1.0,CRITICAL,1.0,1.0
ACC00523,0.0015423540434023,0.0009140202718764,0.0,0.0676923076923076,0.0,23,25,1,0.9230769230769232,0.9655682102588824,66605.89000000001,64312.53,25,1,4.481004482365768,187.64,68.0,0.0512565042372714,0.0,1,0.9798265460030167,CRITICAL,0.9852941176470589,0.9743589743589743
ACC00524,0.0019828842346407,0.0005374912112393,0.0017257878237914,0.0,0.0,1,1,1,0.0,0.935804860723025,1295012.69,1211879.17,1,1,-0.0,69.0,69.0,0.0,0.0,1,0.9798265460030167,CRITICAL,0.9852941176470589,0.9743589743589743
ACC00525,0.0020760585321988,0.0002905314764876,0.0,0.0,0.0,1,1,0,1.0,0.0,1947899.84,0.0,1,0,-0.0,999999.0,999999.0,0.0,0.0,1,1.0,CRITICAL,1.0,1.0
ACC00526,0.0019385988308173,0.0011303615739179,0.0,0.0682539682539682,0.0,23,35,1,0.9444444444444444,0.9011168541896496,91263.48,82239.06,35,1,4.966290974876313,199.3428571428572,112.0,0.3121241285096682,0.0,1,0.9798265460030167,CRITICAL,0.9852941176470589,0.9743589743589743
ACC00527,0.0024681838941282,0.0007474235371043,0.003444976076555,0.0,0.0,1,1,1,0.0,0.901145613525508,2417713.25,2178711.69,1,1,-0.0,86.0,86.0,0.0,0.0,1,0.9798265460030167,CRITICAL,0.9852941176470589,0.9743589743589743
ACC00528,0.0020786443423608,0.0005374912112393,0.0017257878237914,0.0,0.0,1,1,1,0.0,0.9154704847784374,2127758.21,1947899.84,1,1,-0.0,150.0,150.0,0.0,0.0,1,0.9798265460030167,CRITICAL,0.9852941176470589,0.9743589743589743
ACC00529,0.0021889945040068,0.0014492452183747,0.0,0.0554765291607396,0.0,23,37,1,0.9473684210526316,0.9296743750138522,94750.1,88086.74,37,1,4.969148797051215,210.16216216216216,110.0,0.3408774023072226,0.0,1,0.9798265460030167,CRITICAL,0.9852941176470589,0.9743589743589743
ACC00530,0.0010794165875089,0.0005900742476734,0.0,0.0833333333333333,0.0,16,15,1,0.875,0.9198704013181322,46781.34,43032.77,15,1,3.727534653179688,169.13333333333333,35.0,-0.1966220801488118,0.0,1,0.9798265460030167,CRITICAL,0.9852941176470589,0.9743589743589743
ACC00532,0.0013273476398304,0.0007324449632726,0.0,0.0512820512820512,0.0,23,26,1,0.925925925925926,0.9586214019427594,65839.34999999999,63115.01,26,1,4.467716570285062,203.2692307692308,103.0,0.2327599185957691,0.0,1,0.9798265460030167,CRITICAL,0.9852941176470589,0.9743589743589743
ACC00533,0.0011061562003619,0.0010152083326434,0.0,0.0333333333333333,0.0625,16,16,1,0.8823529411764706,0.9406806064710064,37199.47,34992.82,16,1,3.736195978836564,293.625,154.0,0.1952507101445609,0.0,1,0.9798265460030167,CRITICAL,0.9852941176470589,0.9743589743589743
ACC00534,0.0019118351207507,0.0013775573520526,0.0,0.0482758620689655,0.0333333333333333,23,30,1,0.935483870967742,0.958989609294428,90146.91000000005,86449.95,30,1,4.691942807693671,213.56666666666663,109.0,0.2780420147744772,0.0,1,0.9798265460030167,CRITICAL,0.9852941176470589,0.9743589743589743
ACC00535,0.0014657359565584,0.001143737583406,0.0,0.0866666666666666,0.0,23,24,1,0.92,0.9098207930863004,66400.34000000001,60412.41,24,1,4.340893718475261,213.625,93.0,0.1495285992972292,0.0,1,0.9798265460030167,CRITICAL,0.9852941176470589,0.9743589743589743
ACC00536,0.0016418385527842,0.0002905314764876,0.0,0.0,0.0,1,1,0,1.0,0.0,1205423.57,0.0,1,0,-0.0,999999.0,999999.0,0.0,0.0,1,1.0,CRITICAL,1.0,1.0
ACC00537,0.00203455386716,0.0002905314764876,0.0,0.0,0.0,1,1,0,1.0,0.0,741956.55,0.0,1,0,-0.0,999999.0,999999.0,0.0,0.0,1,1.0,CRITICAL,1.0,1.0
ACC00538,0.0017482741842066,0.0004125754032406,0.0,0.064516129032258,0.0,23,31,1,0.9375,0.9443924974862876,84327.46999999999,79638.23,30,1,4.716142539782461,296.35483870967744,188.0,0.4399277781280045,0.0,1,0.9798265460030167,CRITICAL,0.9852941176470589,0.9743589743589743
ACC00539,0.0016784271380002,0.0005374912112393,0.0017257878237914,0.0,0.0,1,1,1,0.0,0.988198320412637,1074267.43,1061589.27,1,1,-0.0,79.0,79.0,0.0,0.0,1,0.9798265460030167,CRITICAL,0.9852941176470589,0.9743589743589743
ACC00540,0.0020198070151203,0.0007474235371043,0.003444976076555,0.0,0.0,1,1,1,0.0,0.9647125146091284,820428.82,791477.95,1,1,-0.0,153.0,153.0,0.0,0.0,1,0.9798265460030167,CRITICAL,0.9852941176470589,0.9743589743589743
ACC00541,0.001434614410928,0.0005374912112393,0.0017257878237914,0.0,0.0,1,1,1,0.0,0.9833638686053076,959584.27,943620.5,1,1,-0.0,37.0,37.0,0.0,0.0,1,0.9798265460030167,CRITICAL,0.9852941176470589,0.9743589743589743
ACC00542,0.00160900610947,0.0007474235371043,0.003444976076555,0.0,0.0,1,1,1,0.0,0.9215662441264992,1165697.46,1074267.43,1,1,-0.0,32.0,32.0,0.0,0.0,1,0.9798265460030167,CRITICAL,0.9852941176470589,0.9743589743589743
ACC00543,0.0014128044568012,0.0011351490469258,0.0,0.0643274853801169,0.0,19,18,1,0.8947368421052632,0.9017716139670005,53867.83,48576.48,18,1,4.048554315870312,311.1111111111111,213.0,0.3546234456974229,0.6842105263157895,2,0.9798265460030167,CRITICAL,0.9852941176470589,0.9743589743589743
ACC00544,0.002086299224687,0.001469879300698,0.0,0.0743589743589743,0.0,23,39,1,0.95,0.913943826165965,95069.53,86888.21,39,1,5.049869328275893,280.4102564102564,168.0,0.4333278165988313,0.0,1,0.9798265460030167,CRITICAL,0.9852941176470589,0.9743589743589743
ACC00545,0.0022349421564408,0.0014736227659848,0.0,0.069701280227596,0.0,23,37,1,0.9473684210526316,0.9215450873555866,95781.51,88266.98,37,1,4.989929504998853,264.8378378378378,144.0,0.3831633050648061,0.0,1,0.9798265460030167,CRITICAL,0.9852941176470589,0.9743589743589743
ACC00546,0.0015664641917897,0.0005374912112393,0.0017257878237914,0.0,0.0,1,1,1,0.0,0.9812077482085536,1228510.04,1205423.57,1,1,-0.0,33.0,33.0,0.0,0.0,1,0.9798265460030167,CRITICAL,0.9852941176470589,0.9743589743589743
ACC00547,0.0015108218528643,0.000769243493507,0.0,0.0519480519480519,0.0,22,21,1,0.9090909090909092,0.9248067521695468,55173.97,51025.26,21,1,4.149283309283109,282.04761904761904,170.0,0.2978592324755502,0.0,1,0.9798265460030167,CRITICAL,0.9852941176470589,0.9743589743589743
ACC00548,0.0014617924925448,0.0008929035536143,0.0,0.0566666666666666,0.0,23,24,1,0.92,0.9190239859395186,67058.87,61628.71,24,1,4.454984769322199,318.2083333333333,192.0,0.3714136048259878,0.0,1,0.9798265460030167,CRITICAL,0.9852941176470589,0.9743589743589743
ACC00549,0.0020289703922876,0.0005374912112393,0.0017257878237914,0.0,0.0,1,1,1,0.0,0.9374317376750674,791477.95,741956.55,1,1,-0.0,76.0,76.0,0.0,0.0,1,0.9798265460030167,CRITICAL,0.9852941176470589,0.9743589743589743
ACC00550,0.0021515076189167,0.0012777144737502,0.0,0.0640113798008534,0.0,23,37,1,0.9473684210526316,0.9218189410721908,107426.02,99027.34,37,1,5.051861189490932,154.1891891891892,42.0,0.1035528736283624,0.0263157894736842,1,0.9798265460030167,CRITICAL,0.9852941176470589,0.9743589743589743
