txn_id,category,fraud_note,sender_account_id,receiver_account_id
TXN0000001,normal,,ACC00001,ACC00216
TXN0000002,normal,,ACC00333,ACC00001
TXN0000003,normal,,ACC00085,ACC00001
TXN0000004,normal,,ACC00001,ACC00117
TXN0000005,normal,,ACC00333,ACC00001
TXN0000006,normal,,ACC00311,ACC00001
TXN0000007,normal,,ACC00311,ACC00001
TXN0000008,normal,,ACC00001,ACC00216
TXN0000009,normal,,ACC00001,ACC00216
TXN0000010,normal,,ACC00422,ACC00001
TXN0000011,normal,,ACC00338,ACC00001
TXN0000012,normal,,ACC00216,ACC00001
TXN0000013,normal,,ACC00001,ACC00311
TXN0000014,normal,,ACC00333,ACC00001
TXN0000015,normal,,ACC00001,ACC00326
TXN0000016,normal,,ACC00001,ACC00338
TXN0000017,normal,,ACC00007,ACC00001
TXN0000018,normal,,ACC00001,ACC00071
TXN0000019,normal,,ACC00001,ACC00216
TXN0000020,normal,,ACC00001,ACC00085
TXN0000021,normal,,ACC00338,ACC00001
TXN0000022,normal,,ACC00001,ACC00091
TXN0000023,normal,,ACC00001,ACC00338
TXN0000024,normal,,ACC00175,ACC00001
TXN0000025,normal,,ACC00001,ACC00441
TXN0000026,normal,,ACC00338,ACC00001
TXN0000027,normal,,ACC00477,ACC00001
TXN0000028,normal,,ACC00458,ACC00001
TXN0000029,normal,,ACC00001,ACC00080
TXN0000030,normal,,ACC00001,ACC00422
TXN0000031,normal,,ACC00333,ACC00001
TXN0000032,normal,,ACC00001,ACC00080
TXN0000033,normal,,ACC00001,ACC00216
TXN0000034,normal,,ACC00001,ACC00311
TXN0000035,normal,,ACC00085,ACC00001
TXN0000036,normal,,ACC00001,ACC00311
TXN0000037,normal,,ACC00084,ACC00001
TXN0000038,normal,,ACC00080,ACC00001
TXN0000039,normal,,ACC00216,ACC00001
TXN0000040,normal,,ACC00333,ACC00001
TXN0000041,normal,,ACC00001,ACC00263
TXN0000042,normal,,ACC00001,ACC00379
TXN0000043,normal,,ACC00001,ACC00216
TXN0000044,normal,,ACC00311,ACC00001
TXN0000045,normal,,ACC00001,ACC00216
TXN0000046,normal,,ACC00001,ACC00422
TXN0000047,normal,,ACC00001,ACC00422
TXN0000048,normal,,ACC00001,ACC00263
TXN0000049,normal,,ACC00001,ACC00263
TXN0000050,normal,,ACC00001,ACC00338
TXN0000051,normal,,ACC00001,ACC00366
TXN0000052,normal,,ACC00002,ACC00001
TXN0000053,normal,,ACC00002,ACC00001
TXN0000054,normal,,ACC00002,ACC00028
TXN0000055,normal,,ACC00002,ACC00166
TXN0000056,normal,,ACC00002,ACC00001
TXN0000057,normal,,ACC00002,ACC00340
TXN0000058,normal,,ACC00002,ACC00166
TXN0000059,normal,,ACC00002,ACC00028
TXN0000060,normal,,ACC00166,ACC00002
TXN0000061,normal,,ACC00002,ACC00036
TXN0000062,normal,,ACC00028,ACC00002
TXN0000063,normal,,ACC00022,ACC00002
TXN0000064,normal,,ACC00002,ACC00001
TXN0000065,normal,,ACC00002,ACC00110
TXN0000066,normal,,ACC00340,ACC00002
TXN0000067,normal,,ACC00002,ACC00383
TXN0000068,normal,,ACC00002,ACC00028
TXN0000069,normal,,ACC00028,ACC00002
TXN0000070,normal,,ACC00022,ACC00002
TXN0000071,normal,,ACC00022,ACC00002
TXN0000072,normal,,ACC00383,ACC00002
TXN0000073,normal,,ACC00022,ACC00002
TXN0000074,normal,,ACC00002,ACC00383
TXN0000075,normal,,ACC00110,ACC00002
TXN0000076,normal,,ACC00002,ACC00148
TXN0000077,normal,,ACC00002,ACC00110
TXN0000078,normal,,ACC00003,ACC00092
TXN0000079,normal,,ACC00003,ACC00077
TXN0000080,normal,,ACC00003,ACC00049
TXN0000081,normal,,ACC00003,ACC00237
TXN0000082,normal,,ACC00003,ACC00237
TXN0000083,normal,,ACC00003,ACC00077
TXN0000084,normal,,ACC00077,ACC00003
TXN0000085,normal,,ACC00094,ACC00003
TXN0000086,normal,,ACC00096,ACC00003
TXN0000087,normal,,ACC00077,ACC00003
TXN0000088,normal,,ACC00003,ACC00077
TXN0000089,normal,,ACC00003,ACC00214
TXN0000090,normal,,ACC00003,ACC00237
TXN0000091,normal,,ACC00003,ACC00352
TXN0000092,normal,,ACC00003,ACC00463
TXN0000093,normal,,ACC00003,ACC00463
TXN0000094,normal,,ACC00003,ACC00311
TXN0000095,normal,,ACC00003,ACC00237
TXN0000096,normal,,ACC00003,ACC00255
TXN0000097,normal,,ACC00255,ACC00003
TXN0000098,normal,,ACC00247,ACC00003
TXN0000099,normal,,ACC00096,ACC00003
TXN0000100,normal,,ACC00003,ACC00144
TXN0000101,normal,,ACC00003,ACC00094
TXN0000102,normal,,ACC00003,ACC00094
TXN0000103,normal,,ACC00096,ACC00003
TXN0000104,normal,,ACC00003,ACC00198
TXN0000105,normal,,ACC00049,ACC00003
TXN0000106,normal,,ACC00003,ACC00077
TXN0000107,normal,,ACC00003,ACC00094
TXN0000108,normal,,ACC00247,ACC00003
TXN0000109,normal,,ACC00003,ACC00049
TXN0000110,normal,,ACC00077,ACC00003
TXN0000111,normal,,ACC00003,ACC00463
TXN0000112,normal,,ACC00003,ACC00094
TXN0000113,normal,,ACC00003,ACC00237
TXN0000114,normal,,ACC00003,ACC00255
TXN0000115,normal,,ACC00003,ACC00077
TXN0000116,normal,,ACC00218,ACC00004
TXN0000117,normal,,ACC00004,ACC00084
TXN0000118,normal,,ACC00259,ACC00004
TXN0000119,normal,,ACC00259,ACC00004
TXN0000120,normal,,ACC00004,ACC00241
TXN0000121,normal,,ACC00004,ACC00086
TXN0000122,normal,,ACC00004,ACC00090
TXN0000123,normal,,ACC00004,ACC00007
TXN0000124,normal,,ACC00004,ACC00007
TXN0000125,normal,,ACC00090,ACC00004
TXN0000126,normal,,ACC00004,ACC00249
TXN0000127,normal,,ACC00204,ACC00004
TXN0000128,normal,,ACC00428,ACC00004
TXN0000129,normal,,ACC00090,ACC00004
TXN0000130,normal,,ACC00004,ACC00428
TXN0000131,normal,,ACC00259,ACC00004
TXN0000132,normal,,ACC00120,ACC00004
TXN0000133,normal,,ACC00259,ACC00004
TXN0000134,normal,,ACC00004,ACC00204
TXN0000135,normal,,ACC00004,ACC00428
TXN0000136,normal,,ACC00090,ACC00004
TXN0000137,normal,,ACC00004,ACC00386
TXN0000138,normal,,ACC00410,ACC00004
TXN0000139,normal,,ACC00259,ACC00004
TXN0000140,normal,,ACC00004,ACC00204
TXN0000141,normal,,ACC00218,ACC00004
TXN0000142,normal,,ACC00259,ACC00004
TXN0000143,normal,,ACC00004,ACC00007
TXN0000144,normal,,ACC00004,ACC00204
TXN0000145,normal,,ACC00386,ACC00004
TXN0000146,normal,,ACC00004,ACC00386
TXN0000147,normal,,ACC00428,ACC00004
TXN0000148,normal,,ACC00004,ACC00204
TXN0000149,normal,,ACC00259,ACC00004
TXN0000150,normal,,ACC00004,ACC00084
TXN0000151,normal,,ACC00004,ACC00250
TXN0000152,normal,,ACC00386,ACC00004
TXN0000153,normal,,ACC00386,ACC00004
TXN0000154,normal,,ACC00187,ACC00004
TXN0000155,normal,,ACC00386,ACC00004
TXN0000156,normal,,ACC00004,ACC00259
TXN0000157,normal,,ACC00218,ACC00004
TXN0000158,normal,,ACC00004,ACC00386
TXN0000159,normal,,ACC00004,ACC00154
TXN0000160,normal,,ACC00259,ACC00004
TXN0000161,normal,,ACC00386,ACC00004
TXN0000162,normal,,ACC00004,ACC00259
TXN0000163,normal,,ACC00218,ACC00004
TXN0000164,normal,,ACC00004,ACC00428
TXN0000165,normal,,ACC00004,ACC00440
TXN0000166,normal,,ACC00084,ACC00004
TXN0000167,normal,,ACC00004,ACC00428
TXN0000168,normal,,ACC00191,ACC00004
TXN0000169,normal,,ACC00334,ACC00005
TXN0000170,normal,,ACC00005,ACC00065
TXN0000171,normal,,ACC00005,ACC00235
TXN0000172,normal,,ACC00446,ACC00005
TXN0000173,normal,,ACC00421,ACC00005
TXN0000174,normal,,ACC00446,ACC00005
TXN0000175,normal,,ACC00005,ACC00235
TXN0000176,normal,,ACC00360,ACC00005
TXN0000177,normal,,ACC00005,ACC00235
TXN0000178,normal,,ACC00257,ACC00005
TXN0000179,normal,,ACC00421,ACC00005
TXN0000180,normal,,ACC00334,ACC00005
TXN0000181,normal,,ACC00065,ACC00005
TXN0000182,normal,,ACC00100,ACC00005
TXN0000183,normal,,ACC00005,ACC00297
TXN0000184,normal,,ACC00334,ACC00005
TXN0000185,normal,,ACC00065,ACC00005
TXN0000186,normal,,ACC00323,ACC00005
TXN0000187,normal,,ACC00005,ACC00106
TXN0000188,normal,,ACC00005,ACC00065
TXN0000189,normal,,ACC00421,ACC00005
TXN0000190,normal,,ACC00005,ACC00360
TXN0000191,normal,,ACC00235,ACC00005
TXN0000192,normal,,ACC00065,ACC00005
TXN0000193,normal,,ACC00005,ACC00446
TXN0000194,normal,,ACC00213,ACC00005
TXN0000195,normal,,ACC00213,ACC00005
TXN0000196,normal,,ACC00005,ACC00041
TXN0000197,normal,,ACC00213,ACC00005
TXN0000198,normal,,ACC00339,ACC00005
TXN0000199,normal,,ACC00334,ACC00005
TXN0000200,normal,,ACC00065,ACC00005
TXN0000201,normal,,ACC00421,ACC00005
TXN0000202,normal,,ACC00005,ACC00334
TXN0000203,normal,,ACC00446,ACC00005
TXN0000204,normal,,ACC00005,ACC00446
TXN0000205,normal,,ACC00005,ACC00213
TXN0000206,normal,,ACC00360,ACC00005
TXN0000207,normal,,ACC00054,ACC00005
TXN0000208,normal,,ACC00360,ACC00005
TXN0000209,normal,,ACC00257,ACC00005
TXN0000210,normal,,ACC00360,ACC00005
TXN0000211,normal,,ACC00421,ACC00005
TXN0000212,normal,,ACC00005,ACC00334
TXN0000213,normal,,ACC00005,ACC00065
TXN0000214,normal,,ACC00005,ACC00334
TXN0000215,normal,,ACC00005,ACC00360
TXN0000216,normal,,ACC00199,ACC00006
TXN0000217,normal,,ACC00006,ACC00271
TXN0000218,normal,,ACC00006,ACC00110
TXN0000219,normal,,ACC00006,ACC00113
TXN0000220,normal,,ACC00035,ACC00006
TXN0000221,normal,,ACC00006,ACC00035
TXN0000222,normal,,ACC00113,ACC00006
TXN0000223,normal,,ACC00006,ACC00271
TXN0000224,normal,,ACC00006,ACC00054
TXN0000225,normal,,ACC00482,ACC00006
TXN0000226,normal,,ACC00006,ACC00073
TXN0000227,normal,,ACC00006,ACC00199
TXN0000228,normal,,ACC00277,ACC00006
TXN0000229,normal,,ACC00006,ACC00035
TXN0000230,normal,,ACC00006,ACC00113
TXN0000231,normal,,ACC00006,ACC00199
TXN0000232,normal,,ACC00496,ACC00006
TXN0000233,normal,,ACC00310,ACC00006
TXN0000234,normal,,ACC00006,ACC00054
TXN0000235,normal,,ACC00271,ACC00006
TXN0000236,normal,,ACC00199,ACC00006
TXN0000237,normal,,ACC00054,ACC00006
TXN0000238,normal,,ACC00271,ACC00006
TXN0000239,normal,,ACC00199,ACC00006
TXN0000240,normal,,ACC00054,ACC00006
TXN0000241,normal,,ACC00006,ACC00110
TXN0000242,normal,,ACC00006,ACC00147
TXN0000243,normal,,ACC00006,ACC00054
TXN0000244,normal,,ACC00006,ACC00110
TXN0000245,normal,,ACC00006,ACC00147
TXN0000246,normal,,ACC00006,ACC00110
TXN0000247,normal,,ACC00006,ACC00113
TXN0000248,normal,,ACC00054,ACC00006
TXN0000249,normal,,ACC00006,ACC00199
TXN0000250,normal,,ACC00006,ACC00310
TXN0000251,normal,,ACC00360,ACC00006
TXN0000252,normal,,ACC00006,ACC00110
TXN0000253,normal,,ACC00110,ACC00006
TXN0000254,normal,,ACC00054,ACC00006
TXN0000255,normal,,ACC00006,ACC00199
TXN0000256,normal,,ACC00035,ACC00006
TXN0000257,normal,,ACC00110,ACC00006
TXN0000258,normal,,ACC00054,ACC00006
TXN0000259,normal,,ACC00035,ACC00006
TXN0000260,normal,,ACC00270,ACC00006
TXN0000261,normal,,ACC00006,ACC00271
TXN0000262,normal,,ACC00006,ACC00054
TXN0000263,normal,,ACC00271,ACC00006
TXN0000264,normal,,ACC00110,ACC00006
TXN0000265,normal,,ACC00113,ACC00006
TXN0000266,normal,,ACC00007,ACC00127
TXN0000267,normal,,ACC00451,ACC00007
TXN0000268,normal,,ACC00450,ACC00007
TXN0000269,normal,,ACC00202,ACC00007
TXN0000270,normal,,ACC00500,ACC00007
TXN0000271,normal,,ACC00007,ACC00500
TXN0000272,normal,,ACC00297,ACC00007
TXN0000273,normal,,ACC00007,ACC00358
TXN0000274,normal,,ACC00007,ACC00017
TXN0000275,normal,,ACC00007,ACC00358
TXN0000276,normal,,ACC00007,ACC00297
TXN0000277,normal,,ACC00297,ACC00007
TXN0000278,normal,,ACC00007,ACC00102
TXN0000279,normal,,ACC00186,ACC00007
TXN0000280,normal,,ACC00127,ACC00007
TXN0000281,normal,,ACC00222,ACC00007
TXN0000282,normal,,ACC00007,ACC00381
TXN0000283,normal,,ACC00007,ACC00127
TXN0000284,normal,,ACC00222,ACC00007
TXN0000285,normal,,ACC00186,ACC00007
TXN0000286,normal,,ACC00007,ACC00222
TXN0000287,normal,,ACC00015,ACC00007
TXN0000288,normal,,ACC00358,ACC00007
TXN0000289,normal,,ACC00007,ACC00358
TXN0000290,normal,,ACC00007,ACC00017
TXN0000291,normal,,ACC00007,ACC00017
TXN0000292,normal,,ACC00127,ACC00007
TXN0000293,normal,,ACC00064,ACC00007
TXN0000294,normal,,ACC00297,ACC00007
TXN0000295,normal,,ACC00329,ACC00007
TXN0000296,normal,,ACC00017,ACC00007
TXN0000297,normal,,ACC00007,ACC00017
TXN0000298,normal,,ACC00007,ACC00381
TXN0000299,normal,,ACC00017,ACC00007
TXN0000300,normal,,ACC00007,ACC00421
TXN0000301,normal,,ACC00007,ACC00350
TXN0000302,normal,,ACC00007,ACC00017
TXN0000303,normal,,ACC00007,ACC00381
TXN0000304,normal,,ACC00007,ACC00254
TXN0000305,normal,,ACC00007,ACC00127
TXN0000306,normal,,ACC00007,ACC00186
TXN0000307,normal,,ACC00007,ACC00186
TXN0000308,normal,,ACC00007,ACC00186
TXN0000309,normal,,ACC00007,ACC00259
TXN0000310,normal,,ACC00007,ACC00127
TXN0000311,normal,,ACC00007,ACC00297
TXN0000312,normal,,ACC00431,ACC00008
TXN0000313,normal,,ACC00194,ACC00008
TXN0000314,normal,,ACC00008,ACC00494
TXN0000315,normal,,ACC00008,ACC00471
TXN0000316,normal,,ACC00008,ACC00332
TXN0000317,normal,,ACC00494,ACC00008
TXN0000318,normal,,ACC00008,ACC00471
TXN0000319,normal,,ACC00008,ACC00166
TXN0000320,normal,,ACC00295,ACC00008
TXN0000321,normal,,ACC00008,ACC00249
TXN0000322,normal,,ACC00416,ACC00008
TXN0000323,normal,,ACC00008,ACC00471
TXN0000324,normal,,ACC00494,ACC00008
TXN0000325,normal,,ACC00008,ACC00243
TXN0000326,normal,,ACC00194,ACC00008
TXN0000327,normal,,ACC00008,ACC00226
TXN0000328,normal,,ACC00431,ACC00008
TXN0000329,normal,,ACC00036,ACC00008
TXN0000330,normal,,ACC00150,ACC00008
TXN0000331,normal,,ACC00431,ACC00008
TXN0000332,normal,,ACC00008,ACC00249
TXN0000333,normal,,ACC00249,ACC00008
TXN0000334,normal,,ACC00194,ACC00008
TXN0000335,normal,,ACC00194,ACC00008
TXN0000336,normal,,ACC00471,ACC00008
TXN0000337,normal,,ACC00008,ACC00036
TXN0000338,normal,,ACC00471,ACC00008
TXN0000339,normal,,ACC00008,ACC00471
TXN0000340,normal,,ACC00249,ACC00008
TXN0000341,normal,,ACC00015,ACC00008
TXN0000342,normal,,ACC00494,ACC00008
TXN0000343,normal,,ACC00494,ACC00008
TXN0000344,normal,,ACC00008,ACC00431
TXN0000345,normal,,ACC00008,ACC00190
TXN0000346,normal,,ACC00471,ACC00008
TXN0000347,normal,,ACC00036,ACC00008
TXN0000348,normal,,ACC00008,ACC00431
TXN0000349,normal,,ACC00332,ACC00008
TXN0000350,normal,,ACC00471,ACC00008
TXN0000351,normal,,ACC00194,ACC00008
TXN0000352,normal,,ACC00009,ACC00284
TXN0000353,normal,,ACC00446,ACC00009
TXN0000354,normal,,ACC00189,ACC00009
TXN0000355,normal,,ACC00009,ACC00401
TXN0000356,normal,,ACC00401,ACC00009
TXN0000357,normal,,ACC00009,ACC00012
TXN0000358,normal,,ACC00284,ACC00009
TXN0000359,normal,,ACC00009,ACC00198
TXN0000360,normal,,ACC00009,ACC00401
TXN0000361,normal,,ACC00009,ACC00284
TXN0000362,normal,,ACC00388,ACC00009
TXN0000363,normal,,ACC00009,ACC00304
TXN0000364,normal,,ACC00446,ACC00009
TXN0000365,normal,,ACC00009,ACC00285
TXN0000366,normal,,ACC00482,ACC00009
TXN0000367,normal,,ACC00009,ACC00284
TXN0000368,normal,,ACC00009,ACC00156
TXN0000369,normal,,ACC00396,ACC00009
TXN0000370,normal,,ACC00009,ACC00284
TXN0000371,normal,,ACC00284,ACC00009
TXN0000372,normal,,ACC00009,ACC00229
TXN0000373,normal,,ACC00009,ACC00151
TXN0000374,normal,,ACC00009,ACC00484
TXN0000375,normal,,ACC00009,ACC00227
TXN0000376,normal,,ACC00009,ACC00336
TXN0000377,normal,,ACC00009,ACC00337
TXN0000378,normal,,ACC00336,ACC00009
TXN0000379,normal,,ACC00284,ACC00009
TXN0000380,normal,,ACC00156,ACC00009
TXN0000381,normal,,ACC00484,ACC00009
TXN0000382,normal,,ACC00009,ACC00446
TXN0000383,normal,,ACC00151,ACC00009
TXN0000384,normal,,ACC00009,ACC00193
TXN0000385,normal,,ACC00009,ACC00156
TXN0000386,normal,,ACC00401,ACC00009
TXN0000387,normal,,ACC00151,ACC00009
TXN0000388,normal,,ACC00009,ACC00189
TXN0000389,normal,,ACC00116,ACC00009
TXN0000390,normal,,ACC00484,ACC00009
TXN0000391,normal,,ACC00009,ACC00336
TXN0000392,normal,,ACC00009,ACC00401
TXN0000393,normal,,ACC00151,ACC00009
TXN0000394,normal,,ACC00009,ACC00446
TXN0000395,normal,,ACC00151,ACC00009
TXN0000396,normal,,ACC00401,ACC00009
TXN0000397,normal,,ACC00446,ACC00009
TXN0000398,normal,,ACC00009,ACC00284
TXN0000399,normal,,ACC00189,ACC00009
TXN0000400,normal,,ACC00009,ACC00450
TXN0000401,normal,,ACC00336,ACC00009
TXN0000402,normal,,ACC00014,ACC00009
TXN0000403,normal,,ACC00009,ACC00472
TXN0000404,normal,,ACC00401,ACC00009
TXN0000405,normal,,ACC00484,ACC00009
TXN0000406,normal,,ACC00009,ACC00468
TXN0000407,normal,,ACC00336,ACC00009
TXN0000408,normal,,ACC00481,ACC00009
TXN0000409,normal,,ACC00151,ACC00009
TXN0000410,normal,,ACC00284,ACC00009
TXN0000411,normal,,ACC00156,ACC00009
TXN0000412,normal,,ACC00010,ACC00220
TXN0000413,normal,,ACC00167,ACC00010
TXN0000414,normal,,ACC00010,ACC00220
TXN0000415,normal,,ACC00010,ACC00220
TXN0000416,normal,,ACC00148,ACC00010
TXN0000417,normal,,ACC00010,ACC00220
TXN0000418,normal,,ACC00010,ACC00148
TXN0000419,normal,,ACC00167,ACC00010
TXN0000420,normal,,ACC00010,ACC00389
TXN0000421,normal,,ACC00010,ACC00165
TXN0000422,normal,,ACC00376,ACC00010
TXN0000423,normal,,ACC00148,ACC00010
TXN0000424,normal,,ACC00389,ACC00010
TXN0000425,normal,,ACC00198,ACC00010
TXN0000426,normal,,ACC00408,ACC00010
TXN0000427,normal,,ACC00434,ACC00010
TXN0000428,normal,,ACC00165,ACC00010
TXN0000429,normal,,ACC00010,ACC00220
TXN0000430,normal,,ACC00148,ACC00010
TXN0000431,normal,,ACC00010,ACC00477
TXN0000432,normal,,ACC00167,ACC00010
TXN0000433,normal,,ACC00389,ACC00010
TXN0000434,normal,,ACC00010,ACC00450
TXN0000435,normal,,ACC00010,ACC00389
TXN0000436,normal,,ACC00010,ACC00389
TXN0000437,normal,,ACC00198,ACC00010
TXN0000438,normal,,ACC00389,ACC00010
TXN0000439,normal,,ACC00010,ACC00148
TXN0000440,normal,,ACC00010,ACC00402
TXN0000441,normal,,ACC00010,ACC00198
TXN0000442,normal,,ACC00010,ACC00434
TXN0000443,normal,,ACC00010,ACC00434
TXN0000444,normal,,ACC00010,ACC00276
TXN0000445,normal,,ACC00220,ACC00010
TXN0000446,normal,,ACC00048,ACC00010
TXN0000447,normal,,ACC00477,ACC00010
TXN0000448,normal,,ACC00220,ACC00010
TXN0000449,normal,,ACC00220,ACC00010
TXN0000450,normal,,ACC00148,ACC00010
TXN0000451,normal,,ACC00477,ACC00010
TXN0000452,normal,,ACC00010,ACC00167
TXN0000453,normal,,ACC00477,ACC00010
TXN0000454,normal,,ACC00167,ACC00010
TXN0000455,normal,,ACC00010,ACC00165
TXN0000456,normal,,ACC00010,ACC00220
TXN0000457,normal,,ACC00167,ACC00010
TXN0000458,normal,,ACC00010,ACC00389
TXN0000459,normal,,ACC00115,ACC00011
TXN0000460,normal,,ACC00289,ACC00011
TXN0000461,normal,,ACC00011,ACC00289
TXN0000462,normal,,ACC00289,ACC00011
TXN0000463,normal,,ACC00011,ACC00151
TXN0000464,normal,,ACC00011,ACC00151
TXN0000465,normal,,ACC00011,ACC00049
TXN0000466,normal,,ACC00497,ACC00011
TXN0000467,normal,,ACC00011,ACC00194
TXN0000468,normal,,ACC00011,ACC00289
TXN0000469,normal,,ACC00289,ACC00011
TXN0000470,normal,,ACC00219,ACC00011
TXN0000471,normal,,ACC00011,ACC00151
TXN0000472,normal,,ACC00011,ACC00210
TXN0000473,normal,,ACC00011,ACC00210
TXN0000474,normal,,ACC00370,ACC00011
TXN0000475,normal,,ACC00497,ACC00011
TXN0000476,normal,,ACC00049,ACC00011
TXN0000477,normal,,ACC00011,ACC00289
TXN0000478,normal,,ACC00011,ACC00289
TXN0000479,normal,,ACC00011,ACC00194
TXN0000480,normal,,ACC00011,ACC00497
TXN0000481,normal,,ACC00497,ACC00011
TXN0000482,normal,,ACC00011,ACC00049
TXN0000483,normal,,ACC00011,ACC00115
TXN0000484,normal,,ACC00011,ACC00049
TXN0000485,normal,,ACC00115,ACC00011
TXN0000486,normal,,ACC00011,ACC00210
TXN0000487,normal,,ACC00011,ACC00289
TXN0000488,normal,,ACC00048,ACC00011
TXN0000489,normal,,ACC00011,ACC00194
TXN0000490,normal,,ACC00011,ACC00289
TXN0000491,normal,,ACC00011,ACC00151
TXN0000492,normal,,ACC00011,ACC00497
TXN0000493,normal,,ACC00049,ACC00011
TXN0000494,normal,,ACC00210,ACC00011
TXN0000495,normal,,ACC00210,ACC00011
TXN0000496,normal,,ACC00396,ACC00011
TXN0000497,normal,,ACC00011,ACC00049
TXN0000498,normal,,ACC00497,ACC00011
TXN0000499,normal,,ACC00497,ACC00011
TXN0000500,normal,,ACC00194,ACC00011
TXN0000501,normal,,ACC00011,ACC00115
TXN0000502,normal,,ACC00011,ACC00476
TXN0000503,normal,,ACC00289,ACC00011
TXN0000504,normal,,ACC00012,ACC00016
TXN0000505,normal,,ACC00012,ACC00021
TXN0000506,normal,,ACC00101,ACC00012
TXN0000507,normal,,ACC00436,ACC00012
TXN0000508,normal,,ACC00302,ACC00012
TXN0000509,normal,,ACC00012,ACC00208
TXN0000510,normal,,ACC00016,ACC00012
TXN0000511,normal,,ACC00315,ACC00012
TXN0000512,normal,,ACC00012,ACC00367
TXN0000513,normal,,ACC00012,ACC00363
TXN0000514,normal,,ACC00012,ACC00016
TXN0000515,normal,,ACC00315,ACC00012
TXN0000516,normal,,ACC00315,ACC00012
TXN0000517,normal,,ACC00012,ACC00459
TXN0000518,normal,,ACC00012,ACC00315
TXN0000519,normal,,ACC00012,ACC00363
TXN0000520,normal,,ACC00363,ACC00012
TXN0000521,normal,,ACC00012,ACC00080
TXN0000522,normal,,ACC00012,ACC00459
TXN0000523,normal,,ACC00012,ACC00408
TXN0000524,normal,,ACC00012,ACC00363
TXN0000525,normal,,ACC00013,ACC00325
TXN0000526,normal,,ACC00013,ACC00005
TXN0000527,normal,,ACC00013,ACC00097
TXN0000528,normal,,ACC00245,ACC00013
TXN0000529,normal,,ACC00167,ACC00013
TXN0000530,normal,,ACC00302,ACC00013
TXN0000531,normal,,ACC00073,ACC00013
TXN0000532,normal,,ACC00167,ACC00013
TXN0000533,normal,,ACC00245,ACC00013
TXN0000534,normal,,ACC00013,ACC00245
TXN0000535,normal,,ACC00160,ACC00013
TXN0000536,normal,,ACC00013,ACC00245
TXN0000537,normal,,ACC00013,ACC00156
TXN0000538,normal,,ACC00013,ACC00073
TXN0000539,normal,,ACC00013,ACC00245
TXN0000540,normal,,ACC00192,ACC00013
TXN0000541,normal,,ACC00013,ACC00097
TXN0000542,normal,,ACC00302,ACC00013
TXN0000543,normal,,ACC00013,ACC00097
TXN0000544,normal,,ACC00245,ACC00013
TXN0000545,normal,,ACC00325,ACC00013
TXN0000546,normal,,ACC00013,ACC00245
TXN0000547,normal,,ACC00013,ACC00302
TXN0000548,normal,,ACC00167,ACC00013
TXN0000549,normal,,ACC00013,ACC00217
TXN0000550,normal,,ACC00240,ACC00013
TXN0000551,normal,,ACC00167,ACC00013
TXN0000552,normal,,ACC00167,ACC00013
TXN0000553,normal,,ACC00013,ACC00325
TXN0000554,normal,,ACC00192,ACC00013
TXN0000555,normal,,ACC00013,ACC00499
TXN0000556,normal,,ACC00167,ACC00013
TXN0000557,normal,,ACC00013,ACC00241
TXN0000558,normal,,ACC00013,ACC00192
TXN0000559,normal,,ACC00325,ACC00013
TXN0000560,normal,,ACC00241,ACC00013
TXN0000561,normal,,ACC00013,ACC00302
TXN0000562,normal,,ACC00013,ACC00097
TXN0000563,normal,,ACC00097,ACC00013
TXN0000564,normal,,ACC00167,ACC00013
TXN0000565,normal,,ACC00013,ACC00192
TXN0000566,normal,,ACC00013,ACC00097
TXN0000567,normal,,ACC00013,ACC00385
TXN0000568,normal,,ACC00133,ACC00013
TXN0000569,normal,,ACC00223,ACC00013
TXN0000570,normal,,ACC00241,ACC00013
TXN0000571,normal,,ACC00013,ACC00325
TXN0000572,normal,,ACC00013,ACC00245
TXN0000573,normal,,ACC00245,ACC00013
TXN0000574,normal,,ACC00167,ACC00013
TXN0000575,normal,,ACC00013,ACC00302
TXN0000576,normal,,ACC00241,ACC00013
TXN0000577,normal,,ACC00302,ACC00013
TXN0000578,normal,,ACC00013,ACC00302
TXN0000579,normal,,ACC00013,ACC00192
TXN0000580,normal,,ACC00325,ACC00013
TXN0000581,normal,,ACC00013,ACC00302
TXN0000582,normal,,ACC00163,ACC00014
TXN0000583,normal,,ACC00012,ACC00014
TXN0000584,normal,,ACC00194,ACC00014
TXN0000585,normal,,ACC00014,ACC00065
TXN0000586,normal,,ACC00163,ACC00014
TXN0000587,normal,,ACC00241,ACC00014
TXN0000588,normal,,ACC00241,ACC00014
TXN0000589,normal,,ACC00014,ACC00017
TXN0000590,normal,,ACC00014,ACC00081
TXN0000591,normal,,ACC00241,ACC00014
TXN0000592,normal,,ACC00017,ACC00014
TXN0000593,normal,,ACC00163,ACC00014
TXN0000594,normal,,ACC00017,ACC00014
TXN0000595,normal,,ACC00081,ACC00014
TXN0000596,normal,,ACC00014,ACC00336
TXN0000597,normal,,ACC00014,ACC00084
TXN0000598,normal,,ACC00014,ACC00233
TXN0000599,normal,,ACC00014,ACC00081
TXN0000600,normal,,ACC00014,ACC00409
TXN0000601,normal,,ACC00014,ACC00430
TXN0000602,normal,,ACC00014,ACC00386
TXN0000603,normal,,ACC00242,ACC00014
TXN0000604,normal,,ACC00454,ACC00014
TXN0000605,normal,,ACC00014,ACC00151
TXN0000606,normal,,ACC00017,ACC00014
TXN0000607,normal,,ACC00014,ACC00081
TXN0000608,normal,,ACC00390,ACC00014
TXN0000609,normal,,ACC00014,ACC00241
TXN0000610,normal,,ACC00014,ACC00233
TXN0000611,normal,,ACC00081,ACC00014
TXN0000612,normal,,ACC00014,ACC00081
TXN0000613,normal,,ACC00151,ACC00014
TXN0000614,normal,,ACC00241,ACC00014
TXN0000615,normal,,ACC00083,ACC00014
TXN0000616,normal,,ACC00015,ACC00077
TXN0000617,normal,,ACC00382,ACC00015
TXN0000618,normal,,ACC00015,ACC00077
TXN0000619,normal,,ACC00067,ACC00015
TXN0000620,normal,,ACC00015,ACC00313
TXN0000621,normal,,ACC00015,ACC00081
TXN0000622,normal,,ACC00081,ACC00015
TXN0000623,normal,,ACC00152,ACC00015
TXN0000624,normal,,ACC00015,ACC00381
TXN0000625,normal,,ACC00067,ACC00015
TXN0000626,normal,,ACC00277,ACC00015
TXN0000627,normal,,ACC00015,ACC00414
TXN0000628,normal,,ACC00015,ACC00414
TXN0000629,normal,,ACC00357,ACC00015
TXN0000630,normal,,ACC00081,ACC00015
TXN0000631,normal,,ACC00015,ACC00414
TXN0000632,normal,,ACC00015,ACC00152
TXN0000633,normal,,ACC00015,ACC00313
TXN0000634,normal,,ACC00015,ACC00313
TXN0000635,normal,,ACC00059,ACC00015
TXN0000636,normal,,ACC00313,ACC00015
TXN0000637,normal,,ACC00313,ACC00015
TXN0000638,normal,,ACC00015,ACC00357
TXN0000639,normal,,ACC00357,ACC00015
TXN0000640,normal,,ACC00067,ACC00015
TXN0000641,normal,,ACC00081,ACC00015
TXN0000642,normal,,ACC00015,ACC00228
TXN0000643,normal,,ACC00081,ACC00015
TXN0000644,normal,,ACC00015,ACC00313
TXN0000645,normal,,ACC00015,ACC00382
TXN0000646,normal,,ACC00382,ACC00015
TXN0000647,normal,,ACC00336,ACC00015
TXN0000648,normal,,ACC00015,ACC00357
TXN0000649,normal,,ACC00015,ACC00357
TXN0000650,normal,,ACC00077,ACC00015
TXN0000651,normal,,ACC00015,ACC00077
TXN0000652,normal,,ACC00015,ACC00394
TXN0000653,normal,,ACC00015,ACC00357
TXN0000654,normal,,ACC00015,ACC00077
TXN0000655,normal,,ACC00313,ACC00015
TXN0000656,normal,,ACC00313,ACC00015
TXN0000657,normal,,ACC00077,ACC00015
TXN0000658,normal,,ACC00015,ACC00077
TXN0000659,normal,,ACC00015,ACC00067
TXN0000660,normal,,ACC00015,ACC00081
TXN0000661,normal,,ACC00015,ACC00449
TXN0000662,normal,,ACC00015,ACC00313
TXN0000663,normal,,ACC00357,ACC00015
TXN0000664,normal,,ACC00360,ACC00015
TXN0000665,normal,,ACC00230,ACC00015
TXN0000666,normal,,ACC00015,ACC00313
TXN0000667,normal,,ACC00015,ACC00152
TXN0000668,normal,,ACC00313,ACC00015
TXN0000669,normal,,ACC00015,ACC00264
TXN0000670,normal,,ACC00449,ACC00015
TXN0000671,normal,,ACC00067,ACC00015
TXN0000672,normal,,ACC00081,ACC00015
TXN0000673,normal,,ACC00313,ACC00015
TXN0000674,normal,,ACC00016,ACC00457
TXN0000675,normal,,ACC00452,ACC00016
TXN0000676,normal,,ACC00016,ACC00452
TXN0000677,normal,,ACC00240,ACC00016
TXN0000678,normal,,ACC00240,ACC00016
TXN0000679,normal,,ACC00368,ACC00016
TXN0000680,normal,,ACC00016,ACC00143
TXN0000681,normal,,ACC00457,ACC00016
TXN0000682,normal,,ACC00016,ACC00338
TXN0000683,normal,,ACC00121,ACC00016
TXN0000684,normal,,ACC00016,ACC00380
TXN0000685,normal,,ACC00439,ACC00016
TXN0000686,normal,,ACC00016,ACC00240
TXN0000687,normal,,ACC00143,ACC00016
TXN0000688,normal,,ACC00016,ACC00240
TXN0000689,normal,,ACC00016,ACC00457
TXN0000690,normal,,ACC00233,ACC00016
TXN0000691,normal,,ACC00016,ACC00452
TXN0000692,normal,,ACC00233,ACC00016
TXN0000693,normal,,ACC00420,ACC00016
TXN0000694,normal,,ACC00233,ACC00016
TXN0000695,normal,,ACC00016,ACC00240
TXN0000696,normal,,ACC00380,ACC00016
TXN0000697,normal,,ACC00016,ACC00340
TXN0000698,normal,,ACC00143,ACC00016
TXN0000699,normal,,ACC00420,ACC00016
TXN0000700,normal,,ACC00457,ACC00016
TXN0000701,normal,,ACC00016,ACC00222
TXN0000702,normal,,ACC00143,ACC00016
TXN0000703,normal,,ACC00016,ACC00143
TXN0000704,normal,,ACC00016,ACC00420
TXN0000705,normal,,ACC00016,ACC00276
TXN0000706,normal,,ACC00380,ACC00016
TXN0000707,normal,,ACC00457,ACC00016
TXN0000708,normal,,ACC00016,ACC00240
TXN0000709,normal,,ACC00420,ACC00016
TXN0000710,normal,,ACC00016,ACC00055
TXN0000711,normal,,ACC00380,ACC00016
TXN0000712,normal,,ACC00138,ACC00016
TXN0000713,normal,,ACC00143,ACC00016
TXN0000714,normal,,ACC00452,ACC00016
TXN0000715,normal,,ACC00222,ACC00016
TXN0000716,normal,,ACC00016,ACC00380
TXN0000717,normal,,ACC00016,ACC00240
TXN0000718,normal,,ACC00233,ACC00016
TXN0000719,normal,,ACC00016,ACC00143
TXN0000720,normal,,ACC00380,ACC00016
TXN0000721,normal,,ACC00016,ACC00233
TXN0000722,normal,,ACC00016,ACC00066
TXN0000723,normal,,ACC00016,ACC00233
TXN0000724,normal,,ACC00420,ACC00016
TXN0000725,normal,,ACC00455,ACC00016
TXN0000726,normal,,ACC00240,ACC00016
TXN0000727,normal,,ACC00222,ACC00016
TXN0000728,normal,,ACC00016,ACC00143
TXN0000729,normal,,ACC00240,ACC00016
TXN0000730,normal,,ACC00452,ACC00016
TXN0000731,normal,,ACC00452,ACC00016
TXN0000732,normal,,ACC00315,ACC00017
TXN0000733,normal,,ACC00108,ACC00017
TXN0000734,normal,,ACC00130,ACC00017
TXN0000735,normal,,ACC00017,ACC00344
TXN0000736,normal,,ACC00017,ACC00130
TXN0000737,normal,,ACC00001,ACC00017
TXN0000738,normal,,ACC00017,ACC00108
TXN0000739,normal,,ACC00017,ACC00108
TXN0000740,normal,,ACC00488,ACC00017
TXN0000741,normal,,ACC00017,ACC00108
TXN0000742,normal,,ACC00364,ACC00017
TXN0000743,normal,,ACC00017,ACC00444
TXN0000744,normal,,ACC00017,ACC00495
TXN0000745,normal,,ACC00145,ACC00017
TXN0000746,normal,,ACC00017,ACC00344
TXN0000747,normal,,ACC00040,ACC00017
TXN0000748,normal,,ACC00161,ACC00017
TXN0000749,normal,,ACC00161,ACC00017
TXN0000750,normal,,ACC00040,ACC00017
TXN0000751,normal,,ACC00040,ACC00017
TXN0000752,normal,,ACC00161,ACC00017
TXN0000753,normal,,ACC00108,ACC00017
TXN0000754,normal,,ACC00161,ACC00017
TXN0000755,normal,,ACC00017,ACC00001
TXN0000756,normal,,ACC00161,ACC00017
TXN0000757,normal,,ACC00017,ACC00344
TXN0000758,normal,,ACC00017,ACC00344
TXN0000759,normal,,ACC00344,ACC00017
TXN0000760,normal,,ACC00017,ACC00440
TXN0000761,normal,,ACC00017,ACC00364
TXN0000762,normal,,ACC00344,ACC00017
TXN0000763,normal,,ACC00017,ACC00108
TXN0000764,normal,,ACC00017,ACC00130
TXN0000765,normal,,ACC00286,ACC00017
TXN0000766,normal,,ACC00209,ACC00018
TXN0000767,normal,,ACC00018,ACC00308
TXN0000768,normal,,ACC00018,ACC00040
TXN0000769,normal,,ACC00103,ACC00018
TXN0000770,normal,,ACC00018,ACC00049
TXN0000771,normal,,ACC00018,ACC00048
TXN0000772,normal,,ACC00018,ACC00470
TXN0000773,normal,,ACC00308,ACC00018
TXN0000774,normal,,ACC00366,ACC00018
TXN0000775,normal,,ACC00018,ACC00049
TXN0000776,normal,,ACC00049,ACC00018
TXN0000777,normal,,ACC00403,ACC00018
TXN0000778,normal,,ACC00049,ACC00018
TXN0000779,normal,,ACC00018,ACC00116
TXN0000780,normal,,ACC00018,ACC00470
TXN0000781,normal,,ACC00470,ACC00018
TXN0000782,normal,,ACC00018,ACC00103
TXN0000783,normal,,ACC00358,ACC00018
TXN0000784,normal,,ACC00112,ACC00018
TXN0000785,normal,,ACC00018,ACC00308
TXN0000786,normal,,ACC00358,ACC00018
TXN0000787,normal,,ACC00040,ACC00018
TXN0000788,normal,,ACC00049,ACC00018
TXN0000789,normal,,ACC00016,ACC00018
TXN0000790,normal,,ACC00040,ACC00018
TXN0000791,normal,,ACC00197,ACC00018
TXN0000792,normal,,ACC00018,ACC00048
TXN0000793,normal,,ACC00018,ACC00103
TXN0000794,normal,,ACC00018,ACC00326
TXN0000795,normal,,ACC00358,ACC00018
TXN0000796,normal,,ACC00018,ACC00040
TXN0000797,normal,,ACC00018,ACC00048
TXN0000798,normal,,ACC00040,ACC00018
TXN0000799,normal,,ACC00049,ACC00018
TXN0000800,normal,,ACC00103,ACC00018
TXN0000801,normal,,ACC00018,ACC00470
TXN0000802,normal,,ACC00408,ACC00018
TXN0000803,normal,,ACC00018,ACC00057
TXN0000804,normal,,ACC00018,ACC00040
TXN0000805,normal,,ACC00018,ACC00482
TXN0000806,normal,,ACC00040,ACC00018
TXN0000807,normal,,ACC00049,ACC00018
TXN0000808,normal,,ACC00358,ACC00018
TXN0000809,normal,,ACC00040,ACC00018
TXN0000810,normal,,ACC00308,ACC00018
TXN0000811,normal,,ACC00470,ACC00018
TXN0000812,normal,,ACC00018,ACC00308
TXN0000813,normal,,ACC00470,ACC00018
TXN0000814,normal,,ACC00358,ACC00018
TXN0000815,normal,,ACC00103,ACC00018
TXN0000816,normal,,ACC00018,ACC00048
TXN0000817,normal,,ACC00352,ACC00018
TXN0000818,normal,,ACC00018,ACC00262
TXN0000819,normal,,ACC00103,ACC00018
TXN0000820,normal,,ACC00107,ACC00019
TXN0000821,normal,,ACC00294,ACC00019
TXN0000822,normal,,ACC00201,ACC00019
TXN0000823,normal,,ACC00107,ACC00019
TXN0000824,normal,,ACC00218,ACC00019
TXN0000825,normal,,ACC00019,ACC00329
TXN0000826,normal,,ACC00294,ACC00019
TXN0000827,normal,,ACC00019,ACC00008
TXN0000828,normal,,ACC00019,ACC00294
TXN0000829,normal,,ACC00019,ACC00252
TXN0000830,normal,,ACC00133,ACC00019
TXN0000831,normal,,ACC00019,ACC00329
TXN0000832,normal,,ACC00008,ACC00019
TXN0000833,normal,,ACC00019,ACC00025
TXN0000834,normal,,ACC00019,ACC00255
TXN0000835,normal,,ACC00019,ACC00255
TXN0000836,normal,,ACC00025,ACC00019
TXN0000837,normal,,ACC00294,ACC00019
TXN0000838,normal,,ACC00019,ACC00107
TXN0000839,normal,,ACC00294,ACC00019
TXN0000840,normal,,ACC00329,ACC00019
TXN0000841,normal,,ACC00019,ACC00025
TXN0000842,normal,,ACC00329,ACC00019
TXN0000843,normal,,ACC00019,ACC00255
TXN0000844,normal,,ACC00019,ACC00315
TXN0000845,normal,,ACC00019,ACC00106
TXN0000846,normal,,ACC00255,ACC00019
TXN0000847,normal,,ACC00019,ACC00255
TXN0000848,normal,,ACC00019,ACC00332
TXN0000849,normal,,ACC00294,ACC00019
TXN0000850,normal,,ACC00019,ACC00327
TXN0000851,normal,,ACC00019,ACC00315
TXN0000852,normal,,ACC00200,ACC00019
TXN0000853,normal,,ACC00008,ACC00019
TXN0000854,normal,,ACC00294,ACC00019
TXN0000855,normal,,ACC00019,ACC00008
TXN0000856,normal,,ACC00019,ACC00008
TXN0000857,normal,,ACC00019,ACC00294
TXN0000858,normal,,ACC00315,ACC00019
TXN0000859,normal,,ACC00019,ACC00329
TXN0000860,normal,,ACC00019,ACC00025
TXN0000861,normal,,ACC00019,ACC00294
TXN0000862,normal,,ACC00019,ACC00008
TXN0000863,normal,,ACC00019,ACC00107
TXN0000864,normal,,ACC00008,ACC00019
TXN0000865,normal,,ACC00019,ACC00025
TXN0000866,normal,,ACC00106,ACC00019
TXN0000867,normal,,ACC00019,ACC00106
TXN0000868,normal,,ACC00107,ACC00019
TXN0000869,normal,,ACC00315,ACC00019
TXN0000870,normal,,ACC00019,ACC00107
TXN0000871,normal,,ACC00019,ACC00107
TXN0000872,normal,,ACC00025,ACC00019
TXN0000873,normal,,ACC00341,ACC00019
TXN0000874,normal,,ACC00107,ACC00019
TXN0000875,normal,,ACC00106,ACC00019
TXN0000876,normal,,ACC00019,ACC00107
TXN0000877,normal,,ACC00315,ACC00019
TXN0000878,normal,,ACC00329,ACC00019
TXN0000879,normal,,ACC00406,ACC00019
TXN0000880,normal,,ACC00310,ACC00020
TXN0000881,normal,,ACC00044,ACC00020
TXN0000882,normal,,ACC00020,ACC00487
TXN0000883,normal,,ACC00020,ACC00310
TXN0000884,normal,,ACC00183,ACC00020
TXN0000885,normal,,ACC00020,ACC00366
TXN0000886,normal,,ACC00366,ACC00020
TXN0000887,normal,,ACC00020,ACC00310
TXN0000888,normal,,ACC00020,ACC00404
TXN0000889,normal,,ACC00045,ACC00020
TXN0000890,normal,,ACC00012,ACC00020
TXN0000891,normal,,ACC00020,ACC00487
TXN0000892,normal,,ACC00020,ACC00407
TXN0000893,normal,,ACC00020,ACC00318
TXN0000894,normal,,ACC00183,ACC00020
TXN0000895,normal,,ACC00020,ACC00487
TXN0000896,normal,,ACC00020,ACC00407
TXN0000897,normal,,ACC00020,ACC00407
TXN0000898,normal,,ACC00404,ACC00020
TXN0000899,normal,,ACC00020,ACC00366
TXN0000900,normal,,ACC00020,ACC00404
TXN0000901,normal,,ACC00020,ACC00360
TXN0000902,normal,,ACC00183,ACC00020
TXN0000903,normal,,ACC00044,ACC00020
TXN0000904,normal,,ACC00044,ACC00020
TXN0000905,normal,,ACC00020,ACC00044
TXN0000906,normal,,ACC00183,ACC00020
TXN0000907,normal,,ACC00020,ACC00411
TXN0000908,normal,,ACC00183,ACC00020
TXN0000909,normal,,ACC00020,ACC00183
TXN0000910,normal,,ACC00044,ACC00020
TXN0000911,normal,,ACC00020,ACC00487
TXN0000912,normal,,ACC00168,ACC00020
TXN0000913,normal,,ACC00074,ACC00021
TXN0000914,normal,,ACC00021,ACC00233
TXN0000915,normal,,ACC00021,ACC00074
TXN0000916,normal,,ACC00021,ACC00199
TXN0000917,normal,,ACC00021,ACC00386
TXN0000918,normal,,ACC00021,ACC00074
TXN0000919,normal,,ACC00036,ACC00021
TXN0000920,normal,,ACC00379,ACC00021
TXN0000921,normal,,ACC00233,ACC00021
TXN0000922,normal,,ACC00216,ACC00021
TXN0000923,normal,,ACC00199,ACC00021
TXN0000924,normal,,ACC00021,ACC00488
TXN0000925,normal,,ACC00199,ACC00021
TXN0000926,normal,,ACC00488,ACC00021
TXN0000927,normal,,ACC00379,ACC00021
TXN0000928,normal,,ACC00119,ACC00021
TXN0000929,normal,,ACC00488,ACC00021
TXN0000930,normal,,ACC00074,ACC00021
TXN0000931,normal,,ACC00021,ACC00386
TXN0000932,normal,,ACC00386,ACC00021
TXN0000933,normal,,ACC00379,ACC00021
TXN0000934,normal,,ACC00074,ACC00021
TXN0000935,normal,,ACC00379,ACC00021
TXN0000936,normal,,ACC00386,ACC00021
TXN0000937,normal,,ACC00021,ACC00386
TXN0000938,normal,,ACC00021,ACC00379
TXN0000939,normal,,ACC00488,ACC00021
TXN0000940,normal,,ACC00488,ACC00021
TXN0000941,normal,,ACC00379,ACC00021
TXN0000942,normal,,ACC00199,ACC00021
TXN0000943,normal,,ACC00021,ACC00199
TXN0000944,normal,,ACC00216,ACC00021
TXN0000945,normal,,ACC00233,ACC00021
TXN0000946,normal,,ACC00233,ACC00021
TXN0000947,normal,,ACC00021,ACC00080
TXN0000948,normal,,ACC00021,ACC00122
TXN0000949,normal,,ACC00199,ACC00021
TXN0000950,normal,,ACC00216,ACC00021
TXN0000951,normal,,ACC00080,ACC00021
TXN0000952,normal,,ACC00021,ACC00386
TXN0000953,normal,,ACC00021,ACC00379
TXN0000954,normal,,ACC00490,ACC00021
TXN0000955,normal,,ACC00021,ACC00216
TXN0000956,normal,,ACC00216,ACC00021
TXN0000957,normal,,ACC00180,ACC00022
TXN0000958,normal,,ACC00108,ACC00022
TXN0000959,normal,,ACC00180,ACC00022
TXN0000960,normal,,ACC00022,ACC00004
TXN0000961,normal,,ACC00022,ACC00004
TXN0000962,normal,,ACC00022,ACC00253
TXN0000963,normal,,ACC00022,ACC00253
TXN0000964,normal,,ACC00022,ACC00347
TXN0000965,normal,,ACC00108,ACC00022
TXN0000966,normal,,ACC00022,ACC00108
TXN0000967,normal,,ACC00022,ACC00107
TXN0000968,normal,,ACC00361,ACC00022
TXN0000969,normal,,ACC00004,ACC00022
TXN0000970,normal,,ACC00119,ACC00022
TXN0000971,normal,,ACC00108,ACC00022
TXN0000972,normal,,ACC00022,ACC00300
TXN0000973,normal,,ACC00381,ACC00022
TXN0000974,normal,,ACC00023,ACC00018
TXN0000975,normal,,ACC00023,ACC00479
TXN0000976,normal,,ACC00074,ACC00023
TXN0000977,normal,,ACC00012,ACC00023
TXN0000978,normal,,ACC00156,ACC00023
TXN0000979,normal,,ACC00023,ACC00074
TXN0000980,normal,,ACC00462,ACC00023
TXN0000981,normal,,ACC00013,ACC00023
TXN0000982,normal,,ACC00012,ACC00023
TXN0000983,normal,,ACC00224,ACC00023
TXN0000984,normal,,ACC00023,ACC00012
TXN0000985,normal,,ACC00074,ACC00023
TXN0000986,normal,,ACC00023,ACC00396
TXN0000987,normal,,ACC00023,ACC00156
TXN0000988,normal,,ACC00074,ACC00023
TXN0000989,normal,,ACC00462,ACC00023
TXN0000990,normal,,ACC00074,ACC00023
TXN0000991,normal,,ACC00177,ACC00023
TXN0000992,normal,,ACC00396,ACC00023
TXN0000993,normal,,ACC00023,ACC00204
TXN0000994,normal,,ACC00023,ACC00280
TXN0000995,normal,,ACC00396,ACC00023
TXN0000996,normal,,ACC00063,ACC00023
TXN0000997,normal,,ACC00269,ACC00023
TXN0000998,normal,,ACC00156,ACC00023
TXN0000999,normal,,ACC00018,ACC00023
TXN0001000,normal,,ACC00023,ACC00074
TXN0001001,normal,,ACC00023,ACC00156
TXN0001002,normal,,ACC00023,ACC00099
TXN0001003,normal,,ACC00023,ACC00154
TXN0001004,normal,,ACC00023,ACC00340
TXN0001005,normal,,ACC00023,ACC00063
TXN0001006,normal,,ACC00327,ACC00023
TXN0001007,normal,,ACC00023,ACC00257
TXN0001008,normal,,ACC00198,ACC00023
TXN0001009,normal,,ACC00063,ACC00023
TXN0001010,normal,,ACC00074,ACC00023
TXN0001011,normal,,ACC00023,ACC00154
TXN0001012,normal,,ACC00023,ACC00063
TXN0001013,normal,,ACC00023,ACC00074
TXN0001014,normal,,ACC00012,ACC00023
TXN0001015,normal,,ACC00462,ACC00023
TXN0001016,normal,,ACC00023,ACC00012
TXN0001017,normal,,ACC00023,ACC00074
TXN0001018,normal,,ACC00023,ACC00156
TXN0001019,normal,,ACC00023,ACC00074
TXN0001020,normal,,ACC00023,ACC00012
TXN0001021,normal,,ACC00119,ACC00023
TXN0001022,normal,,ACC00023,ACC00396
TXN0001023,normal,,ACC00063,ACC00023
TXN0001024,normal,,ACC00190,ACC00023
TXN0001025,normal,,ACC00156,ACC00023
TXN0001026,normal,,ACC00023,ACC00063
TXN0001027,normal,,ACC00023,ACC00450
TXN0001028,normal,,ACC00023,ACC00018
TXN0001029,normal,,ACC00154,ACC00023
TXN0001030,normal,,ACC00024,ACC00155
TXN0001031,normal,,ACC00105,ACC00024
TXN0001032,normal,,ACC00120,ACC00024
TXN0001033,normal,,ACC00024,ACC00070
TXN0001034,normal,,ACC00024,ACC00288
TXN0001035,normal,,ACC00024,ACC00288
TXN0001036,normal,,ACC00155,ACC00024
TXN0001037,normal,,ACC00024,ACC00155
TXN0001038,normal,,ACC00024,ACC00077
TXN0001039,normal,,ACC00024,ACC00021
TXN0001040,normal,,ACC00024,ACC00021
TXN0001041,normal,,ACC00155,ACC00024
TXN0001042,normal,,ACC00021,ACC00024
TXN0001043,normal,,ACC00070,ACC00024
TXN0001044,normal,,ACC00024,ACC00311
TXN0001045,normal,,ACC00155,ACC00024
TXN0001046,normal,,ACC00024,ACC00021
TXN0001047,normal,,ACC00274,ACC00024
TXN0001048,normal,,ACC00105,ACC00024
TXN0001049,normal,,ACC00077,ACC00024
TXN0001050,normal,,ACC00100,ACC00024
TXN0001051,normal,,ACC00155,ACC00024
TXN0001052,normal,,ACC00073,ACC00024
TXN0001053,normal,,ACC00077,ACC00024
TXN0001054,normal,,ACC00024,ACC00021
TXN0001055,normal,,ACC00120,ACC00024
TXN0001056,normal,,ACC00024,ACC00070
TXN0001057,normal,,ACC00237,ACC00024
TXN0001058,normal,,ACC00288,ACC00024
TXN0001059,normal,,ACC00120,ACC00024
TXN0001060,normal,,ACC00105,ACC00024
TXN0001061,normal,,ACC00155,ACC00024
TXN0001062,normal,,ACC00024,ACC00155
TXN0001063,normal,,ACC00024,ACC00061
TXN0001064,normal,,ACC00024,ACC00105
TXN0001065,normal,,ACC00024,ACC00061
TXN0001066,normal,,ACC00024,ACC00120
TXN0001067,normal,,ACC00077,ACC00024
TXN0001068,normal,,ACC00024,ACC00120
TXN0001069,normal,,ACC00061,ACC00024
TXN0001070,normal,,ACC00140,ACC00024
TXN0001071,normal,,ACC00025,ACC00125
TXN0001072,normal,,ACC00025,ACC00090
TXN0001073,normal,,ACC00025,ACC00471
TXN0001074,normal,,ACC00025,ACC00386
TXN0001075,normal,,ACC00025,ACC00471
TXN0001076,normal,,ACC00471,ACC00025
TXN0001077,normal,,ACC00025,ACC00458
TXN0001078,normal,,ACC00025,ACC00090
TXN0001079,normal,,ACC00086,ACC00025
TXN0001080,normal,,ACC00353,ACC00025
TXN0001081,normal,,ACC00025,ACC00115
TXN0001082,normal,,ACC00090,ACC00025
TXN0001083,normal,,ACC00025,ACC00458
TXN0001084,normal,,ACC00025,ACC00237
TXN0001085,normal,,ACC00314,ACC00025
TXN0001086,normal,,ACC00125,ACC00025
TXN0001087,normal,,ACC00025,ACC00115
TXN0001088,normal,,ACC00025,ACC00086
TXN0001089,normal,,ACC00025,ACC00086
TXN0001090,normal,,ACC00025,ACC00237
TXN0001091,normal,,ACC00314,ACC00025
TXN0001092,normal,,ACC00237,ACC00025
TXN0001093,normal,,ACC00025,ACC00237
TXN0001094,normal,,ACC00458,ACC00025
TXN0001095,normal,,ACC00258,ACC00025
TXN0001096,normal,,ACC00025,ACC00471
TXN0001097,normal,,ACC00295,ACC00025
TXN0001098,normal,,ACC00125,ACC00025
TXN0001099,normal,,ACC00125,ACC00025
TXN0001100,normal,,ACC00471,ACC00025
TXN0001101,normal,,ACC00471,ACC00025
TXN0001102,normal,,ACC00090,ACC00025
TXN0001103,normal,,ACC00025,ACC00471
TXN0001104,normal,,ACC00458,ACC00025
TXN0001105,normal,,ACC00025,ACC00086
TXN0001106,normal,,ACC00025,ACC00314
TXN0001107,normal,,ACC00237,ACC00025
TXN0001108,normal,,ACC00314,ACC00025
TXN0001109,normal,,ACC00025,ACC00471
TXN0001110,normal,,ACC00025,ACC00115
TXN0001111,normal,,ACC00025,ACC00115
TXN0001112,normal,,ACC00446,ACC00026
TXN0001113,normal,,ACC00026,ACC00183
TXN0001114,normal,,ACC00308,ACC00026
TXN0001115,normal,,ACC00026,ACC00246
TXN0001116,normal,,ACC00026,ACC00264
TXN0001117,normal,,ACC00021,ACC00026
TXN0001118,normal,,ACC00152,ACC00026
TXN0001119,normal,,ACC00021,ACC00026
TXN0001120,normal,,ACC00026,ACC00422
TXN0001121,normal,,ACC00026,ACC00308
TXN0001122,normal,,ACC00246,ACC00026
TXN0001123,normal,,ACC00264,ACC00026
TXN0001124,normal,,ACC00026,ACC00308
TXN0001125,normal,,ACC00183,ACC00026
TXN0001126,normal,,ACC00284,ACC00026
TXN0001127,normal,,ACC00134,ACC00026
TXN0001128,normal,,ACC00284,ACC00026
TXN0001129,normal,,ACC00264,ACC00026
TXN0001130,normal,,ACC00026,ACC00308
TXN0001131,normal,,ACC00027,ACC00133
TXN0001132,normal,,ACC00114,ACC00027
TXN0001133,normal,,ACC00359,ACC00027
TXN0001134,normal,,ACC00027,ACC00489
TXN0001135,normal,,ACC00500,ACC00027
TXN0001136,normal,,ACC00027,ACC00304
TXN0001137,normal,,ACC00027,ACC00062
TXN0001138,normal,,ACC00204,ACC00027
TXN0001139,normal,,ACC00027,ACC00372
TXN0001140,normal,,ACC00027,ACC00500
TXN0001141,normal,,ACC00027,ACC00304
TXN0001142,normal,,ACC00027,ACC00002
TXN0001143,normal,,ACC00189,ACC00027
TXN0001144,normal,,ACC00027,ACC00500
TXN0001145,normal,,ACC00500,ACC00027
TXN0001146,normal,,ACC00304,ACC00027
TXN0001147,normal,,ACC00500,ACC00027
TXN0001148,normal,,ACC00027,ACC00028
TXN0001149,normal,,ACC00209,ACC00027
TXN0001150,normal,,ACC00155,ACC00027
TXN0001151,normal,,ACC00027,ACC00304
TXN0001152,normal,,ACC00027,ACC00209
TXN0001153,normal,,ACC00257,ACC00027
TXN0001154,normal,,ACC00027,ACC00066
TXN0001155,normal,,ACC00209,ACC00027
TXN0001156,normal,,ACC00344,ACC00027
TXN0001157,normal,,ACC00209,ACC00027
TXN0001158,normal,,ACC00027,ACC00209
TXN0001159,normal,,ACC00027,ACC00155
TXN0001160,normal,,ACC00489,ACC00027
TXN0001161,normal,,ACC00386,ACC00027
TXN0001162,normal,,ACC00086,ACC00027
TXN0001163,normal,,ACC00027,ACC00173
TXN0001164,normal,,ACC00155,ACC00027
TXN0001165,normal,,ACC00028,ACC00366
TXN0001166,normal,,ACC00028,ACC00005
TXN0001167,normal,,ACC00177,ACC00028
TXN0001168,normal,,ACC00028,ACC00020
TXN0001169,normal,,ACC00028,ACC00411
TXN0001170,normal,,ACC00028,ACC00396
TXN0001171,normal,,ACC00313,ACC00028
TXN0001172,normal,,ACC00028,ACC00186
TXN0001173,normal,,ACC00344,ACC00028
TXN0001174,normal,,ACC00028,ACC00325
TXN0001175,normal,,ACC00028,ACC00177
TXN0001176,normal,,ACC00028,ACC00177
TXN0001177,normal,,ACC00028,ACC00020
TXN0001178,normal,,ACC00186,ACC00028
TXN0001179,normal,,ACC00028,ACC00366
TXN0001180,normal,,ACC00028,ACC00396
TXN0001181,normal,,ACC00028,ACC00186
TXN0001182,normal,,ACC00028,ACC00177
TXN0001183,normal,,ACC00028,ACC00186
TXN0001184,normal,,ACC00396,ACC00028
TXN0001185,normal,,ACC00035,ACC00028
TXN0001186,normal,,ACC00060,ACC00028
TXN0001187,normal,,ACC00411,ACC00028
TXN0001188,normal,,ACC00028,ACC00396
TXN0001189,normal,,ACC00325,ACC00028
TXN0001190,normal,,ACC00319,ACC00028
TXN0001191,normal,,ACC00028,ACC00085
TXN0001192,normal,,ACC00028,ACC00366
TXN0001193,normal,,ACC00028,ACC00177
TXN0001194,normal,,ACC00396,ACC00028
TXN0001195,normal,,ACC00028,ACC00411
TXN0001196,normal,,ACC00028,ACC00019
TXN0001197,normal,,ACC00366,ACC00028
TXN0001198,normal,,ACC00028,ACC00443
TXN0001199,normal,,ACC00396,ACC00028
TXN0001200,normal,,ACC00373,ACC00028
TXN0001201,normal,,ACC00028,ACC00366
TXN0001202,normal,,ACC00028,ACC00396
TXN0001203,normal,,ACC00177,ACC00028
TXN0001204,normal,,ACC00028,ACC00273
TXN0001205,normal,,ACC00020,ACC00028
TXN0001206,normal,,ACC00438,ACC00029
TXN0001207,normal,,ACC00308,ACC00029
TXN0001208,normal,,ACC00270,ACC00029
TXN0001209,normal,,ACC00029,ACC00281
TXN0001210,normal,,ACC00187,ACC00029
TXN0001211,normal,,ACC00029,ACC00053
TXN0001212,normal,,ACC00029,ACC00478
TXN0001213,normal,,ACC00209,ACC00029
TXN0001214,normal,,ACC00460,ACC00029
TXN0001215,normal,,ACC00270,ACC00029
TXN0001216,normal,,ACC00029,ACC00310
TXN0001217,normal,,ACC00029,ACC00187
TXN0001218,normal,,ACC00029,ACC00308
TXN0001219,normal,,ACC00029,ACC00187
TXN0001220,normal,,ACC00187,ACC00029
TXN0001221,normal,,ACC00270,ACC00029
TXN0001222,normal,,ACC00029,ACC00270
TXN0001223,normal,,ACC00310,ACC00029
TXN0001224,normal,,ACC00029,ACC00478
TXN0001225,normal,,ACC00029,ACC00187
TXN0001226,normal,,ACC00308,ACC00029
TXN0001227,normal,,ACC00029,ACC00053
TXN0001228,normal,,ACC00168,ACC00029
TXN0001229,normal,,ACC00105,ACC00030
TXN0001230,normal,,ACC00030,ACC00441
TXN0001231,normal,,ACC00142,ACC00030
TXN0001232,normal,,ACC00030,ACC00105
TXN0001233,normal,,ACC00030,ACC00341
TXN0001234,normal,,ACC00030,ACC00107
TXN0001235,normal,,ACC00441,ACC00030
TXN0001236,normal,,ACC00107,ACC00030
TXN0001237,normal,,ACC00030,ACC00076
TXN0001238,normal,,ACC00327,ACC00030
TXN0001239,normal,,ACC00266,ACC00030
TXN0001240,normal,,ACC00030,ACC00229
TXN0001241,normal,,ACC00341,ACC00030
TXN0001242,normal,,ACC00169,ACC00030
TXN0001243,normal,,ACC00030,ACC00142
TXN0001244,normal,,ACC00030,ACC00076
TXN0001245,normal,,ACC00076,ACC00030
TXN0001246,normal,,ACC00030,ACC00076
TXN0001247,normal,,ACC00030,ACC00327
TXN0001248,normal,,ACC00030,ACC00105
TXN0001249,normal,,ACC00030,ACC00341
TXN0001250,normal,,ACC00030,ACC00229
TXN0001251,normal,,ACC00030,ACC00105
TXN0001252,normal,,ACC00030,ACC00076
TXN0001253,normal,,ACC00030,ACC00459
TXN0001254,normal,,ACC00229,ACC00030
TXN0001255,normal,,ACC00030,ACC00105
TXN0001256,normal,,ACC00142,ACC00030
TXN0001257,normal,,ACC00030,ACC00327
TXN0001258,normal,,ACC00030,ACC00144
TXN0001259,normal,,ACC00030,ACC00341
TXN0001260,normal,,ACC00030,ACC00441
TXN0001261,normal,,ACC00030,ACC00341
TXN0001262,normal,,ACC00142,ACC00030
TXN0001263,normal,,ACC00030,ACC00105
TXN0001264,normal,,ACC00030,ACC00223
TXN0001265,normal,,ACC00030,ACC00142
TXN0001266,normal,,ACC00030,ACC00076
TXN0001267,normal,,ACC00030,ACC00076
TXN0001268,normal,,ACC00327,ACC00030
TXN0001269,normal,,ACC00105,ACC00030
TXN0001270,normal,,ACC00030,ACC00229
TXN0001271,normal,,ACC00410,ACC00030
TXN0001272,normal,,ACC00107,ACC00030
TXN0001273,normal,,ACC00341,ACC00030
TXN0001274,normal,,ACC00059,ACC00030
TXN0001275,normal,,ACC00030,ACC00341
TXN0001276,normal,,ACC00105,ACC00030
TXN0001277,normal,,ACC00030,ACC00229
TXN0001278,normal,,ACC00030,ACC00229
TXN0001279,normal,,ACC00030,ACC00023
TXN0001280,normal,,ACC00105,ACC00030
TXN0001281,normal,,ACC00030,ACC00229
TXN0001282,normal,,ACC00030,ACC00327
TXN0001283,normal,,ACC00142,ACC00030
TXN0001284,normal,,ACC00030,ACC00372
TXN0001285,normal,,ACC00030,ACC00105
TXN0001286,normal,,ACC00030,ACC00327
TXN0001287,normal,,ACC00031,ACC00332
TXN0001288,normal,,ACC00182,ACC00031
TXN0001289,normal,,ACC00031,ACC00078
TXN0001290,normal,,ACC00031,ACC00370
TXN0001291,normal,,ACC00031,ACC00370
TXN0001292,normal,,ACC00031,ACC00195
TXN0001293,normal,,ACC00196,ACC00031
TXN0001294,normal,,ACC00031,ACC00060
TXN0001295,normal,,ACC00191,ACC00031
TXN0001296,normal,,ACC00060,ACC00031
TXN0001297,normal,,ACC00031,ACC00370
TXN0001298,normal,,ACC00031,ACC00287
TXN0001299,normal,,ACC00031,ACC00182
TXN0001300,normal,,ACC00031,ACC00445
TXN0001301,normal,,ACC00470,ACC00031
TXN0001302,normal,,ACC00031,ACC00331
TXN0001303,normal,,ACC00032,ACC00393
TXN0001304,normal,,ACC00098,ACC00032
TXN0001305,normal,,ACC00032,ACC00369
TXN0001306,normal,,ACC00032,ACC00333
TXN0001307,normal,,ACC00101,ACC00032
TXN0001308,normal,,ACC00272,ACC00032
TXN0001309,normal,,ACC00393,ACC00032
TXN0001310,normal,,ACC00032,ACC00098
TXN0001311,normal,,ACC00032,ACC00034
TXN0001312,normal,,ACC00264,ACC00032
TXN0001313,normal,,ACC00012,ACC00032
TXN0001314,normal,,ACC00369,ACC00032
TXN0001315,normal,,ACC00101,ACC00032
TXN0001316,normal,,ACC00101,ACC00032
TXN0001317,normal,,ACC00108,ACC00032
TXN0001318,normal,,ACC00133,ACC00032
TXN0001319,normal,,ACC00393,ACC00032
TXN0001320,normal,,ACC00034,ACC00032
TXN0001321,normal,,ACC00032,ACC00393
TXN0001322,normal,,ACC00032,ACC00369
TXN0001323,normal,,ACC00032,ACC00439
TXN0001324,normal,,ACC00034,ACC00032
TXN0001325,normal,,ACC00333,ACC00032
TXN0001326,normal,,ACC00006,ACC00032
TXN0001327,normal,,ACC00016,ACC00032
TXN0001328,normal,,ACC00369,ACC00032
TXN0001329,normal,,ACC00032,ACC00333
TXN0001330,normal,,ACC00098,ACC00032
TXN0001331,normal,,ACC00453,ACC00032
TXN0001332,normal,,ACC00032,ACC00272
TXN0001333,normal,,ACC00195,ACC00032
TXN0001334,normal,,ACC00032,ACC00098
TXN0001335,normal,,ACC00101,ACC00032
TXN0001336,normal,,ACC00369,ACC00032
TXN0001337,normal,,ACC00032,ACC00393
TXN0001338,normal,,ACC00098,ACC00032
TXN0001339,normal,,ACC00333,ACC00032
TXN0001340,normal,,ACC00032,ACC00272
TXN0001341,normal,,ACC00101,ACC00032
TXN0001342,normal,,ACC00101,ACC00032
TXN0001343,normal,,ACC00032,ACC00393
TXN0001344,normal,,ACC00032,ACC00101
TXN0001345,normal,,ACC00032,ACC00393
TXN0001346,normal,,ACC00032,ACC00272
TXN0001347,normal,,ACC00333,ACC00032
TXN0001348,normal,,ACC00369,ACC00032
TXN0001349,normal,,ACC00032,ACC00101
TXN0001350,normal,,ACC00034,ACC00032
TXN0001351,normal,,ACC00033,ACC00283
TXN0001352,normal,,ACC00033,ACC00459
TXN0001353,normal,,ACC00033,ACC00261
TXN0001354,normal,,ACC00148,ACC00033
TXN0001355,normal,,ACC00300,ACC00033
TXN0001356,normal,,ACC00272,ACC00033
TXN0001357,normal,,ACC00033,ACC00338
TXN0001358,normal,,ACC00033,ACC00071
TXN0001359,normal,,ACC00459,ACC00033
TXN0001360,normal,,ACC00033,ACC00343
TXN0001361,normal,,ACC00283,ACC00033
TXN0001362,normal,,ACC00033,ACC00283
TXN0001363,normal,,ACC00033,ACC00443
TXN0001364,normal,,ACC00272,ACC00033
TXN0001365,normal,,ACC00016,ACC00033
TXN0001366,normal,,ACC00283,ACC00033
TXN0001367,normal,,ACC00033,ACC00334
TXN0001368,normal,,ACC00379,ACC00033
TXN0001369,normal,,ACC00062,ACC00033
TXN0001370,normal,,ACC00033,ACC00459
TXN0001371,normal,,ACC00459,ACC00033
TXN0001372,normal,,ACC00272,ACC00033
TXN0001373,normal,,ACC00033,ACC00112
TXN0001374,normal,,ACC00469,ACC00033
TXN0001375,normal,,ACC00033,ACC00343
TXN0001376,normal,,ACC00033,ACC00469
TXN0001377,normal,,ACC00141,ACC00033
TXN0001378,normal,,ACC00033,ACC00086
TXN0001379,normal,,ACC00272,ACC00033
TXN0001380,normal,,ACC00033,ACC00443
TXN0001381,normal,,ACC00343,ACC00033
TXN0001382,normal,,ACC00423,ACC00033
TXN0001383,normal,,ACC00033,ACC00379
TXN0001384,normal,,ACC00033,ACC00166
TXN0001385,normal,,ACC00033,ACC00269
TXN0001386,normal,,ACC00443,ACC00033
TXN0001387,normal,,ACC00033,ACC00071
TXN0001388,normal,,ACC00071,ACC00033
TXN0001389,normal,,ACC00033,ACC00469
TXN0001390,normal,,ACC00071,ACC00033
TXN0001391,normal,,ACC00084,ACC00033
TXN0001392,normal,,ACC00033,ACC00379
TXN0001393,normal,,ACC00033,ACC00283
TXN0001394,normal,,ACC00490,ACC00033
TXN0001395,normal,,ACC00033,ACC00272
TXN0001396,normal,,ACC00034,ACC00436
TXN0001397,normal,,ACC00034,ACC00086
TXN0001398,normal,,ACC00034,ACC00194
TXN0001399,normal,,ACC00034,ACC00281
TXN0001400,normal,,ACC00436,ACC00034
TXN0001401,normal,,ACC00152,ACC00034
TXN0001402,normal,,ACC00034,ACC00006
TXN0001403,normal,,ACC00034,ACC00205
TXN0001404,normal,,ACC00381,ACC00034
TXN0001405,normal,,ACC00034,ACC00040
TXN0001406,normal,,ACC00459,ACC00034
TXN0001407,normal,,ACC00034,ACC00462
TXN0001408,normal,,ACC00086,ACC00034
TXN0001409,normal,,ACC00349,ACC00034
TXN0001410,normal,,ACC00106,ACC00034
TXN0001411,normal,,ACC00034,ACC00086
TXN0001412,normal,,ACC00034,ACC00349
TXN0001413,normal,,ACC00034,ACC00006
TXN0001414,normal,,ACC00436,ACC00034
TXN0001415,normal,,ACC00034,ACC00436
TXN0001416,normal,,ACC00034,ACC00086
TXN0001417,normal,,ACC00034,ACC00086
TXN0001418,normal,,ACC00034,ACC00353
TXN0001419,normal,,ACC00034,ACC00436
TXN0001420,normal,,ACC00054,ACC00034
TXN0001421,normal,,ACC00034,ACC00466
TXN0001422,normal,,ACC00006,ACC00034
TXN0001423,normal,,ACC00034,ACC00410
TXN0001424,normal,,ACC00349,ACC00034
TXN0001425,normal,,ACC00466,ACC00034
TXN0001426,normal,,ACC00106,ACC00034
TXN0001427,normal,,ACC00054,ACC00034
TXN0001428,normal,,ACC00034,ACC00054
TXN0001429,normal,,ACC00034,ACC00207
TXN0001430,normal,,ACC00034,ACC00436
TXN0001431,normal,,ACC00106,ACC00034
TXN0001432,normal,,ACC00034,ACC00054
TXN0001433,normal,,ACC00349,ACC00034
TXN0001434,normal,,ACC00034,ACC00068
TXN0001435,normal,,ACC00020,ACC00034
TXN0001436,normal,,ACC00436,ACC00034
TXN0001437,normal,,ACC00466,ACC00034
TXN0001438,normal,,ACC00034,ACC00349
TXN0001439,normal,,ACC00006,ACC00034
TXN0001440,normal,,ACC00035,ACC00203
TXN0001441,normal,,ACC00035,ACC00193
TXN0001442,normal,,ACC00193,ACC00035
TXN0001443,normal,,ACC00101,ACC00035
TXN0001444,normal,,ACC00035,ACC00176
TXN0001445,normal,,ACC00139,ACC00035
TXN0001446,normal,,ACC00035,ACC00177
TXN0001447,normal,,ACC00115,ACC00035
TXN0001448,normal,,ACC00035,ACC00139
TXN0001449,normal,,ACC00035,ACC00130
TXN0001450,normal,,ACC00130,ACC00035
TXN0001451,normal,,ACC00095,ACC00035
TXN0001452,normal,,ACC00035,ACC00438
TXN0001453,normal,,ACC00040,ACC00035
TXN0001454,normal,,ACC00035,ACC00177
TXN0001455,normal,,ACC00193,ACC00035
TXN0001456,normal,,ACC00035,ACC00193
TXN0001457,normal,,ACC00035,ACC00139
TXN0001458,normal,,ACC00438,ACC00035
TXN0001459,normal,,ACC00035,ACC00130
TXN0001460,normal,,ACC00138,ACC00035
TXN0001461,normal,,ACC00035,ACC00384
TXN0001462,normal,,ACC00384,ACC00035
TXN0001463,normal,,ACC00177,ACC00035
TXN0001464,normal,,ACC00035,ACC00139
TXN0001465,normal,,ACC00035,ACC00130
TXN0001466,normal,,ACC00036,ACC00072
TXN0001467,normal,,ACC00459,ACC00036
TXN0001468,normal,,ACC00145,ACC00036
TXN0001469,normal,,ACC00036,ACC00277
TXN0001470,normal,,ACC00036,ACC00497
TXN0001471,normal,,ACC00214,ACC00036
TXN0001472,normal,,ACC00232,ACC00036
TXN0001473,normal,,ACC00069,ACC00036
TXN0001474,normal,,ACC00036,ACC00228
TXN0001475,normal,,ACC00232,ACC00036
TXN0001476,normal,,ACC00036,ACC00277
TXN0001477,normal,,ACC00145,ACC00036
TXN0001478,normal,,ACC00036,ACC00232
TXN0001479,normal,,ACC00277,ACC00036
TXN0001480,normal,,ACC00388,ACC00036
TXN0001481,normal,,ACC00388,ACC00036
TXN0001482,normal,,ACC00232,ACC00036
TXN0001483,normal,,ACC00214,ACC00036
TXN0001484,normal,,ACC00214,ACC00036
TXN0001485,normal,,ACC00036,ACC00388
TXN0001486,normal,,ACC00388,ACC00036
TXN0001487,normal,,ACC00388,ACC00036
TXN0001488,normal,,ACC00277,ACC00036
TXN0001489,normal,,ACC00036,ACC00145
TXN0001490,normal,,ACC00407,ACC00036
TXN0001491,normal,,ACC00232,ACC00036
TXN0001492,normal,,ACC00036,ACC00369
TXN0001493,normal,,ACC00154,ACC00036
TXN0001494,normal,,ACC00337,ACC00036
TXN0001495,normal,,ACC00036,ACC00388
TXN0001496,normal,,ACC00145,ACC00036
TXN0001497,normal,,ACC00407,ACC00036
TXN0001498,normal,,ACC00036,ACC00388
TXN0001499,normal,,ACC00036,ACC00232
TXN0001500,normal,,ACC00154,ACC00036
TXN0001501,normal,,ACC00036,ACC00145
TXN0001502,normal,,ACC00277,ACC00036
TXN0001503,normal,,ACC00036,ACC00407
TXN0001504,normal,,ACC00388,ACC00036
TXN0001505,normal,,ACC00232,ACC00036
TXN0001506,normal,,ACC00036,ACC00370
TXN0001507,normal,,ACC00036,ACC00232
TXN0001508,normal,,ACC00036,ACC00228
TXN0001509,normal,,ACC00036,ACC00388
TXN0001510,normal,,ACC00154,ACC00036
TXN0001511,normal,,ACC00232,ACC00036
TXN0001512,normal,,ACC00036,ACC00228
TXN0001513,normal,,ACC00406,ACC00037
TXN0001514,normal,,ACC00037,ACC00418
TXN0001515,normal,,ACC00448,ACC00037
TXN0001516,normal,,ACC00474,ACC00037
TXN0001517,normal,,ACC00037,ACC00410
TXN0001518,normal,,ACC00037,ACC00386
TXN0001519,normal,,ACC00037,ACC00021
TXN0001520,normal,,ACC00037,ACC00430
TXN0001521,normal,,ACC00037,ACC00430
TXN0001522,normal,,ACC00037,ACC00474
TXN0001523,normal,,ACC00037,ACC00395
TXN0001524,normal,,ACC00037,ACC00410
TXN0001525,normal,,ACC00037,ACC00386
TXN0001526,normal,,ACC00037,ACC00386
TXN0001527,normal,,ACC00037,ACC00474
TXN0001528,normal,,ACC00037,ACC00430
TXN0001529,normal,,ACC00037,ACC00406
TXN0001530,normal,,ACC00474,ACC00037
TXN0001531,normal,,ACC00038,ACC00304
TXN0001532,normal,,ACC00070,ACC00038
TXN0001533,normal,,ACC00111,ACC00038
TXN0001534,normal,,ACC00009,ACC00038
TXN0001535,normal,,ACC00038,ACC00062
TXN0001536,normal,,ACC00038,ACC00194
TXN0001537,normal,,ACC00038,ACC00169
TXN0001538,normal,,ACC00009,ACC00038
TXN0001539,normal,,ACC00038,ACC00009
TXN0001540,normal,,ACC00038,ACC00169
TXN0001541,normal,,ACC00038,ACC00169
TXN0001542,normal,,ACC00038,ACC00070
TXN0001543,normal,,ACC00352,ACC00038
TXN0001544,normal,,ACC00038,ACC00169
TXN0001545,normal,,ACC00290,ACC00038
TXN0001546,normal,,ACC00148,ACC00038
TXN0001547,normal,,ACC00038,ACC00194
TXN0001548,normal,,ACC00038,ACC00130
TXN0001549,normal,,ACC00038,ACC00169
TXN0001550,normal,,ACC00038,ACC00070
TXN0001551,normal,,ACC00038,ACC00070
TXN0001552,normal,,ACC00067,ACC00038
TXN0001553,normal,,ACC00038,ACC00194
TXN0001554,normal,,ACC00057,ACC00038
TXN0001555,normal,,ACC00038,ACC00169
TXN0001556,normal,,ACC00038,ACC00307
TXN0001557,normal,,ACC00038,ACC00148
TXN0001558,normal,,ACC00038,ACC00307
TXN0001559,normal,,ACC00038,ACC00194
TXN0001560,normal,,ACC00038,ACC00169
TXN0001561,normal,,ACC00307,ACC00038
TXN0001562,normal,,ACC00038,ACC00431
TXN0001563,normal,,ACC00070,ACC00038
TXN0001564,normal,,ACC00169,ACC00038
TXN0001565,normal,,ACC00194,ACC00038
TXN0001566,normal,,ACC00038,ACC00169
TXN0001567,normal,,ACC00038,ACC00148
TXN0001568,normal,,ACC00070,ACC00038
TXN0001569,normal,,ACC00038,ACC00194
TXN0001570,normal,,ACC00038,ACC00169
TXN0001571,normal,,ACC00154,ACC00038
TXN0001572,normal,,ACC00204,ACC00038
TXN0001573,normal,,ACC00038,ACC00307
TXN0001574,normal,,ACC00197,ACC00038
TXN0001575,normal,,ACC00067,ACC00038
TXN0001576,normal,,ACC00038,ACC00169
TXN0001577,normal,,ACC00078,ACC00038
TXN0001578,normal,,ACC00148,ACC00038
TXN0001579,normal,,ACC00038,ACC00169
TXN0001580,normal,,ACC00067,ACC00038
TXN0001581,normal,,ACC00169,ACC00038
TXN0001582,normal,,ACC00038,ACC00056
TXN0001583,normal,,ACC00169,ACC00038
TXN0001584,normal,,ACC00038,ACC00070
TXN0001585,normal,,ACC00009,ACC00038
TXN0001586,normal,,ACC00038,ACC00494
TXN0001587,normal,,ACC00148,ACC00038
TXN0001588,normal,,ACC00084,ACC00039
TXN0001589,normal,,ACC00135,ACC00039
TXN0001590,normal,,ACC00477,ACC00039
TXN0001591,normal,,ACC00039,ACC00477
TXN0001592,normal,,ACC00094,ACC00039
TXN0001593,normal,,ACC00039,ACC00072
TXN0001594,normal,,ACC00263,ACC00039
TXN0001595,normal,,ACC00459,ACC00039
TXN0001596,normal,,ACC00072,ACC00039
TXN0001597,normal,,ACC00039,ACC00477
TXN0001598,normal,,ACC00157,ACC00039
TXN0001599,normal,,ACC00039,ACC00275
TXN0001600,normal,,ACC00039,ACC00459
TXN0001601,normal,,ACC00275,ACC00039
TXN0001602,normal,,ACC00039,ACC00072
TXN0001603,normal,,ACC00361,ACC00039
TXN0001604,normal,,ACC00135,ACC00039
TXN0001605,normal,,ACC00084,ACC00039
TXN0001606,normal,,ACC00039,ACC00275
TXN0001607,normal,,ACC00135,ACC00039
TXN0001608,normal,,ACC00477,ACC00039
TXN0001609,normal,,ACC00072,ACC00039
TXN0001610,normal,,ACC00039,ACC00072
TXN0001611,normal,,ACC00084,ACC00039
TXN0001612,normal,,ACC00039,ACC00206
TXN0001613,normal,,ACC00039,ACC00135
TXN0001614,normal,,ACC00039,ACC00449
TXN0001615,normal,,ACC00072,ACC00039
TXN0001616,normal,,ACC00039,ACC00157
TXN0001617,normal,,ACC00477,ACC00039
TXN0001618,normal,,ACC00039,ACC00084
TXN0001619,normal,,ACC00477,ACC00039
TXN0001620,normal,,ACC00039,ACC00072
TXN0001621,normal,,ACC00478,ACC00039
TXN0001622,normal,,ACC00477,ACC00039
TXN0001623,normal,,ACC00238,ACC00039
TXN0001624,normal,,ACC00039,ACC00157
TXN0001625,normal,,ACC00039,ACC00320
TXN0001626,normal,,ACC00039,ACC00281
TXN0001627,normal,,ACC00129,ACC00039
TXN0001628,normal,,ACC00157,ACC00039
TXN0001629,normal,,ACC00039,ACC00206
TXN0001630,normal,,ACC00039,ACC00026
TXN0001631,normal,,ACC00477,ACC00039
TXN0001632,normal,,ACC00072,ACC00039
TXN0001633,normal,,ACC00039,ACC00206
TXN0001634,normal,,ACC00277,ACC00039
TXN0001635,normal,,ACC00039,ACC00275
TXN0001636,normal,,ACC00039,ACC00157
TXN0001637,normal,,ACC00154,ACC00040
TXN0001638,normal,,ACC00295,ACC00040
TXN0001639,normal,,ACC00040,ACC00295
TXN0001640,normal,,ACC00040,ACC00337
TXN0001641,normal,,ACC00040,ACC00335
TXN0001642,normal,,ACC00040,ACC00294
TXN0001643,normal,,ACC00100,ACC00040
TXN0001644,normal,,ACC00306,ACC00040
TXN0001645,normal,,ACC00040,ACC00403
TXN0001646,normal,,ACC00040,ACC00337
TXN0001647,normal,,ACC00040,ACC00335
TXN0001648,normal,,ACC00040,ACC00013
TXN0001649,normal,,ACC00040,ACC00410
TXN0001650,normal,,ACC00013,ACC00040
TXN0001651,normal,,ACC00040,ACC00026
TXN0001652,normal,,ACC00337,ACC00040
TXN0001653,normal,,ACC00004,ACC00040
TXN0001654,normal,,ACC00040,ACC00295
TXN0001655,normal,,ACC00040,ACC00026
TXN0001656,normal,,ACC00004,ACC00040
TXN0001657,normal,,ACC00211,ACC00040
TXN0001658,normal,,ACC00026,ACC00040
TXN0001659,normal,,ACC00040,ACC00156
TXN0001660,normal,,ACC00040,ACC00004
TXN0001661,normal,,ACC00337,ACC00040
TXN0001662,normal,,ACC00306,ACC00040
TXN0001663,normal,,ACC00040,ACC00337
TXN0001664,normal,,ACC00040,ACC00335
TXN0001665,normal,,ACC00434,ACC00040
TXN0001666,normal,,ACC00040,ACC00156
TXN0001667,normal,,ACC00040,ACC00026
TXN0001668,normal,,ACC00306,ACC00040
TXN0001669,normal,,ACC00040,ACC00004
TXN0001670,normal,,ACC00013,ACC00040
TXN0001671,normal,,ACC00004,ACC00040
TXN0001672,normal,,ACC00040,ACC00425
TXN0001673,normal,,ACC00040,ACC00306
TXN0001674,normal,,ACC00040,ACC00306
TXN0001675,normal,,ACC00026,ACC00040
TXN0001676,normal,,ACC00337,ACC00040
TXN0001677,normal,,ACC00040,ACC00013
TXN0001678,normal,,ACC00040,ACC00295
TXN0001679,normal,,ACC00040,ACC00354
TXN0001680,normal,,ACC00040,ACC00026
TXN0001681,normal,,ACC00040,ACC00026
TXN0001682,normal,,ACC00295,ACC00040
TXN0001683,normal,,ACC00455,ACC00041
TXN0001684,normal,,ACC00041,ACC00355
TXN0001685,normal,,ACC00041,ACC00081
TXN0001686,normal,,ACC00393,ACC00041
TXN0001687,normal,,ACC00427,ACC00041
TXN0001688,normal,,ACC00041,ACC00081
TXN0001689,normal,,ACC00332,ACC00041
TXN0001690,normal,,ACC00082,ACC00041
TXN0001691,normal,,ACC00272,ACC00041
TXN0001692,normal,,ACC00041,ACC00265
TXN0001693,normal,,ACC00041,ACC00272
TXN0001694,normal,,ACC00041,ACC00393
TXN0001695,normal,,ACC00307,ACC00041
TXN0001696,normal,,ACC00041,ACC00265
TXN0001697,normal,,ACC00393,ACC00041
TXN0001698,normal,,ACC00150,ACC00041
TXN0001699,normal,,ACC00272,ACC00041
TXN0001700,normal,,ACC00041,ACC00081
TXN0001701,normal,,ACC00041,ACC00265
TXN0001702,normal,,ACC00393,ACC00041
TXN0001703,normal,,ACC00489,ACC00041
TXN0001704,normal,,ACC00041,ACC00272
TXN0001705,normal,,ACC00041,ACC00265
TXN0001706,normal,,ACC00155,ACC00041
TXN0001707,normal,,ACC00001,ACC00041
TXN0001708,normal,,ACC00455,ACC00041
TXN0001709,normal,,ACC00456,ACC00041
TXN0001710,normal,,ACC00041,ACC00081
TXN0001711,normal,,ACC00041,ACC00393
TXN0001712,normal,,ACC00393,ACC00041
TXN0001713,normal,,ACC00355,ACC00041
TXN0001714,normal,,ACC00041,ACC00393
TXN0001715,normal,,ACC00041,ACC00393
TXN0001716,normal,,ACC00041,ACC00265
TXN0001717,normal,,ACC00041,ACC00399
TXN0001718,normal,,ACC00391,ACC00041
TXN0001719,normal,,ACC00041,ACC00483
TXN0001720,normal,,ACC00041,ACC00265
TXN0001721,normal,,ACC00041,ACC00399
TXN0001722,normal,,ACC00265,ACC00041
TXN0001723,normal,,ACC00265,ACC00041
TXN0001724,normal,,ACC00041,ACC00399
TXN0001725,normal,,ACC00041,ACC00265
TXN0001726,normal,,ACC00041,ACC00456
TXN0001727,normal,,ACC00041,ACC00455
TXN0001728,normal,,ACC00041,ACC00399
TXN0001729,normal,,ACC00041,ACC00189
TXN0001730,normal,,ACC00041,ACC00272
TXN0001731,normal,,ACC00041,ACC00272
TXN0001732,normal,,ACC00355,ACC00041
TXN0001733,normal,,ACC00041,ACC00455
TXN0001734,normal,,ACC00041,ACC00399
TXN0001735,normal,,ACC00408,ACC00042
TXN0001736,normal,,ACC00484,ACC00042
TXN0001737,normal,,ACC00484,ACC00042
TXN0001738,normal,,ACC00057,ACC00042
TXN0001739,normal,,ACC00071,ACC00042
TXN0001740,normal,,ACC00042,ACC00279
TXN0001741,normal,,ACC00042,ACC00279
TXN0001742,normal,,ACC00048,ACC00042
TXN0001743,normal,,ACC00295,ACC00042
TXN0001744,normal,,ACC00038,ACC00042
TXN0001745,normal,,ACC00480,ACC00042
TXN0001746,normal,,ACC00042,ACC00201
TXN0001747,normal,,ACC00071,ACC00042
TXN0001748,normal,,ACC00042,ACC00244
TXN0001749,normal,,ACC00042,ACC00071
TXN0001750,normal,,ACC00042,ACC00480
TXN0001751,normal,,ACC00111,ACC00042
TXN0001752,normal,,ACC00042,ACC00038
TXN0001753,normal,,ACC00480,ACC00042
TXN0001754,normal,,ACC00042,ACC00279
TXN0001755,normal,,ACC00478,ACC00042
TXN0001756,normal,,ACC00164,ACC00042
TXN0001757,normal,,ACC00216,ACC00042
TXN0001758,normal,,ACC00279,ACC00042
TXN0001759,normal,,ACC00042,ACC00484
TXN0001760,normal,,ACC00216,ACC00042
TXN0001761,normal,,ACC00484,ACC00042
TXN0001762,normal,,ACC00201,ACC00042
TXN0001763,normal,,ACC00053,ACC00042
TXN0001764,normal,,ACC00050,ACC00042
TXN0001765,normal,,ACC00043,ACC00362
TXN0001766,normal,,ACC00043,ACC00484
TXN0001767,normal,,ACC00153,ACC00043
TXN0001768,normal,,ACC00043,ACC00362
TXN0001769,normal,,ACC00043,ACC00414
TXN0001770,normal,,ACC00043,ACC00153
TXN0001771,normal,,ACC00179,ACC00043
TXN0001772,normal,,ACC00043,ACC00351
TXN0001773,normal,,ACC00028,ACC00043
TXN0001774,normal,,ACC00414,ACC00043
TXN0001775,normal,,ACC00414,ACC00043
TXN0001776,normal,,ACC00043,ACC00201
TXN0001777,normal,,ACC00397,ACC00043
TXN0001778,normal,,ACC00043,ACC00229
TXN0001779,normal,,ACC00043,ACC00229
TXN0001780,normal,,ACC00043,ACC00491
TXN0001781,normal,,ACC00362,ACC00043
TXN0001782,normal,,ACC00353,ACC00043
TXN0001783,normal,,ACC00043,ACC00414
TXN0001784,normal,,ACC00043,ACC00414
TXN0001785,normal,,ACC00201,ACC00043
TXN0001786,normal,,ACC00484,ACC00043
TXN0001787,normal,,ACC00484,ACC00043
TXN0001788,normal,,ACC00351,ACC00043
TXN0001789,normal,,ACC00201,ACC00043
TXN0001790,normal,,ACC00043,ACC00484
TXN0001791,normal,,ACC00484,ACC00043
TXN0001792,normal,,ACC00043,ACC00096
TXN0001793,normal,,ACC00414,ACC00043
TXN0001794,normal,,ACC00043,ACC00484
TXN0001795,normal,,ACC00414,ACC00043
TXN0001796,normal,,ACC00043,ACC00024
TXN0001797,normal,,ACC00201,ACC00043
TXN0001798,normal,,ACC00043,ACC00061
TXN0001799,normal,,ACC00043,ACC00414
TXN0001800,normal,,ACC00043,ACC00028
TXN0001801,normal,,ACC00044,ACC00396
TXN0001802,normal,,ACC00044,ACC00379
TXN0001803,normal,,ACC00204,ACC00044
TXN0001804,normal,,ACC00044,ACC00204
TXN0001805,normal,,ACC00044,ACC00089
TXN0001806,normal,,ACC00044,ACC00379
TXN0001807,normal,,ACC00204,ACC00044
TXN0001808,normal,,ACC00305,ACC00044
TXN0001809,normal,,ACC00161,ACC00044
TXN0001810,normal,,ACC00293,ACC00044
TXN0001811,normal,,ACC00044,ACC00305
TXN0001812,normal,,ACC00161,ACC00044
TXN0001813,normal,,ACC00035,ACC00044
TXN0001814,normal,,ACC00204,ACC00044
TXN0001815,normal,,ACC00218,ACC00044
TXN0001816,normal,,ACC00044,ACC00204
TXN0001817,normal,,ACC00218,ACC00044
TXN0001818,normal,,ACC00044,ACC00379
TXN0001819,normal,,ACC00218,ACC00044
TXN0001820,normal,,ACC00044,ACC00305
TXN0001821,normal,,ACC00346,ACC00045
TXN0001822,normal,,ACC00045,ACC00006
TXN0001823,normal,,ACC00067,ACC00045
TXN0001824,normal,,ACC00102,ACC00045
TXN0001825,normal,,ACC00378,ACC00045
TXN0001826,normal,,ACC00045,ACC00102
TXN0001827,normal,,ACC00045,ACC00227
TXN0001828,normal,,ACC00045,ACC00346
TXN0001829,normal,,ACC00045,ACC00360
TXN0001830,normal,,ACC00323,ACC00045
TXN0001831,normal,,ACC00045,ACC00346
TXN0001832,normal,,ACC00045,ACC00066
TXN0001833,normal,,ACC00360,ACC00045
TXN0001834,normal,,ACC00045,ACC00102
TXN0001835,normal,,ACC00215,ACC00045
TXN0001836,normal,,ACC00451,ACC00045
TXN0001837,normal,,ACC00044,ACC00045
TXN0001838,normal,,ACC00066,ACC00045
TXN0001839,normal,,ACC00045,ACC00102
TXN0001840,normal,,ACC00346,ACC00045
TXN0001841,normal,,ACC00045,ACC00323
TXN0001842,normal,,ACC00323,ACC00045
TXN0001843,normal,,ACC00045,ACC00132
TXN0001844,normal,,ACC00045,ACC00380
TXN0001845,normal,,ACC00045,ACC00006
TXN0001846,normal,,ACC00102,ACC00045
TXN0001847,normal,,ACC00045,ACC00323
TXN0001848,normal,,ACC00045,ACC00366
TXN0001849,normal,,ACC00346,ACC00045
TXN0001850,normal,,ACC00066,ACC00045
TXN0001851,normal,,ACC00378,ACC00045
TXN0001852,normal,,ACC00488,ACC00045
TXN0001853,normal,,ACC00378,ACC00045
TXN0001854,normal,,ACC00045,ACC00066
TXN0001855,normal,,ACC00290,ACC00045
TXN0001856,normal,,ACC00066,ACC00045
TXN0001857,normal,,ACC00186,ACC00045
TXN0001858,normal,,ACC00045,ACC00066
TXN0001859,normal,,ACC00323,ACC00045
TXN0001860,normal,,ACC00045,ACC00066
TXN0001861,normal,,ACC00102,ACC00045
TXN0001862,normal,,ACC00158,ACC00045
TXN0001863,normal,,ACC00045,ACC00006
TXN0001864,normal,,ACC00045,ACC00007
TXN0001865,normal,,ACC00045,ACC00066
TXN0001866,normal,,ACC00045,ACC00138
TXN0001867,normal,,ACC00066,ACC00045
TXN0001868,normal,,ACC00006,ACC00045
TXN0001869,normal,,ACC00045,ACC00066
TXN0001870,normal,,ACC00346,ACC00045
TXN0001871,normal,,ACC00350,ACC00045
TXN0001872,normal,,ACC00378,ACC00045
TXN0001873,normal,,ACC00045,ACC00007
TXN0001874,normal,,ACC00045,ACC00346
TXN0001875,normal,,ACC00045,ACC00007
TXN0001876,normal,,ACC00045,ACC00007
TXN0001877,normal,,ACC00323,ACC00045
TXN0001878,normal,,ACC00045,ACC00007
TXN0001879,normal,,ACC00045,ACC00378
TXN0001880,normal,,ACC00102,ACC00045
TXN0001881,normal,,ACC00046,ACC00418
TXN0001882,normal,,ACC00093,ACC00046
TXN0001883,normal,,ACC00046,ACC00276
TXN0001884,normal,,ACC00226,ACC00046
TXN0001885,normal,,ACC00046,ACC00226
TXN0001886,normal,,ACC00046,ACC00276
TXN0001887,normal,,ACC00046,ACC00476
TXN0001888,normal,,ACC00481,ACC00046
TXN0001889,normal,,ACC00182,ACC00046
TXN0001890,normal,,ACC00046,ACC00077
TXN0001891,normal,,ACC00276,ACC00046
TXN0001892,normal,,ACC00013,ACC00046
TXN0001893,normal,,ACC00046,ACC00276
TXN0001894,normal,,ACC00046,ACC00418
TXN0001895,normal,,ACC00046,ACC00481
TXN0001896,normal,,ACC00226,ACC00046
TXN0001897,normal,,ACC00046,ACC00226
TXN0001898,normal,,ACC00276,ACC00046
TXN0001899,normal,,ACC00479,ACC00046
TXN0001900,normal,,ACC00046,ACC00392
TXN0001901,normal,,ACC00046,ACC00013
TXN0001902,normal,,ACC00276,ACC00046
TXN0001903,normal,,ACC00046,ACC00262
TXN0001904,normal,,ACC00046,ACC00479
TXN0001905,normal,,ACC00047,ACC00442
TXN0001906,normal,,ACC00047,ACC00174
TXN0001907,normal,,ACC00093,ACC00047
TXN0001908,normal,,ACC00047,ACC00325
TXN0001909,normal,,ACC00047,ACC00352
TXN0001910,normal,,ACC00047,ACC00488
TXN0001911,normal,,ACC00369,ACC00047
TXN0001912,normal,,ACC00369,ACC00047
TXN0001913,normal,,ACC00093,ACC00047
TXN0001914,normal,,ACC00047,ACC00093
TXN0001915,normal,,ACC00342,ACC00047
TXN0001916,normal,,ACC00047,ACC00325
TXN0001917,normal,,ACC00047,ACC00325
TXN0001918,normal,,ACC00096,ACC00047
TXN0001919,normal,,ACC00047,ACC00093
TXN0001920,normal,,ACC00047,ACC00417
TXN0001921,normal,,ACC00047,ACC00343
TXN0001922,normal,,ACC00047,ACC00419
TXN0001923,normal,,ACC00096,ACC00047
TXN0001924,normal,,ACC00047,ACC00093
TXN0001925,normal,,ACC00047,ACC00342
TXN0001926,normal,,ACC00047,ACC00342
TXN0001927,normal,,ACC00442,ACC00047
TXN0001928,normal,,ACC00047,ACC00096
TXN0001929,normal,,ACC00294,ACC00048
TXN0001930,normal,,ACC00048,ACC00356
TXN0001931,normal,,ACC00048,ACC00294
TXN0001932,normal,,ACC00048,ACC00160
TXN0001933,normal,,ACC00048,ACC00359
TXN0001934,normal,,ACC00048,ACC00105
TXN0001935,normal,,ACC00359,ACC00048
TXN0001936,normal,,ACC00048,ACC00046
TXN0001937,normal,,ACC00048,ACC00352
TXN0001938,normal,,ACC00048,ACC00356
TXN0001939,normal,,ACC00160,ACC00048
TXN0001940,normal,,ACC00048,ACC00105
TXN0001941,normal,,ACC00462,ACC00048
TXN0001942,normal,,ACC00356,ACC00048
TXN0001943,normal,,ACC00048,ACC00294
TXN0001944,normal,,ACC00048,ACC00160
TXN0001945,normal,,ACC00356,ACC00048
TXN0001946,normal,,ACC00048,ACC00160
TXN0001947,normal,,ACC00484,ACC00048
TXN0001948,normal,,ACC00294,ACC00048
TXN0001949,normal,,ACC00470,ACC00048
TXN0001950,normal,,ACC00048,ACC00105
TXN0001951,normal,,ACC00048,ACC00137
TXN0001952,normal,,ACC00048,ACC00470
TXN0001953,normal,,ACC00105,ACC00048
TXN0001954,normal,,ACC00048,ACC00359
TXN0001955,normal,,ACC00391,ACC00048
TXN0001956,normal,,ACC00105,ACC00048
TXN0001957,normal,,ACC00048,ACC00267
TXN0001958,normal,,ACC00105,ACC00048
TXN0001959,normal,,ACC00048,ACC00352
TXN0001960,normal,,ACC00197,ACC00048
TXN0001961,normal,,ACC00352,ACC00048
TXN0001962,normal,,ACC00048,ACC00294
TXN0001963,normal,,ACC00048,ACC00444
TXN0001964,normal,,ACC00356,ACC00048
TXN0001965,normal,,ACC00160,ACC00048
TXN0001966,normal,,ACC00048,ACC00294
TXN0001967,normal,,ACC00048,ACC00356
TXN0001968,normal,,ACC00048,ACC00356
TXN0001969,normal,,ACC00048,ACC00160
TXN0001970,normal,,ACC00048,ACC00470
TXN0001971,normal,,ACC00470,ACC00048
TXN0001972,normal,,ACC00160,ACC00048
TXN0001973,normal,,ACC00048,ACC00352
TXN0001974,normal,,ACC00462,ACC00048
TXN0001975,normal,,ACC00080,ACC00048
TXN0001976,normal,,ACC00048,ACC00359
TXN0001977,normal,,ACC00048,ACC00356
TXN0001978,normal,,ACC00048,ACC00085
TXN0001979,normal,,ACC00048,ACC00356
TXN0001980,normal,,ACC00462,ACC00048
TXN0001981,normal,,ACC00048,ACC00352
TXN0001982,normal,,ACC00048,ACC00352
TXN0001983,normal,,ACC00048,ACC00105
TXN0001984,normal,,ACC00440,ACC00049
TXN0001985,normal,,ACC00049,ACC00440
TXN0001986,normal,,ACC00378,ACC00049
TXN0001987,normal,,ACC00049,ACC00188
TXN0001988,normal,,ACC00049,ACC00226
TXN0001989,normal,,ACC00419,ACC00049
TXN0001990,normal,,ACC00049,ACC00440
TXN0001991,normal,,ACC00134,ACC00049
TXN0001992,normal,,ACC00245,ACC00049
TXN0001993,normal,,ACC00049,ACC00213
TXN0001994,normal,,ACC00095,ACC00049
TXN0001995,normal,,ACC00006,ACC00049
TXN0001996,normal,,ACC00074,ACC00049
TXN0001997,normal,,ACC00440,ACC00049
TXN0001998,normal,,ACC00226,ACC00049
TXN0001999,normal,,ACC00049,ACC00250
TXN0002000,normal,,ACC00479,ACC00049
TXN0002001,normal,,ACC00049,ACC00188
TXN0002002,normal,,ACC00440,ACC00049
TXN0002003,normal,,ACC00049,ACC00479
TXN0002004,normal,,ACC00188,ACC00049
TXN0002005,normal,,ACC00479,ACC00049
TXN0002006,normal,,ACC00419,ACC00049
TXN0002007,normal,,ACC00049,ACC00419
TXN0002008,normal,,ACC00049,ACC00006
TXN0002009,normal,,ACC00049,ACC00226
TXN0002010,normal,,ACC00440,ACC00049
TXN0002011,normal,,ACC00100,ACC00049
TXN0002012,normal,,ACC00049,ACC00006
TXN0002013,normal,,ACC00049,ACC00188
TXN0002014,normal,,ACC00049,ACC00440
TXN0002015,normal,,ACC00440,ACC00049
TXN0002016,normal,,ACC00479,ACC00049
TXN0002017,normal,,ACC00049,ACC00074
TXN0002018,normal,,ACC00049,ACC00006
TXN0002019,normal,,ACC00049,ACC00226
TXN0002020,normal,,ACC00049,ACC00419
TXN0002021,normal,,ACC00479,ACC00049
TXN0002022,normal,,ACC00049,ACC00419
TXN0002023,normal,,ACC00049,ACC00226
TXN0002024,normal,,ACC00419,ACC00049
TXN0002025,normal,,ACC00049,ACC00220
TXN0002026,normal,,ACC00419,ACC00049
TXN0002027,normal,,ACC00049,ACC00220
TXN0002028,normal,,ACC00284,ACC00050
TXN0002029,normal,,ACC00284,ACC00050
TXN0002030,normal,,ACC00050,ACC00344
TXN0002031,normal,,ACC00175,ACC00050
TXN0002032,normal,,ACC00344,ACC00050
TXN0002033,normal,,ACC00050,ACC00101
TXN0002034,normal,,ACC00050,ACC00051
TXN0002035,normal,,ACC00175,ACC00050
TXN0002036,normal,,ACC00050,ACC00101
TXN0002037,normal,,ACC00050,ACC00106
TXN0002038,normal,,ACC00101,ACC00050
TXN0002039,normal,,ACC00332,ACC00050
TXN0002040,normal,,ACC00050,ACC00344
TXN0002041,normal,,ACC00050,ACC00093
TXN0002042,normal,,ACC00050,ACC00014
TXN0002043,normal,,ACC00050,ACC00332
TXN0002044,normal,,ACC00050,ACC00332
TXN0002045,normal,,ACC00101,ACC00050
TXN0002046,normal,,ACC00332,ACC00050
TXN0002047,normal,,ACC00050,ACC00014
TXN0002048,normal,,ACC00344,ACC00050
TXN0002049,normal,,ACC00050,ACC00384
TXN0002050,normal,,ACC00050,ACC00332
TXN0002051,normal,,ACC00050,ACC00140
TXN0002052,normal,,ACC00014,ACC00050
TXN0002053,normal,,ACC00433,ACC00050
TXN0002054,normal,,ACC00050,ACC00014
TXN0002055,normal,,ACC00106,ACC00050
TXN0002056,normal,,ACC00284,ACC00050
TXN0002057,normal,,ACC00050,ACC00284
TXN0002058,normal,,ACC00332,ACC00050
TXN0002059,normal,,ACC00050,ACC00106
TXN0002060,normal,,ACC00050,ACC00057
TXN0002061,normal,,ACC00050,ACC00344
TXN0002062,normal,,ACC00050,ACC00284
TXN0002063,normal,,ACC00332,ACC00050
TXN0002064,normal,,ACC00050,ACC00106
TXN0002065,normal,,ACC00051,ACC00050
TXN0002066,normal,,ACC00050,ACC00175
TXN0002067,normal,,ACC00106,ACC00050
TXN0002068,normal,,ACC00051,ACC00050
TXN0002069,normal,,ACC00050,ACC00175
TXN0002070,normal,,ACC00422,ACC00050
TXN0002071,normal,,ACC00101,ACC00050
TXN0002072,normal,,ACC00296,ACC00050
TXN0002073,normal,,ACC00050,ACC00344
TXN0002074,normal,,ACC00014,ACC00050
TXN0002075,normal,,ACC00051,ACC00245
TXN0002076,normal,,ACC00051,ACC00245
TXN0002077,normal,,ACC00051,ACC00075
TXN0002078,normal,,ACC00051,ACC00139
TXN0002079,normal,,ACC00412,ACC00051
TXN0002080,normal,,ACC00139,ACC00051
TXN0002081,normal,,ACC00313,ACC00051
TXN0002082,normal,,ACC00051,ACC00139
TXN0002083,normal,,ACC00245,ACC00051
TXN0002084,normal,,ACC00051,ACC00017
TXN0002085,normal,,ACC00139,ACC00051
TXN0002086,normal,,ACC00051,ACC00093
TXN0002087,normal,,ACC00051,ACC00229
TXN0002088,normal,,ACC00051,ACC00443
TXN0002089,normal,,ACC00051,ACC00075
TXN0002090,normal,,ACC00245,ACC00051
TXN0002091,normal,,ACC00230,ACC00051
TXN0002092,normal,,ACC00443,ACC00051
TXN0002093,normal,,ACC00323,ACC00051
TXN0002094,normal,,ACC00313,ACC00051
TXN0002095,normal,,ACC00279,ACC00051
TXN0002096,normal,,ACC00443,ACC00051
TXN0002097,normal,,ACC00051,ACC00075
TXN0002098,normal,,ACC00051,ACC00229
TXN0002099,normal,,ACC00139,ACC00051
TXN0002100,normal,,ACC00051,ACC00443
TXN0002101,normal,,ACC00288,ACC00051
TXN0002102,normal,,ACC00051,ACC00443
TXN0002103,normal,,ACC00323,ACC00051
TXN0002104,normal,,ACC00245,ACC00051
TXN0002105,normal,,ACC00051,ACC00443
TXN0002106,normal,,ACC00051,ACC00443
TXN0002107,normal,,ACC00139,ACC00051
TXN0002108,normal,,ACC00051,ACC00245
TXN0002109,normal,,ACC00051,ACC00323
TXN0002110,normal,,ACC00051,ACC00323
TXN0002111,normal,,ACC00051,ACC00229
TXN0002112,normal,,ACC00035,ACC00051
TXN0002113,normal,,ACC00051,ACC00329
TXN0002114,normal,,ACC00139,ACC00051
TXN0002115,normal,,ACC00323,ACC00051
TXN0002116,normal,,ACC00051,ACC00139
TXN0002117,normal,,ACC00051,ACC00323
TXN0002118,normal,,ACC00051,ACC00313
TXN0002119,normal,,ACC00051,ACC00443
TXN0002120,normal,,ACC00051,ACC00139
TXN0002121,normal,,ACC00323,ACC00051
TXN0002122,normal,,ACC00051,ACC00139
TXN0002123,normal,,ACC00139,ACC00051
TXN0002124,normal,,ACC00051,ACC00229
TXN0002125,normal,,ACC00051,ACC00229
TXN0002126,normal,,ACC00313,ACC00051
TXN0002127,normal,,ACC00417,ACC00052
TXN0002128,normal,,ACC00052,ACC00275
TXN0002129,normal,,ACC00244,ACC00052
TXN0002130,normal,,ACC00052,ACC00264
TXN0002131,normal,,ACC00052,ACC00375
TXN0002132,normal,,ACC00052,ACC00220
TXN0002133,normal,,ACC00052,ACC00261
TXN0002134,normal,,ACC00481,ACC00052
TXN0002135,normal,,ACC00052,ACC00116
TXN0002136,normal,,ACC00264,ACC00052
TXN0002137,normal,,ACC00052,ACC00244
TXN0002138,normal,,ACC00052,ACC00095
TXN0002139,normal,,ACC00020,ACC00052
TXN0002140,normal,,ACC00352,ACC00052
TXN0002141,normal,,ACC00261,ACC00052
TXN0002142,normal,,ACC00052,ACC00264
TXN0002143,normal,,ACC00275,ACC00052
TXN0002144,normal,,ACC00191,ACC00052
TXN0002145,normal,,ACC00244,ACC00052
TXN0002146,normal,,ACC00052,ACC00027
TXN0002147,normal,,ACC00220,ACC00052
TXN0002148,normal,,ACC00275,ACC00052
TXN0002149,normal,,ACC00264,ACC00052
TXN0002150,normal,,ACC00052,ACC00406
TXN0002151,normal,,ACC00481,ACC00052
TXN0002152,normal,,ACC00020,ACC00052
TXN0002153,normal,,ACC00261,ACC00052
TXN0002154,normal,,ACC00275,ACC00052
TXN0002155,normal,,ACC00095,ACC00052
TXN0002156,normal,,ACC00481,ACC00052
TXN0002157,normal,,ACC00052,ACC00244
TXN0002158,normal,,ACC00020,ACC00052
TXN0002159,normal,,ACC00095,ACC00052
TXN0002160,normal,,ACC00052,ACC00244
TXN0002161,normal,,ACC00052,ACC00220
TXN0002162,normal,,ACC00020,ACC00052
TXN0002163,normal,,ACC00052,ACC00159
TXN0002164,normal,,ACC00052,ACC00261
TXN0002165,normal,,ACC00220,ACC00052
TXN0002166,normal,,ACC00095,ACC00052
TXN0002167,normal,,ACC00220,ACC00052
TXN0002168,normal,,ACC00261,ACC00052
TXN0002169,normal,,ACC00244,ACC00052
TXN0002170,normal,,ACC00052,ACC00244
TXN0002171,normal,,ACC00244,ACC00052
TXN0002172,normal,,ACC00052,ACC00264
TXN0002173,normal,,ACC00052,ACC00422
TXN0002174,normal,,ACC00244,ACC00052
TXN0002175,normal,,ACC00261,ACC00052
TXN0002176,normal,,ACC00052,ACC00468
TXN0002177,normal,,ACC00481,ACC00052
TXN0002178,normal,,ACC00244,ACC00052
TXN0002179,normal,,ACC00052,ACC00264
TXN0002180,normal,,ACC00053,ACC00321
TXN0002181,normal,,ACC00053,ACC00358
TXN0002182,normal,,ACC00053,ACC00018
TXN0002183,normal,,ACC00053,ACC00492
TXN0002184,normal,,ACC00136,ACC00053
TXN0002185,normal,,ACC00321,ACC00053
TXN0002186,normal,,ACC00053,ACC00018
TXN0002187,normal,,ACC00018,ACC00053
TXN0002188,normal,,ACC00358,ACC00053
TXN0002189,normal,,ACC00388,ACC00053
TXN0002190,normal,,ACC00053,ACC00394
TXN0002191,normal,,ACC00053,ACC00487
TXN0002192,normal,,ACC00492,ACC00053
TXN0002193,normal,,ACC00358,ACC00053
TXN0002194,normal,,ACC00321,ACC00053
TXN0002195,normal,,ACC00321,ACC00053
TXN0002196,normal,,ACC00115,ACC00053
TXN0002197,normal,,ACC00053,ACC00487
TXN0002198,normal,,ACC00018,ACC00053
TXN0002199,normal,,ACC00054,ACC00449
TXN0002200,normal,,ACC00035,ACC00054
TXN0002201,normal,,ACC00054,ACC00314
TXN0002202,normal,,ACC00054,ACC00424
TXN0002203,normal,,ACC00281,ACC00054
TXN0002204,normal,,ACC00054,ACC00216
TXN0002205,normal,,ACC00054,ACC00331
TXN0002206,normal,,ACC00054,ACC00449
TXN0002207,normal,,ACC00054,ACC00281
TXN0002208,normal,,ACC00054,ACC00449
TXN0002209,normal,,ACC00054,ACC00449
TXN0002210,normal,,ACC00054,ACC00328
TXN0002211,normal,,ACC00054,ACC00498
TXN0002212,normal,,ACC00054,ACC00281
TXN0002213,normal,,ACC00054,ACC00449
TXN0002214,normal,,ACC00012,ACC00054
TXN0002215,normal,,ACC00328,ACC00054
TXN0002216,normal,,ACC00054,ACC00424
TXN0002217,normal,,ACC00054,ACC00328
TXN0002218,normal,,ACC00014,ACC00054
TXN0002219,normal,,ACC00424,ACC00054
TXN0002220,normal,,ACC00097,ACC00054
TXN0002221,normal,,ACC00054,ACC00337
TXN0002222,normal,,ACC00054,ACC00498
TXN0002223,normal,,ACC00328,ACC00054
TXN0002224,normal,,ACC00054,ACC00328
TXN0002225,normal,,ACC00054,ACC00097
TXN0002226,normal,,ACC00498,ACC00054
TXN0002227,normal,,ACC00054,ACC00449
TXN0002228,normal,,ACC00216,ACC00054
TXN0002229,normal,,ACC00424,ACC00054
TXN0002230,normal,,ACC00281,ACC00054
TXN0002231,normal,,ACC00054,ACC00449
TXN0002232,normal,,ACC00054,ACC00449
TXN0002233,normal,,ACC00498,ACC00054
TXN0002234,normal,,ACC00012,ACC00054
TXN0002235,normal,,ACC00054,ACC00097
TXN0002236,normal,,ACC00012,ACC00054
TXN0002237,normal,,ACC00097,ACC00054
TXN0002238,normal,,ACC00054,ACC00097
TXN0002239,normal,,ACC00054,ACC00449
TXN0002240,normal,,ACC00054,ACC00498
TXN0002241,normal,,ACC00281,ACC00054
TXN0002242,normal,,ACC00054,ACC00424
TXN0002243,normal,,ACC00054,ACC00097
TXN0002244,normal,,ACC00054,ACC00216
TXN0002245,normal,,ACC00054,ACC00404
TXN0002246,normal,,ACC00231,ACC00055
TXN0002247,normal,,ACC00055,ACC00140
TXN0002248,normal,,ACC00055,ACC00140
TXN0002249,normal,,ACC00185,ACC00055
TXN0002250,normal,,ACC00055,ACC00263
TXN0002251,normal,,ACC00485,ACC00055
TXN0002252,normal,,ACC00055,ACC00263
TXN0002253,normal,,ACC00055,ACC00064
TXN0002254,normal,,ACC00055,ACC00225
TXN0002255,normal,,ACC00073,ACC00055
TXN0002256,normal,,ACC00260,ACC00055
TXN0002257,normal,,ACC00055,ACC00488
TXN0002258,normal,,ACC00055,ACC00485
TXN0002259,normal,,ACC00419,ACC00055
TXN0002260,normal,,ACC00055,ACC00231
TXN0002261,normal,,ACC00043,ACC00055
TXN0002262,normal,,ACC00488,ACC00055
TXN0002263,normal,,ACC00055,ACC00485
TXN0002264,normal,,ACC00055,ACC00342
TXN0002265,normal,,ACC00055,ACC00485
TXN0002266,normal,,ACC00055,ACC00485
TXN0002267,normal,,ACC00055,ACC00223
TXN0002268,normal,,ACC00055,ACC00140
TXN0002269,normal,,ACC00363,ACC00055
TXN0002270,normal,,ACC00140,ACC00055
TXN0002271,normal,,ACC00149,ACC00055
TXN0002272,normal,,ACC00488,ACC00055
TXN0002273,normal,,ACC00055,ACC00140
TXN0002274,normal,,ACC00055,ACC00231
TXN0002275,normal,,ACC00055,ACC00260
TXN0002276,normal,,ACC00140,ACC00055
TXN0002277,normal,,ACC00021,ACC00055
TXN0002278,normal,,ACC00056,ACC00032
TXN0002279,normal,,ACC00056,ACC00205
TXN0002280,normal,,ACC00056,ACC00148
TXN0002281,normal,,ACC00148,ACC00056
TXN0002282,normal,,ACC00056,ACC00010
TXN0002283,normal,,ACC00056,ACC00368
TXN0002284,normal,,ACC00056,ACC00458
TXN0002285,normal,,ACC00291,ACC00056
TXN0002286,normal,,ACC00056,ACC00227
TXN0002287,normal,,ACC00056,ACC00291
TXN0002288,normal,,ACC00060,ACC00056
TXN0002289,normal,,ACC00056,ACC00160
TXN0002290,normal,,ACC00056,ACC00205
TXN0002291,normal,,ACC00458,ACC00056
TXN0002292,normal,,ACC00344,ACC00056
TXN0002293,normal,,ACC00205,ACC00056
TXN0002294,normal,,ACC00056,ACC00402
TXN0002295,normal,,ACC00010,ACC00056
TXN0002296,normal,,ACC00211,ACC00056
TXN0002297,normal,,ACC00056,ACC00445
TXN0002298,normal,,ACC00056,ACC00342
TXN0002299,normal,,ACC00157,ACC00056
TXN0002300,normal,,ACC00458,ACC00056
TXN0002301,normal,,ACC00205,ACC00056
TXN0002302,normal,,ACC00056,ACC00010
TXN0002303,normal,,ACC00311,ACC00056
TXN0002304,normal,,ACC00056,ACC00148
TXN0002305,normal,,ACC00331,ACC00056
TXN0002306,normal,,ACC00060,ACC00056
TXN0002307,normal,,ACC00056,ACC00060
TXN0002308,normal,,ACC00056,ACC00342
TXN0002309,normal,,ACC00148,ACC00056
TXN0002310,normal,,ACC00205,ACC00056
TXN0002311,normal,,ACC00056,ACC00010
TXN0002312,normal,,ACC00056,ACC00095
TXN0002313,normal,,ACC00056,ACC00445
TXN0002314,normal,,ACC00062,ACC00056
TXN0002315,normal,,ACC00057,ACC00074
TXN0002316,normal,,ACC00057,ACC00486
TXN0002317,normal,,ACC00057,ACC00219
TXN0002318,normal,,ACC00057,ACC00109
TXN0002319,normal,,ACC00052,ACC00057
TXN0002320,normal,,ACC00057,ACC00074
TXN0002321,normal,,ACC00081,ACC00057
TXN0002322,normal,,ACC00027,ACC00057
TXN0002323,normal,,ACC00052,ACC00057
TXN0002324,normal,,ACC00057,ACC00323
TXN0002325,normal,,ACC00423,ACC00057
TXN0002326,normal,,ACC00052,ACC00057
TXN0002327,normal,,ACC00219,ACC00057
TXN0002328,normal,,ACC00219,ACC00057
TXN0002329,normal,,ACC00057,ACC00423
TXN0002330,normal,,ACC00303,ACC00057
TXN0002331,normal,,ACC00003,ACC00057
TXN0002332,normal,,ACC00074,ACC00057
TXN0002333,normal,,ACC00124,ACC00057
TXN0002334,normal,,ACC00057,ACC00256
TXN0002335,normal,,ACC00124,ACC00057
TXN0002336,normal,,ACC00074,ACC00057
TXN0002337,normal,,ACC00219,ACC00057
TXN0002338,normal,,ACC00057,ACC00052
TXN0002339,normal,,ACC00052,ACC00057
TXN0002340,normal,,ACC00057,ACC00003
TXN0002341,normal,,ACC00057,ACC00423
TXN0002342,normal,,ACC00057,ACC00460
TXN0002343,normal,,ACC00057,ACC00219
TXN0002344,normal,,ACC00057,ACC00423
TXN0002345,normal,,ACC00486,ACC00057
TXN0002346,normal,,ACC00057,ACC00486
TXN0002347,normal,,ACC00003,ACC00057
TXN0002348,normal,,ACC00057,ACC00003
TXN0002349,normal,,ACC00074,ACC00057
TXN0002350,normal,,ACC00057,ACC00256
TXN0002351,normal,,ACC00219,ACC00057
TXN0002352,normal,,ACC00057,ACC00217
TXN0002353,normal,,ACC00301,ACC00057
TXN0002354,normal,,ACC00057,ACC00256
TXN0002355,normal,,ACC00003,ACC00057
TXN0002356,normal,,ACC00057,ACC00070
TXN0002357,normal,,ACC00057,ACC00003
TXN0002358,normal,,ACC00057,ACC00329
TXN0002359,normal,,ACC00486,ACC00057
TXN0002360,normal,,ACC00074,ACC00057
TXN0002361,normal,,ACC00057,ACC00052
TXN0002362,normal,,ACC00057,ACC00219
TXN0002363,normal,,ACC00058,ACC00414
TXN0002364,normal,,ACC00058,ACC00388
TXN0002365,normal,,ACC00058,ACC00248
TXN0002366,normal,,ACC00388,ACC00058
TXN0002367,normal,,ACC00058,ACC00198
TXN0002368,normal,,ACC00335,ACC00058
TXN0002369,normal,,ACC00136,ACC00058
TXN0002370,normal,,ACC00058,ACC00064
TXN0002371,normal,,ACC00187,ACC00058
TXN0002372,normal,,ACC00058,ACC00335
TXN0002373,normal,,ACC00414,ACC00058
TXN0002374,normal,,ACC00058,ACC00312
TXN0002375,normal,,ACC00335,ACC00058
TXN0002376,normal,,ACC00388,ACC00058
TXN0002377,normal,,ACC00058,ACC00198
TXN0002378,normal,,ACC00169,ACC00058
TXN0002379,normal,,ACC00058,ACC00388
TXN0002380,normal,,ACC00064,ACC00058
TXN0002381,normal,,ACC00058,ACC00388
TXN0002382,normal,,ACC00058,ACC00064
TXN0002383,normal,,ACC00058,ACC00198
TXN0002384,normal,,ACC00058,ACC00414
TXN0002385,normal,,ACC00058,ACC00077
TXN0002386,normal,,ACC00058,ACC00427
TXN0002387,normal,,ACC00058,ACC00248
TXN0002388,normal,,ACC00058,ACC00388
TXN0002389,normal,,ACC00058,ACC00414
TXN0002390,normal,,ACC00058,ACC00005
TXN0002391,normal,,ACC00198,ACC00058
TXN0002392,normal,,ACC00058,ACC00136
TXN0002393,normal,,ACC00058,ACC00032
TXN0002394,normal,,ACC00064,ACC00058
TXN0002395,normal,,ACC00230,ACC00058
TXN0002396,normal,,ACC00058,ACC00064
TXN0002397,normal,,ACC00058,ACC00248
TXN0002398,normal,,ACC00187,ACC00058
TXN0002399,normal,,ACC00058,ACC00248
TXN0002400,normal,,ACC00414,ACC00058
TXN0002401,normal,,ACC00058,ACC00388
TXN0002402,normal,,ACC00058,ACC00388
TXN0002403,normal,,ACC00248,ACC00058
TXN0002404,normal,,ACC00058,ACC00187
TXN0002405,normal,,ACC00058,ACC00064
TXN0002406,normal,,ACC00335,ACC00058
TXN0002407,normal,,ACC00331,ACC00059
TXN0002408,normal,,ACC00234,ACC00059
TXN0002409,normal,,ACC00216,ACC00059
TXN0002410,normal,,ACC00059,ACC00012
TXN0002411,normal,,ACC00087,ACC00059
TXN0002412,normal,,ACC00399,ACC00059
TXN0002413,normal,,ACC00059,ACC00331
TXN0002414,normal,,ACC00087,ACC00059
TXN0002415,normal,,ACC00234,ACC00059
TXN0002416,normal,,ACC00157,ACC00059
TXN0002417,normal,,ACC00059,ACC00031
TXN0002418,normal,,ACC00059,ACC00147
TXN0002419,normal,,ACC00184,ACC00059
TXN0002420,normal,,ACC00285,ACC00059
TXN0002421,normal,,ACC00059,ACC00087
TXN0002422,normal,,ACC00059,ACC00087
TXN0002423,normal,,ACC00059,ACC00285
TXN0002424,normal,,ACC00059,ACC00443
TXN0002425,normal,,ACC00059,ACC00184
TXN0002426,normal,,ACC00059,ACC00234
TXN0002427,normal,,ACC00059,ACC00107
TXN0002428,normal,,ACC00059,ACC00234
TXN0002429,normal,,ACC00285,ACC00059
TXN0002430,normal,,ACC00059,ACC00087
TXN0002431,normal,,ACC00059,ACC00157
TXN0002432,normal,,ACC00060,ACC00324
TXN0002433,normal,,ACC00060,ACC00219
TXN0002434,normal,,ACC00079,ACC00060
TXN0002435,normal,,ACC00060,ACC00079
TXN0002436,normal,,ACC00343,ACC00060
TXN0002437,normal,,ACC00343,ACC00060
TXN0002438,normal,,ACC00060,ACC00438
TXN0002439,normal,,ACC00250,ACC00060
TXN0002440,normal,,ACC00060,ACC00079
TXN0002441,normal,,ACC00165,ACC00060
TXN0002442,normal,,ACC00262,ACC00060
TXN0002443,normal,,ACC00060,ACC00244
TXN0002444,normal,,ACC00471,ACC00060
TXN0002445,normal,,ACC00060,ACC00452
TXN0002446,normal,,ACC00060,ACC00222
TXN0002447,normal,,ACC00060,ACC00086
TXN0002448,normal,,ACC00060,ACC00142
TXN0002449,normal,,ACC00262,ACC00060
TXN0002450,normal,,ACC00262,ACC00060
TXN0002451,normal,,ACC00060,ACC00079
TXN0002452,normal,,ACC00060,ACC00079
TXN0002453,normal,,ACC00165,ACC00060
TXN0002454,normal,,ACC00079,ACC00060
TXN0002455,normal,,ACC00262,ACC00060
TXN0002456,normal,,ACC00060,ACC00438
TXN0002457,normal,,ACC00438,ACC00060
TXN0002458,normal,,ACC00088,ACC00060
TXN0002459,normal,,ACC00079,ACC00060
TXN0002460,normal,,ACC00060,ACC00324
TXN0002461,normal,,ACC00060,ACC00324
TXN0002462,normal,,ACC00027,ACC00060
TXN0002463,normal,,ACC00471,ACC00060
TXN0002464,normal,,ACC00391,ACC00061
TXN0002465,normal,,ACC00379,ACC00061
TXN0002466,normal,,ACC00120,ACC00061
TXN0002467,normal,,ACC00296,ACC00061
TXN0002468,normal,,ACC00044,ACC00061
TXN0002469,normal,,ACC00061,ACC00202
TXN0002470,normal,,ACC00061,ACC00391
TXN0002471,normal,,ACC00296,ACC00061
TXN0002472,normal,,ACC00026,ACC00061
TXN0002473,normal,,ACC00061,ACC00379
TXN0002474,normal,,ACC00026,ACC00061
TXN0002475,normal,,ACC00061,ACC00149
TXN0002476,normal,,ACC00296,ACC00061
TXN0002477,normal,,ACC00044,ACC00061
TXN0002478,normal,,ACC00108,ACC00061
TXN0002479,normal,,ACC00120,ACC00061
TXN0002480,normal,,ACC00061,ACC00391
TXN0002481,normal,,ACC00429,ACC00061
TXN0002482,normal,,ACC00379,ACC00061
TXN0002483,normal,,ACC00061,ACC00026
TXN0002484,normal,,ACC00061,ACC00296
TXN0002485,normal,,ACC00026,ACC00061
TXN0002486,normal,,ACC00061,ACC00120
TXN0002487,normal,,ACC00061,ACC00026
TXN0002488,normal,,ACC00061,ACC00120
TXN0002489,normal,,ACC00061,ACC00379
TXN0002490,normal,,ACC00391,ACC00061
TXN0002491,normal,,ACC00044,ACC00061
TXN0002492,normal,,ACC00120,ACC00061
TXN0002493,normal,,ACC00061,ACC00044
TXN0002494,normal,,ACC00061,ACC00379
TXN0002495,normal,,ACC00061,ACC00026
TXN0002496,normal,,ACC00296,ACC00061
TXN0002497,normal,,ACC00044,ACC00061
TXN0002498,normal,,ACC00044,ACC00061
TXN0002499,normal,,ACC00379,ACC00061
TXN0002500,normal,,ACC00384,ACC00061
TXN0002501,normal,,ACC00039,ACC00061
TXN0002502,normal,,ACC00120,ACC00061
TXN0002503,normal,,ACC00379,ACC00061
TXN0002504,normal,,ACC00061,ACC00120
TXN0002505,normal,,ACC00305,ACC00061
TXN0002506,normal,,ACC00296,ACC00061
TXN0002507,normal,,ACC00316,ACC00061
TXN0002508,normal,,ACC00296,ACC00061
TXN0002509,normal,,ACC00296,ACC00061
TXN0002510,normal,,ACC00391,ACC00061
TXN0002511,normal,,ACC00026,ACC00061
TXN0002512,normal,,ACC00296,ACC00061
TXN0002513,normal,,ACC00391,ACC00061
TXN0002514,normal,,ACC00039,ACC00061
TXN0002515,normal,,ACC00044,ACC00061
TXN0002516,normal,,ACC00351,ACC00061
TXN0002517,normal,,ACC00120,ACC00061
TXN0002518,normal,,ACC00061,ACC00120
TXN0002519,normal,,ACC00316,ACC00061
TXN0002520,normal,,ACC00061,ACC00253
TXN0002521,normal,,ACC00061,ACC00395
TXN0002522,normal,,ACC00120,ACC00061
TXN0002523,normal,,ACC00061,ACC00039
TXN0002524,normal,,ACC00045,ACC00062
TXN0002525,normal,,ACC00062,ACC00369
TXN0002526,normal,,ACC00062,ACC00342
TXN0002527,normal,,ACC00490,ACC00062
TXN0002528,normal,,ACC00304,ACC00062
TXN0002529,normal,,ACC00382,ACC00062
TXN0002530,normal,,ACC00062,ACC00359
TXN0002531,normal,,ACC00062,ACC00358
TXN0002532,normal,,ACC00342,ACC00062
TXN0002533,normal,,ACC00490,ACC00062
TXN0002534,normal,,ACC00353,ACC00062
TXN0002535,normal,,ACC00336,ACC00062
TXN0002536,normal,,ACC00062,ACC00398
TXN0002537,normal,,ACC00213,ACC00062
TXN0002538,normal,,ACC00369,ACC00062
TXN0002539,normal,,ACC00062,ACC00342
TXN0002540,normal,,ACC00353,ACC00062
TXN0002541,normal,,ACC00369,ACC00062
TXN0002542,normal,,ACC00490,ACC00062
TXN0002543,normal,,ACC00062,ACC00358
TXN0002544,normal,,ACC00062,ACC00352
TXN0002545,normal,,ACC00089,ACC00062
TXN0002546,normal,,ACC00369,ACC00062
TXN0002547,normal,,ACC00062,ACC00122
TXN0002548,normal,,ACC00062,ACC00217
TXN0002549,normal,,ACC00062,ACC00276
TXN0002550,normal,,ACC00490,ACC00062
TXN0002551,normal,,ACC00062,ACC00042
TXN0002552,normal,,ACC00478,ACC00063
TXN0002553,normal,,ACC00063,ACC00154
TXN0002554,normal,,ACC00193,ACC00063
TXN0002555,normal,,ACC00193,ACC00063
TXN0002556,normal,,ACC00063,ACC00152
TXN0002557,normal,,ACC00063,ACC00450
TXN0002558,normal,,ACC00338,ACC00063
TXN0002559,normal,,ACC00085,ACC00063
TXN0002560,normal,,ACC00141,ACC00063
TXN0002561,normal,,ACC00450,ACC00063
TXN0002562,normal,,ACC00063,ACC00450
TXN0002563,normal,,ACC00154,ACC00063
TXN0002564,normal,,ACC00112,ACC00063
TXN0002565,normal,,ACC00063,ACC00338
TXN0002566,normal,,ACC00497,ACC00063
TXN0002567,normal,,ACC00478,ACC00063
TXN0002568,normal,,ACC00075,ACC00063
TXN0002569,normal,,ACC00063,ACC00193
TXN0002570,normal,,ACC00063,ACC00075
TXN0002571,normal,,ACC00467,ACC00063
TXN0002572,normal,,ACC00063,ACC00154
TXN0002573,normal,,ACC00206,ACC00063
TXN0002574,normal,,ACC00063,ACC00075
TXN0002575,normal,,ACC00063,ACC00154
TXN0002576,normal,,ACC00063,ACC00415
TXN0002577,normal,,ACC00154,ACC00063
TXN0002578,normal,,ACC00063,ACC00075
TXN0002579,normal,,ACC00478,ACC00063
TXN0002580,normal,,ACC00077,ACC00063
TXN0002581,normal,,ACC00158,ACC00063
TXN0002582,normal,,ACC00376,ACC00063
TXN0002583,normal,,ACC00154,ACC00063
TXN0002584,normal,,ACC00063,ACC00112
TXN0002585,normal,,ACC00450,ACC00063
TXN0002586,normal,,ACC00063,ACC00075
TXN0002587,normal,,ACC00063,ACC00334
TXN0002588,normal,,ACC00063,ACC00154
TXN0002589,normal,,ACC00338,ACC00063
TXN0002590,normal,,ACC00478,ACC00063
TXN0002591,normal,,ACC00063,ACC00478
TXN0002592,normal,,ACC00063,ACC00478
TXN0002593,normal,,ACC00222,ACC00063
TXN0002594,normal,,ACC00063,ACC00004
TXN0002595,normal,,ACC00063,ACC00075
TXN0002596,normal,,ACC00450,ACC00063
TXN0002597,normal,,ACC00063,ACC00112
TXN0002598,normal,,ACC00063,ACC00181
TXN0002599,normal,,ACC00075,ACC00063
TXN0002600,normal,,ACC00383,ACC00063
TXN0002601,normal,,ACC00063,ACC00112
TXN0002602,normal,,ACC00075,ACC00063
TXN0002603,normal,,ACC00148,ACC00063
TXN0002604,normal,,ACC00063,ACC00478
TXN0002605,normal,,ACC00450,ACC00063
TXN0002606,normal,,ACC00063,ACC00112
TXN0002607,normal,,ACC00112,ACC00063
TXN0002608,normal,,ACC00063,ACC00184
TXN0002609,normal,,ACC00179,ACC00064
TXN0002610,normal,,ACC00179,ACC00064
TXN0002611,normal,,ACC00064,ACC00233
TXN0002612,normal,,ACC00064,ACC00198
TXN0002613,normal,,ACC00499,ACC00064
TXN0002614,normal,,ACC00139,ACC00064
TXN0002615,normal,,ACC00064,ACC00182
TXN0002616,normal,,ACC00064,ACC00041
TXN0002617,normal,,ACC00064,ACC00100
TXN0002618,normal,,ACC00198,ACC00064
TXN0002619,normal,,ACC00182,ACC00064
TXN0002620,normal,,ACC00064,ACC00305
TXN0002621,normal,,ACC00179,ACC00064
TXN0002622,normal,,ACC00139,ACC00064
TXN0002623,normal,,ACC00064,ACC00041
TXN0002624,normal,,ACC00064,ACC00155
TXN0002625,normal,,ACC00392,ACC00064
TXN0002626,normal,,ACC00499,ACC00064
TXN0002627,normal,,ACC00179,ACC00064
TXN0002628,normal,,ACC00423,ACC00064
TXN0002629,normal,,ACC00139,ACC00064
TXN0002630,normal,,ACC00064,ACC00179
TXN0002631,normal,,ACC00064,ACC00198
TXN0002632,normal,,ACC00179,ACC00064
TXN0002633,normal,,ACC00410,ACC00064
TXN0002634,normal,,ACC00499,ACC00064
TXN0002635,normal,,ACC00064,ACC00182
TXN0002636,normal,,ACC00349,ACC00064
TXN0002637,normal,,ACC00064,ACC00179
TXN0002638,normal,,ACC00139,ACC00064
TXN0002639,normal,,ACC00064,ACC00210
TXN0002640,normal,,ACC00100,ACC00064
TXN0002641,normal,,ACC00064,ACC00100
TXN0002642,normal,,ACC00499,ACC00064
TXN0002643,normal,,ACC00100,ACC00064
TXN0002644,normal,,ACC00064,ACC00305
TXN0002645,normal,,ACC00041,ACC00064
TXN0002646,normal,,ACC00064,ACC00100
TXN0002647,normal,,ACC00305,ACC00064
TXN0002648,normal,,ACC00064,ACC00041
TXN0002649,normal,,ACC00064,ACC00041
TXN0002650,normal,,ACC00499,ACC00064
TXN0002651,normal,,ACC00179,ACC00064
TXN0002652,normal,,ACC00064,ACC00100
TXN0002653,normal,,ACC00064,ACC00487
TXN0002654,normal,,ACC00182,ACC00064
TXN0002655,normal,,ACC00182,ACC00064
TXN0002656,normal,,ACC00179,ACC00064
TXN0002657,normal,,ACC00064,ACC00100
TXN0002658,normal,,ACC00434,ACC00065
TXN0002659,normal,,ACC00065,ACC00209
TXN0002660,normal,,ACC00065,ACC00205
TXN0002661,normal,,ACC00065,ACC00205
TXN0002662,normal,,ACC00080,ACC00065
TXN0002663,normal,,ACC00065,ACC00146
TXN0002664,normal,,ACC00065,ACC00431
TXN0002665,normal,,ACC00146,ACC00065
TXN0002666,normal,,ACC00065,ACC00431
TXN0002667,normal,,ACC00065,ACC00455
TXN0002668,normal,,ACC00146,ACC00065
TXN0002669,normal,,ACC00205,ACC00065
TXN0002670,normal,,ACC00171,ACC00065
TXN0002671,normal,,ACC00065,ACC00209
TXN0002672,normal,,ACC00065,ACC00205
TXN0002673,normal,,ACC00209,ACC00065
TXN0002674,normal,,ACC00065,ACC00285
TXN0002675,normal,,ACC00065,ACC00209
TXN0002676,normal,,ACC00434,ACC00065
TXN0002677,normal,,ACC00412,ACC00065
TXN0002678,normal,,ACC00414,ACC00065
TXN0002679,normal,,ACC00065,ACC00171
TXN0002680,normal,,ACC00075,ACC00065
TXN0002681,normal,,ACC00065,ACC00434
TXN0002682,normal,,ACC00434,ACC00065
TXN0002683,normal,,ACC00434,ACC00065
TXN0002684,normal,,ACC00065,ACC00434
TXN0002685,normal,,ACC00065,ACC00434
TXN0002686,normal,,ACC00065,ACC00455
TXN0002687,normal,,ACC00392,ACC00065
TXN0002688,normal,,ACC00146,ACC00065
TXN0002689,normal,,ACC00146,ACC00065
TXN0002690,normal,,ACC00434,ACC00065
TXN0002691,normal,,ACC00066,ACC00139
TXN0002692,normal,,ACC00066,ACC00166
TXN0002693,normal,,ACC00139,ACC00066
TXN0002694,normal,,ACC00139,ACC00066
TXN0002695,normal,,ACC00066,ACC00254
TXN0002696,normal,,ACC00214,ACC00066
TXN0002697,normal,,ACC00207,ACC00066
TXN0002698,normal,,ACC00066,ACC00228
TXN0002699,normal,,ACC00066,ACC00421
TXN0002700,normal,,ACC00066,ACC00170
TXN0002701,normal,,ACC00170,ACC00066
TXN0002702,normal,,ACC00066,ACC00139
TXN0002703,normal,,ACC00066,ACC00355
TXN0002704,normal,,ACC00222,ACC00066
TXN0002705,normal,,ACC00066,ACC00139
TXN0002706,normal,,ACC00139,ACC00066
TXN0002707,normal,,ACC00170,ACC00066
TXN0002708,normal,,ACC00066,ACC00044
TXN0002709,normal,,ACC00355,ACC00066
TXN0002710,normal,,ACC00308,ACC00066
TXN0002711,normal,,ACC00433,ACC00066
TXN0002712,normal,,ACC00066,ACC00044
TXN0002713,normal,,ACC00066,ACC00443
TXN0002714,normal,,ACC00066,ACC00052
TXN0002715,normal,,ACC00166,ACC00066
TXN0002716,normal,,ACC00066,ACC00433
TXN0002717,normal,,ACC00066,ACC00355
TXN0002718,normal,,ACC00044,ACC00066
TXN0002719,normal,,ACC00066,ACC00155
TXN0002720,normal,,ACC00355,ACC00066
TXN0002721,normal,,ACC00398,ACC00066
TXN0002722,normal,,ACC00066,ACC00355
TXN0002723,normal,,ACC00066,ACC00421
TXN0002724,normal,,ACC00170,ACC00066
TXN0002725,normal,,ACC00066,ACC00170
TXN0002726,normal,,ACC00355,ACC00066
TXN0002727,normal,,ACC00067,ACC00229
TXN0002728,normal,,ACC00454,ACC00067
TXN0002729,normal,,ACC00067,ACC00279
TXN0002730,normal,,ACC00067,ACC00377
TXN0002731,normal,,ACC00067,ACC00440
TXN0002732,normal,,ACC00067,ACC00182
TXN0002733,normal,,ACC00067,ACC00454
TXN0002734,normal,,ACC00440,ACC00067
TXN0002735,normal,,ACC00067,ACC00002
TXN0002736,normal,,ACC00067,ACC00279
TXN0002737,normal,,ACC00319,ACC00067
TXN0002738,normal,,ACC00440,ACC00067
TXN0002739,normal,,ACC00002,ACC00067
TXN0002740,normal,,ACC00067,ACC00125
TXN0002741,normal,,ACC00067,ACC00499
TXN0002742,normal,,ACC00454,ACC00067
TXN0002743,normal,,ACC00067,ACC00125
TXN0002744,normal,,ACC00067,ACC00125
TXN0002745,normal,,ACC00349,ACC00067
TXN0002746,normal,,ACC00472,ACC00067
TXN0002747,normal,,ACC00067,ACC00499
TXN0002748,normal,,ACC00067,ACC00002
TXN0002749,normal,,ACC00067,ACC00454
TXN0002750,normal,,ACC00067,ACC00319
TXN0002751,normal,,ACC00125,ACC00067
TXN0002752,normal,,ACC00067,ACC00454
TXN0002753,normal,,ACC00067,ACC00499
TXN0002754,normal,,ACC00273,ACC00068
TXN0002755,normal,,ACC00068,ACC00273
TXN0002756,normal,,ACC00068,ACC00073
TXN0002757,normal,,ACC00309,ACC00068
TXN0002758,normal,,ACC00392,ACC00068
TXN0002759,normal,,ACC00068,ACC00468
TXN0002760,normal,,ACC00165,ACC00068
TXN0002761,normal,,ACC00068,ACC00273
TXN0002762,normal,,ACC00068,ACC00468
TXN0002763,normal,,ACC00309,ACC00068
TXN0002764,normal,,ACC00068,ACC00183
TXN0002765,normal,,ACC00068,ACC00109
TXN0002766,normal,,ACC00183,ACC00068
TXN0002767,normal,,ACC00068,ACC00047
TXN0002768,normal,,ACC00392,ACC00068
TXN0002769,normal,,ACC00498,ACC00068
TXN0002770,normal,,ACC00068,ACC00183
TXN0002771,normal,,ACC00498,ACC00068
TXN0002772,normal,,ACC00068,ACC00498
TXN0002773,normal,,ACC00273,ACC00068
TXN0002774,normal,,ACC00273,ACC00068
TXN0002775,normal,,ACC00047,ACC00068
TXN0002776,normal,,ACC00468,ACC00068
TXN0002777,normal,,ACC00498,ACC00068
TXN0002778,normal,,ACC00309,ACC00068
TXN0002779,normal,,ACC00068,ACC00273
TXN0002780,normal,,ACC00468,ACC00068
TXN0002781,normal,,ACC00498,ACC00068
TXN0002782,normal,,ACC00068,ACC00183
TXN0002783,normal,,ACC00481,ACC00069
TXN0002784,normal,,ACC00015,ACC00069
TXN0002785,normal,,ACC00325,ACC00069
TXN0002786,normal,,ACC00069,ACC00015
TXN0002787,normal,,ACC00069,ACC00481
TXN0002788,normal,,ACC00325,ACC00069
TXN0002789,normal,,ACC00069,ACC00404
TXN0002790,normal,,ACC00015,ACC00069
TXN0002791,normal,,ACC00126,ACC00069
TXN0002792,normal,,ACC00015,ACC00069
TXN0002793,normal,,ACC00069,ACC00099
TXN0002794,normal,,ACC00069,ACC00228
TXN0002795,normal,,ACC00338,ACC00069
TXN0002796,normal,,ACC00059,ACC00069
TXN0002797,normal,,ACC00069,ACC00059
TXN0002798,normal,,ACC00404,ACC00069
TXN0002799,normal,,ACC00069,ACC00343
TXN0002800,normal,,ACC00069,ACC00481
TXN0002801,normal,,ACC00335,ACC00069
TXN0002802,normal,,ACC00333,ACC00069
TXN0002803,normal,,ACC00069,ACC00437
TXN0002804,normal,,ACC00399,ACC00069
TXN0002805,normal,,ACC00437,ACC00069
TXN0002806,normal,,ACC00069,ACC00325
TXN0002807,normal,,ACC00069,ACC00343
TXN0002808,normal,,ACC00404,ACC00069
TXN0002809,normal,,ACC00223,ACC00070
TXN0002810,normal,,ACC00183,ACC00070
TXN0002811,normal,,ACC00034,ACC00070
TXN0002812,normal,,ACC00070,ACC00223
TXN0002813,normal,,ACC00034,ACC00070
TXN0002814,normal,,ACC00113,ACC00070
TXN0002815,normal,,ACC00070,ACC00012
TXN0002816,normal,,ACC00113,ACC00070
TXN0002817,normal,,ACC00315,ACC00070
TXN0002818,normal,,ACC00070,ACC00365
TXN0002819,normal,,ACC00482,ACC00070
TXN0002820,normal,,ACC00070,ACC00012
TXN0002821,normal,,ACC00034,ACC00070
TXN0002822,normal,,ACC00012,ACC00070
TXN0002823,normal,,ACC00113,ACC00070
TXN0002824,normal,,ACC00418,ACC00070
TXN0002825,normal,,ACC00315,ACC00070
TXN0002826,normal,,ACC00034,ACC00070
TXN0002827,normal,,ACC00396,ACC00070
TXN0002828,normal,,ACC00070,ACC00326
TXN0002829,normal,,ACC00069,ACC00070
TXN0002830,normal,,ACC00070,ACC00214
TXN0002831,normal,,ACC00070,ACC00069
TXN0002832,normal,,ACC00070,ACC00384
TXN0002833,normal,,ACC00070,ACC00473
TXN0002834,normal,,ACC00070,ACC00223
TXN0002835,normal,,ACC00223,ACC00070
TXN0002836,normal,,ACC00070,ACC00251
TXN0002837,normal,,ACC00315,ACC00070
TXN0002838,normal,,ACC00070,ACC00069
TXN0002839,normal,,ACC00223,ACC00070
TXN0002840,normal,,ACC00069,ACC00070
TXN0002841,normal,,ACC00069,ACC00070
TXN0002842,normal,,ACC00070,ACC00034
TXN0002843,normal,,ACC00331,ACC00071
TXN0002844,normal,,ACC00459,ACC00071
TXN0002845,normal,,ACC00071,ACC00315
TXN0002846,normal,,ACC00197,ACC00071
TXN0002847,normal,,ACC00132,ACC00071
TXN0002848,normal,,ACC00197,ACC00071
TXN0002849,normal,,ACC00071,ACC00034
TXN0002850,normal,,ACC00071,ACC00465
TXN0002851,normal,,ACC00071,ACC00078
TXN0002852,normal,,ACC00173,ACC00071
TXN0002853,normal,,ACC00071,ACC00378
TXN0002854,normal,,ACC00173,ACC00071
TXN0002855,normal,,ACC00315,ACC00071
TXN0002856,normal,,ACC00071,ACC00197
TXN0002857,normal,,ACC00071,ACC00465
TXN0002858,normal,,ACC00465,ACC00071
TXN0002859,normal,,ACC00071,ACC00173
TXN0002860,normal,,ACC00071,ACC00315
TXN0002861,normal,,ACC00210,ACC00071
TXN0002862,normal,,ACC00326,ACC00071
TXN0002863,normal,,ACC00071,ACC00371
TXN0002864,normal,,ACC00071,ACC00378
TXN0002865,normal,,ACC00223,ACC00071
TXN0002866,normal,,ACC00010,ACC00071
TXN0002867,normal,,ACC00071,ACC00465
TXN0002868,normal,,ACC00071,ACC00173
TXN0002869,normal,,ACC00071,ACC00331
TXN0002870,normal,,ACC00107,ACC00071
TXN0002871,normal,,ACC00071,ACC00331
TXN0002872,normal,,ACC00071,ACC00302
TXN0002873,normal,,ACC00331,ACC00071
TXN0002874,normal,,ACC00071,ACC00465
TXN0002875,normal,,ACC00197,ACC00071
TXN0002876,normal,,ACC00326,ACC00071
TXN0002877,normal,,ACC00071,ACC00459
TXN0002878,normal,,ACC00071,ACC00197
TXN0002879,normal,,ACC00459,ACC00071
TXN0002880,normal,,ACC00072,ACC00100
TXN0002881,normal,,ACC00072,ACC00222
TXN0002882,normal,,ACC00091,ACC00072
TXN0002883,normal,,ACC00264,ACC00072
TXN0002884,normal,,ACC00072,ACC00300
TXN0002885,normal,,ACC00191,ACC00072
TXN0002886,normal,,ACC00072,ACC00139
TXN0002887,normal,,ACC00072,ACC00100
TXN0002888,normal,,ACC00072,ACC00264
TXN0002889,normal,,ACC00072,ACC00203
TXN0002890,normal,,ACC00072,ACC00139
TXN0002891,normal,,ACC00100,ACC00072
TXN0002892,normal,,ACC00364,ACC00072
TXN0002893,normal,,ACC00072,ACC00300
TXN0002894,normal,,ACC00359,ACC00072
TXN0002895,normal,,ACC00072,ACC00167
TXN0002896,normal,,ACC00072,ACC00139
TXN0002897,normal,,ACC00139,ACC00072
TXN0002898,normal,,ACC00222,ACC00072
TXN0002899,normal,,ACC00072,ACC00300
TXN0002900,normal,,ACC00072,ACC00300
TXN0002901,normal,,ACC00072,ACC00091
TXN0002902,normal,,ACC00072,ACC00244
TXN0002903,normal,,ACC00137,ACC00072
TXN0002904,normal,,ACC00091,ACC00072
TXN0002905,normal,,ACC00072,ACC00264
TXN0002906,normal,,ACC00073,ACC00395
TXN0002907,normal,,ACC00385,ACC00073
TXN0002908,normal,,ACC00073,ACC00403
TXN0002909,normal,,ACC00073,ACC00395
TXN0002910,normal,,ACC00073,ACC00403
TXN0002911,normal,,ACC00063,ACC00073
TXN0002912,normal,,ACC00305,ACC00073
TXN0002913,normal,,ACC00395,ACC00073
TXN0002914,normal,,ACC00073,ACC00102
TXN0002915,normal,,ACC00073,ACC00056
TXN0002916,normal,,ACC00305,ACC00073
TXN0002917,normal,,ACC00068,ACC00073
TXN0002918,normal,,ACC00073,ACC00403
TXN0002919,normal,,ACC00338,ACC00073
TXN0002920,normal,,ACC00073,ACC00403
TXN0002921,normal,,ACC00068,ACC00073
TXN0002922,normal,,ACC00073,ACC00068
TXN0002923,normal,,ACC00073,ACC00305
TXN0002924,normal,,ACC00063,ACC00073
TXN0002925,normal,,ACC00148,ACC00073
TXN0002926,normal,,ACC00305,ACC00073
TXN0002927,normal,,ACC00017,ACC00073
TXN0002928,normal,,ACC00074,ACC00490
TXN0002929,normal,,ACC00074,ACC00109
TXN0002930,normal,,ACC00074,ACC00128
TXN0002931,normal,,ACC00074,ACC00434
TXN0002932,normal,,ACC00128,ACC00074
TXN0002933,normal,,ACC00128,ACC00074
TXN0002934,normal,,ACC00157,ACC00074
TXN0002935,normal,,ACC00074,ACC00128
TXN0002936,normal,,ACC00074,ACC00063
TXN0002937,normal,,ACC00075,ACC00074
TXN0002938,normal,,ACC00074,ACC00434
TXN0002939,normal,,ACC00074,ACC00128
TXN0002940,normal,,ACC00128,ACC00074
TXN0002941,normal,,ACC00074,ACC00088
TXN0002942,normal,,ACC00074,ACC00021
TXN0002943,normal,,ACC00074,ACC00021
TXN0002944,normal,,ACC00434,ACC00074
TXN0002945,normal,,ACC00074,ACC00490
TXN0002946,normal,,ACC00074,ACC00002
TXN0002947,normal,,ACC00128,ACC00074
TXN0002948,normal,,ACC00063,ACC00074
TXN0002949,normal,,ACC00063,ACC00074
TXN0002950,normal,,ACC00128,ACC00074
TXN0002951,normal,,ACC00490,ACC00074
TXN0002952,normal,,ACC00063,ACC00074
TXN0002953,normal,,ACC00074,ACC00128
TXN0002954,normal,,ACC00074,ACC00490
TXN0002955,normal,,ACC00074,ACC00245
TXN0002956,normal,,ACC00336,ACC00074
TXN0002957,normal,,ACC00434,ACC00074
TXN0002958,normal,,ACC00396,ACC00074
TXN0002959,normal,,ACC00074,ACC00434
TXN0002960,normal,,ACC00413,ACC00074
TXN0002961,normal,,ACC00074,ACC00396
TXN0002962,normal,,ACC00074,ACC00151
TXN0002963,normal,,ACC00074,ACC00151
TXN0002964,normal,,ACC00151,ACC00074
TXN0002965,normal,,ACC00074,ACC00021
TXN0002966,normal,,ACC00074,ACC00128
TXN0002967,normal,,ACC00074,ACC00075
TXN0002968,normal,,ACC00396,ACC00074
TXN0002969,normal,,ACC00021,ACC00074
TXN0002970,normal,,ACC00490,ACC00074
TXN0002971,normal,,ACC00074,ACC00075
TXN0002972,normal,,ACC00013,ACC00074
TXN0002973,normal,,ACC00366,ACC00074
TXN0002974,normal,,ACC00151,ACC00074
TXN0002975,normal,,ACC00074,ACC00136
TXN0002976,normal,,ACC00151,ACC00074
TXN0002977,normal,,ACC00074,ACC00075
TXN0002978,normal,,ACC00021,ACC00074
TXN0002979,normal,,ACC00128,ACC00074
TXN0002980,normal,,ACC00074,ACC00396
TXN0002981,normal,,ACC00075,ACC00470
TXN0002982,normal,,ACC00307,ACC00075
TXN0002983,normal,,ACC00001,ACC00075
TXN0002984,normal,,ACC00075,ACC00418
TXN0002985,normal,,ACC00075,ACC00221
TXN0002986,normal,,ACC00075,ACC00284
TXN0002987,normal,,ACC00075,ACC00307
TXN0002988,normal,,ACC00075,ACC00165
TXN0002989,normal,,ACC00075,ACC00307
TXN0002990,normal,,ACC00075,ACC00165
TXN0002991,normal,,ACC00075,ACC00284
TXN0002992,normal,,ACC00075,ACC00094
TXN0002993,normal,,ACC00075,ACC00008
TXN0002994,normal,,ACC00418,ACC00075
TXN0002995,normal,,ACC00075,ACC00008
TXN0002996,normal,,ACC00284,ACC00075
TXN0002997,normal,,ACC00418,ACC00075
TXN0002998,normal,,ACC00167,ACC00075
TXN0002999,normal,,ACC00075,ACC00171
TXN0003000,normal,,ACC00008,ACC00075
TXN0003001,normal,,ACC00008,ACC00075
TXN0003002,normal,,ACC00008,ACC00075
TXN0003003,normal,,ACC00008,ACC00075
TXN0003004,normal,,ACC00075,ACC00167
TXN0003005,normal,,ACC00075,ACC00008
TXN0003006,normal,,ACC00008,ACC00075
TXN0003007,normal,,ACC00075,ACC00284
TXN0003008,normal,,ACC00008,ACC00075
TXN0003009,normal,,ACC00165,ACC00075
TXN0003010,normal,,ACC00075,ACC00171
TXN0003011,normal,,ACC00075,ACC00307
TXN0003012,normal,,ACC00075,ACC00165
TXN0003013,normal,,ACC00307,ACC00075
TXN0003014,normal,,ACC00075,ACC00284
TXN0003015,normal,,ACC00418,ACC00075
TXN0003016,normal,,ACC00075,ACC00418
TXN0003017,normal,,ACC00075,ACC00074
TXN0003018,normal,,ACC00075,ACC00165
TXN0003019,normal,,ACC00075,ACC00167
TXN0003020,normal,,ACC00075,ACC00284
TXN0003021,normal,,ACC00402,ACC00076
TXN0003022,normal,,ACC00485,ACC00076
TXN0003023,normal,,ACC00389,ACC00076
TXN0003024,normal,,ACC00380,ACC00076
TXN0003025,normal,,ACC00076,ACC00007
TXN0003026,normal,,ACC00076,ACC00380
TXN0003027,normal,,ACC00076,ACC00389
TXN0003028,normal,,ACC00076,ACC00061
TXN0003029,normal,,ACC00402,ACC00076
TXN0003030,normal,,ACC00195,ACC00076
TXN0003031,normal,,ACC00076,ACC00153
TXN0003032,normal,,ACC00380,ACC00076
TXN0003033,normal,,ACC00076,ACC00061
TXN0003034,normal,,ACC00380,ACC00076
TXN0003035,normal,,ACC00076,ACC00316
TXN0003036,normal,,ACC00196,ACC00076
TXN0003037,normal,,ACC00076,ACC00402
TXN0003038,normal,,ACC00402,ACC00076
TXN0003039,normal,,ACC00076,ACC00072
TXN0003040,normal,,ACC00007,ACC00076
TXN0003041,normal,,ACC00076,ACC00485
TXN0003042,normal,,ACC00076,ACC00190
TXN0003043,normal,,ACC00163,ACC00076
TXN0003044,normal,,ACC00153,ACC00076
TXN0003045,normal,,ACC00076,ACC00485
TXN0003046,normal,,ACC00076,ACC00380
TXN0003047,normal,,ACC00153,ACC00076
TXN0003048,normal,,ACC00076,ACC00153
TXN0003049,normal,,ACC00076,ACC00216
TXN0003050,normal,,ACC00074,ACC00076
TXN0003051,normal,,ACC00389,ACC00076
TXN0003052,normal,,ACC00061,ACC00076
TXN0003053,normal,,ACC00076,ACC00061
TXN0003054,normal,,ACC00076,ACC00402
TXN0003055,normal,,ACC00076,ACC00097
TXN0003056,normal,,ACC00076,ACC00007
TXN0003057,normal,,ACC00076,ACC00380
TXN0003058,normal,,ACC00076,ACC00007
TXN0003059,normal,,ACC00076,ACC00402
TXN0003060,normal,,ACC00076,ACC00061
TXN0003061,normal,,ACC00076,ACC00316
TXN0003062,normal,,ACC00076,ACC00389
TXN0003063,normal,,ACC00076,ACC00485
TXN0003064,normal,,ACC00026,ACC00077
TXN0003065,normal,,ACC00397,ACC00077
TXN0003066,normal,,ACC00077,ACC00110
TXN0003067,normal,,ACC00487,ACC00077
TXN0003068,normal,,ACC00422,ACC00077
TXN0003069,normal,,ACC00026,ACC00077
TXN0003070,normal,,ACC00077,ACC00308
TXN0003071,normal,,ACC00077,ACC00014
TXN0003072,normal,,ACC00422,ACC00077
TXN0003073,normal,,ACC00077,ACC00014
TXN0003074,normal,,ACC00077,ACC00370
TXN0003075,normal,,ACC00077,ACC00014
TXN0003076,normal,,ACC00077,ACC00014
TXN0003077,normal,,ACC00077,ACC00026
TXN0003078,normal,,ACC00077,ACC00176
TXN0003079,normal,,ACC00077,ACC00422
TXN0003080,normal,,ACC00077,ACC00458
TXN0003081,normal,,ACC00077,ACC00014
TXN0003082,normal,,ACC00077,ACC00370
TXN0003083,normal,,ACC00077,ACC00014
TXN0003084,normal,,ACC00370,ACC00077
TXN0003085,normal,,ACC00271,ACC00077
TXN0003086,normal,,ACC00077,ACC00422
TXN0003087,normal,,ACC00219,ACC00077
TXN0003088,normal,,ACC00425,ACC00078
TXN0003089,normal,,ACC00293,ACC00078
TXN0003090,normal,,ACC00078,ACC00276
TXN0003091,normal,,ACC00294,ACC00078
TXN0003092,normal,,ACC00078,ACC00199
TXN0003093,normal,,ACC00078,ACC00242
TXN0003094,normal,,ACC00078,ACC00184
TXN0003095,normal,,ACC00427,ACC00078
TXN0003096,normal,,ACC00078,ACC00425
TXN0003097,normal,,ACC00078,ACC00199
TXN0003098,normal,,ACC00078,ACC00226
TXN0003099,normal,,ACC00294,ACC00078
TXN0003100,normal,,ACC00242,ACC00078
TXN0003101,normal,,ACC00078,ACC00425
TXN0003102,normal,,ACC00004,ACC00078
TXN0003103,normal,,ACC00293,ACC00078
TXN0003104,normal,,ACC00242,ACC00078
TXN0003105,normal,,ACC00078,ACC00294
TXN0003106,normal,,ACC00242,ACC00078
TXN0003107,normal,,ACC00078,ACC00103
TXN0003108,normal,,ACC00079,ACC00073
TXN0003109,normal,,ACC00079,ACC00466
TXN0003110,normal,,ACC00049,ACC00079
TXN0003111,normal,,ACC00349,ACC00079
TXN0003112,normal,,ACC00079,ACC00073
TXN0003113,normal,,ACC00466,ACC00079
TXN0003114,normal,,ACC00079,ACC00038
TXN0003115,normal,,ACC00079,ACC00425
TXN0003116,normal,,ACC00079,ACC00347
TXN0003117,normal,,ACC00038,ACC00079
TXN0003118,normal,,ACC00079,ACC00025
TXN0003119,normal,,ACC00425,ACC00079
TXN0003120,normal,,ACC00079,ACC00043
TXN0003121,normal,,ACC00079,ACC00425
TXN0003122,normal,,ACC00079,ACC00075
TXN0003123,normal,,ACC00425,ACC00079
TXN0003124,normal,,ACC00079,ACC00467
TXN0003125,normal,,ACC00079,ACC00106
TXN0003126,normal,,ACC00079,ACC00425
TXN0003127,normal,,ACC00079,ACC00073
TXN0003128,normal,,ACC00073,ACC00079
TXN0003129,normal,,ACC00038,ACC00079
TXN0003130,normal,,ACC00368,ACC00079
TXN0003131,normal,,ACC00075,ACC00079
TXN0003132,normal,,ACC00025,ACC00079
TXN0003133,normal,,ACC00257,ACC00079
TXN0003134,normal,,ACC00354,ACC00079
TXN0003135,normal,,ACC00073,ACC00079
TXN0003136,normal,,ACC00079,ACC00425
TXN0003137,normal,,ACC00079,ACC00075
TXN0003138,normal,,ACC00038,ACC00079
TXN0003139,normal,,ACC00079,ACC00467
TXN0003140,normal,,ACC00046,ACC00079
TXN0003141,normal,,ACC00079,ACC00038
TXN0003142,normal,,ACC00025,ACC00079
TXN0003143,normal,,ACC00079,ACC00038
TXN0003144,normal,,ACC00075,ACC00079
TXN0003145,normal,,ACC00025,ACC00079
TXN0003146,normal,,ACC00038,ACC00079
TXN0003147,normal,,ACC00013,ACC00079
TXN0003148,normal,,ACC00347,ACC00079
TXN0003149,normal,,ACC00444,ACC00079
TXN0003150,normal,,ACC00133,ACC00079
TXN0003151,normal,,ACC00443,ACC00080
TXN0003152,normal,,ACC00080,ACC00223
TXN0003153,normal,,ACC00046,ACC00080
TXN0003154,normal,,ACC00080,ACC00384
TXN0003155,normal,,ACC00180,ACC00080
TXN0003156,normal,,ACC00080,ACC00038
TXN0003157,normal,,ACC00038,ACC00080
TXN0003158,normal,,ACC00080,ACC00443
TXN0003159,normal,,ACC00080,ACC00019
TXN0003160,normal,,ACC00402,ACC00080
TXN0003161,normal,,ACC00080,ACC00426
TXN0003162,normal,,ACC00114,ACC00080
TXN0003163,normal,,ACC00038,ACC00080
TXN0003164,normal,,ACC00080,ACC00114
TXN0003165,normal,,ACC00291,ACC00080
TXN0003166,normal,,ACC00080,ACC00350
TXN0003167,normal,,ACC00080,ACC00196
TXN0003168,normal,,ACC00191,ACC00080
TXN0003169,normal,,ACC00038,ACC00080
TXN0003170,normal,,ACC00038,ACC00080
TXN0003171,normal,,ACC00443,ACC00080
TXN0003172,normal,,ACC00080,ACC00443
TXN0003173,normal,,ACC00080,ACC00350
TXN0003174,normal,,ACC00080,ACC00114
TXN0003175,normal,,ACC00080,ACC00426
TXN0003176,normal,,ACC00350,ACC00080
TXN0003177,normal,,ACC00114,ACC00080
TXN0003178,normal,,ACC00080,ACC00114
TXN0003179,normal,,ACC00080,ACC00114
TXN0003180,normal,,ACC00426,ACC00080
TXN0003181,normal,,ACC00080,ACC00426
TXN0003182,normal,,ACC00038,ACC00080
TXN0003183,normal,,ACC00007,ACC00080
TXN0003184,normal,,ACC00426,ACC00080
TXN0003185,normal,,ACC00080,ACC00180
TXN0003186,normal,,ACC00080,ACC00443
TXN0003187,normal,,ACC00359,ACC00080
TXN0003188,normal,,ACC00080,ACC00392
TXN0003189,normal,,ACC00180,ACC00080
TXN0003190,normal,,ACC00180,ACC00080
TXN0003191,normal,,ACC00080,ACC00046
TXN0003192,normal,,ACC00080,ACC00038
TXN0003193,normal,,ACC00341,ACC00080
TXN0003194,normal,,ACC00046,ACC00080
TXN0003195,normal,,ACC00443,ACC00080
TXN0003196,normal,,ACC00080,ACC00324
TXN0003197,normal,,ACC00180,ACC00080
TXN0003198,normal,,ACC00080,ACC00350
TXN0003199,normal,,ACC00463,ACC00080
TXN0003200,normal,,ACC00443,ACC00080
TXN0003201,normal,,ACC00180,ACC00080
TXN0003202,normal,,ACC00114,ACC00080
TXN0003203,normal,,ACC00019,ACC00080
TXN0003204,normal,,ACC00080,ACC00180
TXN0003205,normal,,ACC00080,ACC00443
TXN0003206,normal,,ACC00114,ACC00080
TXN0003207,normal,,ACC00434,ACC00080
TXN0003208,normal,,ACC00080,ACC00114
TXN0003209,normal,,ACC00019,ACC00080
TXN0003210,normal,,ACC00426,ACC00080
TXN0003211,normal,,ACC00081,ACC00338
TXN0003212,normal,,ACC00493,ACC00081
TXN0003213,normal,,ACC00081,ACC00390
TXN0003214,normal,,ACC00493,ACC00081
TXN0003215,normal,,ACC00081,ACC00087
TXN0003216,normal,,ACC00077,ACC00081
TXN0003217,normal,,ACC00414,ACC00081
TXN0003218,normal,,ACC00081,ACC00109
TXN0003219,normal,,ACC00049,ACC00081
TXN0003220,normal,,ACC00410,ACC00081
TXN0003221,normal,,ACC00081,ACC00049
TXN0003222,normal,,ACC00081,ACC00049
TXN0003223,normal,,ACC00081,ACC00161
TXN0003224,normal,,ACC00081,ACC00493
TXN0003225,normal,,ACC00072,ACC00081
TXN0003226,normal,,ACC00161,ACC00081
TXN0003227,normal,,ACC00289,ACC00081
TXN0003228,normal,,ACC00289,ACC00081
TXN0003229,normal,,ACC00012,ACC00081
TXN0003230,normal,,ACC00338,ACC00081
TXN0003231,normal,,ACC00493,ACC00081
TXN0003232,normal,,ACC00109,ACC00081
TXN0003233,normal,,ACC00096,ACC00081
TXN0003234,normal,,ACC00338,ACC00081
TXN0003235,normal,,ACC00081,ACC00012
TXN0003236,normal,,ACC00081,ACC00096
TXN0003237,normal,,ACC00081,ACC00049
TXN0003238,normal,,ACC00081,ACC00493
TXN0003239,normal,,ACC00081,ACC00049
TXN0003240,normal,,ACC00338,ACC00081
TXN0003241,normal,,ACC00081,ACC00289
TXN0003242,normal,,ACC00081,ACC00493
TXN0003243,normal,,ACC00044,ACC00081
TXN0003244,normal,,ACC00081,ACC00109
TXN0003245,normal,,ACC00081,ACC00161
TXN0003246,normal,,ACC00161,ACC00081
TXN0003247,normal,,ACC00440,ACC00082
TXN0003248,normal,,ACC00082,ACC00084
TXN0003249,normal,,ACC00440,ACC00082
TXN0003250,normal,,ACC00082,ACC00073
TXN0003251,normal,,ACC00082,ACC00073
TXN0003252,normal,,ACC00082,ACC00440
TXN0003253,normal,,ACC00082,ACC00111
TXN0003254,normal,,ACC00220,ACC00082
TXN0003255,normal,,ACC00111,ACC00082
TXN0003256,normal,,ACC00089,ACC00082
TXN0003257,normal,,ACC00082,ACC00111
TXN0003258,normal,,ACC00082,ACC00262
TXN0003259,normal,,ACC00058,ACC00082
TXN0003260,normal,,ACC00220,ACC00082
TXN0003261,normal,,ACC00427,ACC00082
TXN0003262,normal,,ACC00082,ACC00433
TXN0003263,normal,,ACC00082,ACC00058
TXN0003264,normal,,ACC00082,ACC00084
TXN0003265,normal,,ACC00262,ACC00082
TXN0003266,normal,,ACC00082,ACC00220
TXN0003267,normal,,ACC00440,ACC00082
TXN0003268,normal,,ACC00082,ACC00111
TXN0003269,normal,,ACC00082,ACC00220
TXN0003270,normal,,ACC00082,ACC00440
TXN0003271,normal,,ACC00082,ACC00469
TXN0003272,normal,,ACC00433,ACC00082
TXN0003273,normal,,ACC00082,ACC00166
TXN0003274,normal,,ACC00440,ACC00082
TXN0003275,normal,,ACC00058,ACC00082
TXN0003276,normal,,ACC00217,ACC00082
TXN0003277,normal,,ACC00220,ACC00082
TXN0003278,normal,,ACC00082,ACC00440
TXN0003279,normal,,ACC00220,ACC00082
TXN0003280,normal,,ACC00082,ACC00220
TXN0003281,normal,,ACC00227,ACC00082
TXN0003282,normal,,ACC00082,ACC00073
TXN0003283,normal,,ACC00058,ACC00082
TXN0003284,normal,,ACC00058,ACC00082
TXN0003285,normal,,ACC00082,ACC00220
TXN0003286,normal,,ACC00082,ACC00440
TXN0003287,normal,,ACC00084,ACC00082
TXN0003288,normal,,ACC00082,ACC00262
TXN0003289,normal,,ACC00082,ACC00220
TXN0003290,normal,,ACC00083,ACC00162
TXN0003291,normal,,ACC00200,ACC00083
TXN0003292,normal,,ACC00083,ACC00118
TXN0003293,normal,,ACC00277,ACC00083
TXN0003294,normal,,ACC00083,ACC00277
TXN0003295,normal,,ACC00083,ACC00200
TXN0003296,normal,,ACC00277,ACC00083
TXN0003297,normal,,ACC00083,ACC00277
TXN0003298,normal,,ACC00083,ACC00195
TXN0003299,normal,,ACC00083,ACC00464
TXN0003300,normal,,ACC00200,ACC00083
TXN0003301,normal,,ACC00464,ACC00083
TXN0003302,normal,,ACC00083,ACC00070
TXN0003303,normal,,ACC00263,ACC00083
TXN0003304,normal,,ACC00195,ACC00083
TXN0003305,normal,,ACC00291,ACC00083
TXN0003306,normal,,ACC00083,ACC00291
TXN0003307,normal,,ACC00464,ACC00083
TXN0003308,normal,,ACC00277,ACC00083
TXN0003309,normal,,ACC00200,ACC00083
TXN0003310,normal,,ACC00195,ACC00083
TXN0003311,normal,,ACC00365,ACC00083
TXN0003312,normal,,ACC00277,ACC00083
TXN0003313,normal,,ACC00083,ACC00162
TXN0003314,normal,,ACC00083,ACC00277
TXN0003315,normal,,ACC00195,ACC00083
TXN0003316,normal,,ACC00083,ACC00305
TXN0003317,normal,,ACC00083,ACC00162
TXN0003318,normal,,ACC00083,ACC00200
TXN0003319,normal,,ACC00263,ACC00083
TXN0003320,normal,,ACC00083,ACC00195
TXN0003321,normal,,ACC00083,ACC00277
TXN0003322,normal,,ACC00083,ACC00200
TXN0003323,normal,,ACC00195,ACC00083
TXN0003324,normal,,ACC00083,ACC00446
TXN0003325,normal,,ACC00095,ACC00083
TXN0003326,normal,,ACC00083,ACC00263
TXN0003327,normal,,ACC00291,ACC00083
TXN0003328,normal,,ACC00083,ACC00305
TXN0003329,normal,,ACC00308,ACC00084
TXN0003330,normal,,ACC00084,ACC00242
TXN0003331,normal,,ACC00242,ACC00084
TXN0003332,normal,,ACC00397,ACC00084
TXN0003333,normal,,ACC00084,ACC00460
TXN0003334,normal,,ACC00112,ACC00084
TXN0003335,normal,,ACC00268,ACC00084
TXN0003336,normal,,ACC00005,ACC00084
TXN0003337,normal,,ACC00397,ACC00084
TXN0003338,normal,,ACC00412,ACC00084
TXN0003339,normal,,ACC00084,ACC00412
TXN0003340,normal,,ACC00460,ACC00084
TXN0003341,normal,,ACC00084,ACC00242
TXN0003342,normal,,ACC00412,ACC00084
TXN0003343,normal,,ACC00084,ACC00242
TXN0003344,normal,,ACC00206,ACC00084
TXN0003345,normal,,ACC00084,ACC00242
TXN0003346,normal,,ACC00460,ACC00084
TXN0003347,normal,,ACC00084,ACC00397
TXN0003348,normal,,ACC00084,ACC00397
TXN0003349,normal,,ACC00084,ACC00412
TXN0003350,normal,,ACC00084,ACC00397
TXN0003351,normal,,ACC00084,ACC00206
TXN0003352,normal,,ACC00397,ACC00084
TXN0003353,normal,,ACC00084,ACC00242
TXN0003354,normal,,ACC00412,ACC00084
TXN0003355,normal,,ACC00084,ACC00242
TXN0003356,normal,,ACC00084,ACC00206
TXN0003357,normal,,ACC00084,ACC00412
TXN0003358,normal,,ACC00412,ACC00084
TXN0003359,normal,,ACC00053,ACC00085
TXN0003360,normal,,ACC00085,ACC00091
TXN0003361,normal,,ACC00492,ACC00085
TXN0003362,normal,,ACC00197,ACC00085
TXN0003363,normal,,ACC00197,ACC00085
TXN0003364,normal,,ACC00085,ACC00445
TXN0003365,normal,,ACC00085,ACC00218
TXN0003366,normal,,ACC00085,ACC00464
TXN0003367,normal,,ACC00085,ACC00379
TXN0003368,normal,,ACC00492,ACC00085
TXN0003369,normal,,ACC00380,ACC00085
TXN0003370,normal,,ACC00085,ACC00225
TXN0003371,normal,,ACC00085,ACC00464
TXN0003372,normal,,ACC00053,ACC00085
TXN0003373,normal,,ACC00482,ACC00085
TXN0003374,normal,,ACC00379,ACC00085
TXN0003375,normal,,ACC00085,ACC00225
TXN0003376,normal,,ACC00053,ACC00085
TXN0003377,normal,,ACC00053,ACC00085
TXN0003378,normal,,ACC00085,ACC00492
TXN0003379,normal,,ACC00225,ACC00085
TXN0003380,normal,,ACC00053,ACC00085
TXN0003381,normal,,ACC00297,ACC00085
TXN0003382,normal,,ACC00492,ACC00085
TXN0003383,normal,,ACC00409,ACC00085
TXN0003384,normal,,ACC00197,ACC00085
TXN0003385,normal,,ACC00085,ACC00171
TXN0003386,normal,,ACC00085,ACC00464
TXN0003387,normal,,ACC00156,ACC00085
TXN0003388,normal,,ACC00379,ACC00085
TXN0003389,normal,,ACC00225,ACC00085
TXN0003390,normal,,ACC00085,ACC00197
TXN0003391,normal,,ACC00482,ACC00085
TXN0003392,normal,,ACC00085,ACC00197
TXN0003393,normal,,ACC00271,ACC00085
TXN0003394,normal,,ACC00085,ACC00464
TXN0003395,normal,,ACC00085,ACC00379
TXN0003396,normal,,ACC00085,ACC00384
TXN0003397,normal,,ACC00086,ACC00208
TXN0003398,normal,,ACC00086,ACC00401
TXN0003399,normal,,ACC00086,ACC00323
TXN0003400,normal,,ACC00086,ACC00156
TXN0003401,normal,,ACC00090,ACC00086
TXN0003402,normal,,ACC00086,ACC00308
TXN0003403,normal,,ACC00195,ACC00086
TXN0003404,normal,,ACC00086,ACC00441
TXN0003405,normal,,ACC00262,ACC00086
TXN0003406,normal,,ACC00086,ACC00208
TXN0003407,normal,,ACC00086,ACC00447
TXN0003408,normal,,ACC00086,ACC00195
TXN0003409,normal,,ACC00086,ACC00134
TXN0003410,normal,,ACC00086,ACC00306
TXN0003411,normal,,ACC00086,ACC00306
TXN0003412,normal,,ACC00086,ACC00208
TXN0003413,normal,,ACC00323,ACC00086
TXN0003414,normal,,ACC00086,ACC00401
TXN0003415,normal,,ACC00262,ACC00086
TXN0003416,normal,,ACC00086,ACC00411
TXN0003417,normal,,ACC00134,ACC00086
TXN0003418,normal,,ACC00222,ACC00086
TXN0003419,normal,,ACC00086,ACC00019
TXN0003420,normal,,ACC00086,ACC00306
TXN0003421,normal,,ACC00401,ACC00086
TXN0003422,normal,,ACC00308,ACC00086
TXN0003423,normal,,ACC00401,ACC00086
TXN0003424,normal,,ACC00086,ACC00306
TXN0003425,normal,,ACC00393,ACC00087
TXN0003426,normal,,ACC00211,ACC00087
TXN0003427,normal,,ACC00333,ACC00087
TXN0003428,normal,,ACC00087,ACC00302
TXN0003429,normal,,ACC00263,ACC00087
TXN0003430,normal,,ACC00087,ACC00263
TXN0003431,normal,,ACC00251,ACC00087
TXN0003432,normal,,ACC00087,ACC00263
TXN0003433,normal,,ACC00048,ACC00087
TXN0003434,normal,,ACC00251,ACC00087
TXN0003435,normal,,ACC00087,ACC00131
TXN0003436,normal,,ACC00087,ACC00251
TXN0003437,normal,,ACC00333,ACC00087
TXN0003438,normal,,ACC00384,ACC00087
TXN0003439,normal,,ACC00251,ACC00087
TXN0003440,normal,,ACC00087,ACC00211
TXN0003441,normal,,ACC00087,ACC00048
TXN0003442,normal,,ACC00087,ACC00331
TXN0003443,normal,,ACC00211,ACC00087
TXN0003444,normal,,ACC00333,ACC00087
TXN0003445,normal,,ACC00087,ACC00333
TXN0003446,normal,,ACC00393,ACC00087
TXN0003447,normal,,ACC00499,ACC00087
TXN0003448,normal,,ACC00431,ACC00087
TXN0003449,normal,,ACC00087,ACC00263
TXN0003450,normal,,ACC00393,ACC00087
TXN0003451,normal,,ACC00087,ACC00393
TXN0003452,normal,,ACC00393,ACC00087
TXN0003453,normal,,ACC00087,ACC00263
TXN0003454,normal,,ACC00087,ACC00296
TXN0003455,normal,,ACC00378,ACC00087
TXN0003456,normal,,ACC00251,ACC00087
TXN0003457,normal,,ACC00087,ACC00211
TXN0003458,normal,,ACC00087,ACC00184
TXN0003459,normal,,ACC00087,ACC00474
TXN0003460,normal,,ACC00251,ACC00087
TXN0003461,normal,,ACC00317,ACC00087
TXN0003462,normal,,ACC00393,ACC00087
TXN0003463,normal,,ACC00087,ACC00211
TXN0003464,normal,,ACC00087,ACC00157
TXN0003465,normal,,ACC00087,ACC00048
TXN0003466,normal,,ACC00087,ACC00263
TXN0003467,normal,,ACC00088,ACC00385
TXN0003468,normal,,ACC00471,ACC00088
TXN0003469,normal,,ACC00413,ACC00088
TXN0003470,normal,,ACC00088,ACC00413
TXN0003471,normal,,ACC00377,ACC00088
TXN0003472,normal,,ACC00499,ACC00088
TXN0003473,normal,,ACC00016,ACC00088
TXN0003474,normal,,ACC00377,ACC00088
TXN0003475,normal,,ACC00088,ACC00216
TXN0003476,normal,,ACC00471,ACC00088
TXN0003477,normal,,ACC00054,ACC00088
TXN0003478,normal,,ACC00088,ACC00413
TXN0003479,normal,,ACC00075,ACC00088
TXN0003480,normal,,ACC00088,ACC00471
TXN0003481,normal,,ACC00413,ACC00088
TXN0003482,normal,,ACC00088,ACC00023
TXN0003483,normal,,ACC00499,ACC00088
TXN0003484,normal,,ACC00499,ACC00088
TXN0003485,normal,,ACC00088,ACC00471
TXN0003486,normal,,ACC00301,ACC00088
TXN0003487,normal,,ACC00377,ACC00088
TXN0003488,normal,,ACC00088,ACC00413
TXN0003489,normal,,ACC00054,ACC00088
TXN0003490,normal,,ACC00088,ACC00053
TXN0003491,normal,,ACC00413,ACC00088
TXN0003492,normal,,ACC00377,ACC00088
TXN0003493,normal,,ACC00471,ACC00088
TXN0003494,normal,,ACC00054,ACC00088
TXN0003495,normal,,ACC00053,ACC00088
TXN0003496,normal,,ACC00012,ACC00088
TXN0003497,normal,,ACC00413,ACC00088
TXN0003498,normal,,ACC00088,ACC00377
TXN0003499,normal,,ACC00088,ACC00121
TXN0003500,normal,,ACC00377,ACC00088
TXN0003501,normal,,ACC00216,ACC00088
TXN0003502,normal,,ACC00012,ACC00088
TXN0003503,normal,,ACC00272,ACC00088
TXN0003504,normal,,ACC00413,ACC00088
TXN0003505,normal,,ACC00413,ACC00088
TXN0003506,normal,,ACC00391,ACC00088
TXN0003507,normal,,ACC00088,ACC00053
TXN0003508,normal,,ACC00012,ACC00088
TXN0003509,normal,,ACC00088,ACC00329
TXN0003510,normal,,ACC00088,ACC00053
TXN0003511,normal,,ACC00088,ACC00054
TXN0003512,normal,,ACC00377,ACC00088
TXN0003513,normal,,ACC00216,ACC00088
TXN0003514,normal,,ACC00088,ACC00054
TXN0003515,normal,,ACC00377,ACC00088
TXN0003516,normal,,ACC00088,ACC00413
TXN0003517,normal,,ACC00088,ACC00335
TXN0003518,normal,,ACC00088,ACC00216
TXN0003519,normal,,ACC00377,ACC00088
TXN0003520,normal,,ACC00377,ACC00088
TXN0003521,normal,,ACC00181,ACC00089
TXN0003522,normal,,ACC00204,ACC00089
TXN0003523,normal,,ACC00416,ACC00089
TXN0003524,normal,,ACC00089,ACC00469
TXN0003525,normal,,ACC00089,ACC00005
TXN0003526,normal,,ACC00026,ACC00089
TXN0003527,normal,,ACC00026,ACC00089
TXN0003528,normal,,ACC00089,ACC00142
TXN0003529,normal,,ACC00480,ACC00089
TXN0003530,normal,,ACC00089,ACC00005
TXN0003531,normal,,ACC00089,ACC00291
TXN0003532,normal,,ACC00089,ACC00123
TXN0003533,normal,,ACC00089,ACC00026
TXN0003534,normal,,ACC00089,ACC00371
TXN0003535,normal,,ACC00026,ACC00089
TXN0003536,normal,,ACC00089,ACC00480
TXN0003537,normal,,ACC00089,ACC00180
TXN0003538,normal,,ACC00188,ACC00089
TXN0003539,normal,,ACC00371,ACC00089
TXN0003540,normal,,ACC00123,ACC00089
TXN0003541,normal,,ACC00480,ACC00089
TXN0003542,normal,,ACC00089,ACC00416
TXN0003543,normal,,ACC00089,ACC00026
TXN0003544,normal,,ACC00089,ACC00427
TXN0003545,normal,,ACC00480,ACC00089
TXN0003546,normal,,ACC00089,ACC00480
TXN0003547,normal,,ACC00469,ACC00089
TXN0003548,normal,,ACC00026,ACC00089
TXN0003549,normal,,ACC00005,ACC00089
TXN0003550,normal,,ACC00089,ACC00291
TXN0003551,normal,,ACC00089,ACC00123
TXN0003552,normal,,ACC00469,ACC00089
TXN0003553,normal,,ACC00026,ACC00089
TXN0003554,normal,,ACC00026,ACC00089
TXN0003555,normal,,ACC00138,ACC00089
TXN0003556,normal,,ACC00089,ACC00005
TXN0003557,normal,,ACC00089,ACC00291
TXN0003558,normal,,ACC00416,ACC00089
TXN0003559,normal,,ACC00089,ACC00469
TXN0003560,normal,,ACC00089,ACC00291
TXN0003561,normal,,ACC00089,ACC00174
TXN0003562,normal,,ACC00089,ACC00291
TXN0003563,normal,,ACC00090,ACC00276
TXN0003564,normal,,ACC00090,ACC00162
TXN0003565,normal,,ACC00241,ACC00090
TXN0003566,normal,,ACC00342,ACC00090
TXN0003567,normal,,ACC00090,ACC00319
TXN0003568,normal,,ACC00090,ACC00342
TXN0003569,normal,,ACC00229,ACC00090
TXN0003570,normal,,ACC00123,ACC00090
TXN0003571,normal,,ACC00064,ACC00090
TXN0003572,normal,,ACC00193,ACC00090
TXN0003573,normal,,ACC00090,ACC00078
TXN0003574,normal,,ACC00090,ACC00078
TXN0003575,normal,,ACC00193,ACC00090
TXN0003576,normal,,ACC00193,ACC00090
TXN0003577,normal,,ACC00123,ACC00090
TXN0003578,normal,,ACC00090,ACC00162
TXN0003579,normal,,ACC00162,ACC00090
TXN0003580,normal,,ACC00090,ACC00078
TXN0003581,normal,,ACC00090,ACC00406
TXN0003582,normal,,ACC00090,ACC00078
TXN0003583,normal,,ACC00090,ACC00319
TXN0003584,normal,,ACC00090,ACC00421
TXN0003585,normal,,ACC00090,ACC00319
TXN0003586,normal,,ACC00342,ACC00090
TXN0003587,normal,,ACC00090,ACC00474
TXN0003588,normal,,ACC00241,ACC00090
TXN0003589,normal,,ACC00193,ACC00090
TXN0003590,normal,,ACC00398,ACC00090
TXN0003591,normal,,ACC00201,ACC00090
TXN0003592,normal,,ACC00090,ACC00078
TXN0003593,normal,,ACC00364,ACC00090
TXN0003594,normal,,ACC00090,ACC00269
TXN0003595,normal,,ACC00090,ACC00346
TXN0003596,normal,,ACC00090,ACC00111
TXN0003597,normal,,ACC00241,ACC00090
TXN0003598,normal,,ACC00111,ACC00090
TXN0003599,normal,,ACC00090,ACC00162
TXN0003600,normal,,ACC00162,ACC00090
TXN0003601,normal,,ACC00090,ACC00241
TXN0003602,normal,,ACC00090,ACC00162
TXN0003603,normal,,ACC00193,ACC00090
TXN0003604,normal,,ACC00241,ACC00090
TXN0003605,normal,,ACC00241,ACC00090
TXN0003606,normal,,ACC00090,ACC00135
TXN0003607,normal,,ACC00135,ACC00090
TXN0003608,normal,,ACC00193,ACC00090
TXN0003609,normal,,ACC00319,ACC00090
TXN0003610,normal,,ACC00078,ACC00090
TXN0003611,normal,,ACC00193,ACC00090
TXN0003612,normal,,ACC00319,ACC00090
TXN0003613,normal,,ACC00090,ACC00123
TXN0003614,normal,,ACC00111,ACC00090
TXN0003615,normal,,ACC00078,ACC00090
TXN0003616,normal,,ACC00090,ACC00319
TXN0003617,normal,,ACC00342,ACC00090
TXN0003618,normal,,ACC00090,ACC00123
TXN0003619,normal,,ACC00120,ACC00091
TXN0003620,normal,,ACC00313,ACC00091
TXN0003621,normal,,ACC00167,ACC00091
TXN0003622,normal,,ACC00167,ACC00091
TXN0003623,normal,,ACC00120,ACC00091
TXN0003624,normal,,ACC00091,ACC00019
TXN0003625,normal,,ACC00035,ACC00091
TXN0003626,normal,,ACC00387,ACC00091
TXN0003627,normal,,ACC00091,ACC00167
TXN0003628,normal,,ACC00091,ACC00313
TXN0003629,normal,,ACC00091,ACC00465
TXN0003630,normal,,ACC00091,ACC00352
TXN0003631,normal,,ACC00091,ACC00387
TXN0003632,normal,,ACC00091,ACC00247
TXN0003633,normal,,ACC00091,ACC00387
TXN0003634,normal,,ACC00091,ACC00167
TXN0003635,normal,,ACC00091,ACC00387
TXN0003636,normal,,ACC00019,ACC00091
TXN0003637,normal,,ACC00313,ACC00091
TXN0003638,normal,,ACC00091,ACC00465
TXN0003639,normal,,ACC00459,ACC00091
TXN0003640,normal,,ACC00091,ACC00359
TXN0003641,normal,,ACC00465,ACC00091
TXN0003642,normal,,ACC00091,ACC00465
TXN0003643,normal,,ACC00313,ACC00091
TXN0003644,normal,,ACC00225,ACC00091
TXN0003645,normal,,ACC00387,ACC00091
TXN0003646,normal,,ACC00313,ACC00091
TXN0003647,normal,,ACC00329,ACC00091
TXN0003648,normal,,ACC00091,ACC00369
TXN0003649,normal,,ACC00313,ACC00091
TXN0003650,normal,,ACC00091,ACC00019
TXN0003651,normal,,ACC00091,ACC00302
TXN0003652,normal,,ACC00091,ACC00279
TXN0003653,normal,,ACC00091,ACC00434
TXN0003654,normal,,ACC00387,ACC00091
TXN0003655,normal,,ACC00213,ACC00091
TXN0003656,normal,,ACC00091,ACC00313
TXN0003657,normal,,ACC00091,ACC00387
TXN0003658,normal,,ACC00091,ACC00313
TXN0003659,normal,,ACC00153,ACC00092
TXN0003660,normal,,ACC00350,ACC00092
TXN0003661,normal,,ACC00174,ACC00092
TXN0003662,normal,,ACC00174,ACC00092
TXN0003663,normal,,ACC00390,ACC00092
TXN0003664,normal,,ACC00092,ACC00390
TXN0003665,normal,,ACC00092,ACC00013
TXN0003666,normal,,ACC00092,ACC00390
TXN0003667,normal,,ACC00092,ACC00390
TXN0003668,normal,,ACC00092,ACC00013
TXN0003669,normal,,ACC00092,ACC00174
TXN0003670,normal,,ACC00092,ACC00139
TXN0003671,normal,,ACC00092,ACC00139
TXN0003672,normal,,ACC00092,ACC00457
TXN0003673,normal,,ACC00134,ACC00092
TXN0003674,normal,,ACC00350,ACC00092
TXN0003675,normal,,ACC00092,ACC00013
TXN0003676,normal,,ACC00092,ACC00350
TXN0003677,normal,,ACC00013,ACC00092
TXN0003678,normal,,ACC00092,ACC00286
TXN0003679,normal,,ACC00261,ACC00092
TXN0003680,normal,,ACC00092,ACC00484
TXN0003681,normal,,ACC00092,ACC00153
TXN0003682,normal,,ACC00092,ACC00188
TXN0003683,normal,,ACC00092,ACC00489
TXN0003684,normal,,ACC00153,ACC00092
TXN0003685,normal,,ACC00092,ACC00087
TXN0003686,normal,,ACC00261,ACC00092
TXN0003687,normal,,ACC00214,ACC00093
TXN0003688,normal,,ACC00214,ACC00093
TXN0003689,normal,,ACC00093,ACC00360
TXN0003690,normal,,ACC00093,ACC00305
TXN0003691,normal,,ACC00093,ACC00297
TXN0003692,normal,,ACC00474,ACC00093
TXN0003693,normal,,ACC00093,ACC00207
TXN0003694,normal,,ACC00093,ACC00399
TXN0003695,normal,,ACC00076,ACC00093
TXN0003696,normal,,ACC00093,ACC00399
TXN0003697,normal,,ACC00399,ACC00093
TXN0003698,normal,,ACC00093,ACC00108
TXN0003699,normal,,ACC00207,ACC00093
TXN0003700,normal,,ACC00093,ACC00399
TXN0003701,normal,,ACC00093,ACC00305
TXN0003702,normal,,ACC00093,ACC00474
TXN0003703,normal,,ACC00073,ACC00093
TXN0003704,normal,,ACC00093,ACC00207
TXN0003705,normal,,ACC00093,ACC00214
TXN0003706,normal,,ACC00489,ACC00093
TXN0003707,normal,,ACC00093,ACC00489
TXN0003708,normal,,ACC00399,ACC00093
TXN0003709,normal,,ACC00093,ACC00214
TXN0003710,normal,,ACC00093,ACC00489
TXN0003711,normal,,ACC00232,ACC00093
TXN0003712,normal,,ACC00474,ACC00093
TXN0003713,normal,,ACC00093,ACC00495
TXN0003714,normal,,ACC00093,ACC00417
TXN0003715,normal,,ACC00093,ACC00332
TXN0003716,normal,,ACC00464,ACC00093
TXN0003717,normal,,ACC00495,ACC00093
TXN0003718,normal,,ACC00399,ACC00093
TXN0003719,normal,,ACC00489,ACC00093
TXN0003720,normal,,ACC00093,ACC00495
TXN0003721,normal,,ACC00474,ACC00093
TXN0003722,normal,,ACC00093,ACC00108
TXN0003723,normal,,ACC00489,ACC00093
TXN0003724,normal,,ACC00214,ACC00093
TXN0003725,normal,,ACC00489,ACC00093
TXN0003726,normal,,ACC00207,ACC00093
TXN0003727,normal,,ACC00093,ACC00474
TXN0003728,normal,,ACC00093,ACC00214
TXN0003729,normal,,ACC00093,ACC00322
TXN0003730,normal,,ACC00093,ACC00495
TXN0003731,normal,,ACC00093,ACC00214
TXN0003732,normal,,ACC00093,ACC00214
TXN0003733,normal,,ACC00093,ACC00115
TXN0003734,normal,,ACC00495,ACC00093
TXN0003735,normal,,ACC00093,ACC00349
TXN0003736,normal,,ACC00059,ACC00093
TXN0003737,normal,,ACC00161,ACC00094
TXN0003738,normal,,ACC00094,ACC00134
TXN0003739,normal,,ACC00094,ACC00141
TXN0003740,normal,,ACC00134,ACC00094
TXN0003741,normal,,ACC00445,ACC00094
TXN0003742,normal,,ACC00468,ACC00094
TXN0003743,normal,,ACC00094,ACC00034
TXN0003744,normal,,ACC00170,ACC00094
TXN0003745,normal,,ACC00094,ACC00134
TXN0003746,normal,,ACC00094,ACC00161
TXN0003747,normal,,ACC00094,ACC00253
TXN0003748,normal,,ACC00094,ACC00493
TXN0003749,normal,,ACC00094,ACC00134
TXN0003750,normal,,ACC00161,ACC00094
TXN0003751,normal,,ACC00117,ACC00094
TXN0003752,normal,,ACC00094,ACC00161
TXN0003753,normal,,ACC00407,ACC00094
TXN0003754,normal,,ACC00094,ACC00134
TXN0003755,normal,,ACC00094,ACC00134
TXN0003756,normal,,ACC00134,ACC00094
TXN0003757,normal,,ACC00094,ACC00134
TXN0003758,normal,,ACC00170,ACC00094
TXN0003759,normal,,ACC00134,ACC00094
TXN0003760,normal,,ACC00094,ACC00493
TXN0003761,normal,,ACC00134,ACC00094
TXN0003762,normal,,ACC00094,ACC00468
TXN0003763,normal,,ACC00028,ACC00094
TXN0003764,normal,,ACC00034,ACC00094
TXN0003765,normal,,ACC00094,ACC00203
TXN0003766,normal,,ACC00493,ACC00094
TXN0003767,normal,,ACC00161,ACC00094
TXN0003768,normal,,ACC00134,ACC00094
TXN0003769,normal,,ACC00180,ACC00094
TXN0003770,normal,,ACC00253,ACC00094
TXN0003771,normal,,ACC00170,ACC00094
TXN0003772,normal,,ACC00459,ACC00094
TXN0003773,normal,,ACC00034,ACC00094
TXN0003774,normal,,ACC00094,ACC00222
TXN0003775,normal,,ACC00493,ACC00094
TXN0003776,normal,,ACC00161,ACC00094
TXN0003777,normal,,ACC00312,ACC00095
TXN0003778,normal,,ACC00095,ACC00022
TXN0003779,normal,,ACC00162,ACC00095
TXN0003780,normal,,ACC00029,ACC00095
TXN0003781,normal,,ACC00095,ACC00377
TXN0003782,normal,,ACC00022,ACC00095
TXN0003783,normal,,ACC00289,ACC00095
TXN0003784,normal,,ACC00289,ACC00095
TXN0003785,normal,,ACC00022,ACC00095
TXN0003786,normal,,ACC00024,ACC00095
TXN0003787,normal,,ACC00289,ACC00095
TXN0003788,normal,,ACC00150,ACC00095
TXN0003789,normal,,ACC00150,ACC00095
TXN0003790,normal,,ACC00095,ACC00029
TXN0003791,normal,,ACC00095,ACC00289
TXN0003792,normal,,ACC00162,ACC00095
TXN0003793,normal,,ACC00095,ACC00312
TXN0003794,normal,,ACC00095,ACC00079
TXN0003795,normal,,ACC00029,ACC00095
TXN0003796,normal,,ACC00096,ACC00215
TXN0003797,normal,,ACC00446,ACC00096
TXN0003798,normal,,ACC00046,ACC00096
TXN0003799,normal,,ACC00096,ACC00232
TXN0003800,normal,,ACC00096,ACC00446
TXN0003801,normal,,ACC00174,ACC00096
TXN0003802,normal,,ACC00096,ACC00192
TXN0003803,normal,,ACC00232,ACC00096
TXN0003804,normal,,ACC00096,ACC00232
TXN0003805,normal,,ACC00232,ACC00096
TXN0003806,normal,,ACC00372,ACC00096
TXN0003807,normal,,ACC00372,ACC00096
TXN0003808,normal,,ACC00292,ACC00096
TXN0003809,normal,,ACC00096,ACC00174
TXN0003810,normal,,ACC00192,ACC00096
TXN0003811,normal,,ACC00096,ACC00372
TXN0003812,normal,,ACC00232,ACC00096
TXN0003813,normal,,ACC00253,ACC00096
TXN0003814,normal,,ACC00096,ACC00289
TXN0003815,normal,,ACC00174,ACC00096
TXN0003816,normal,,ACC00096,ACC00289
TXN0003817,normal,,ACC00096,ACC00289
TXN0003818,normal,,ACC00192,ACC00096
TXN0003819,normal,,ACC00096,ACC00174
TXN0003820,normal,,ACC00446,ACC00096
TXN0003821,normal,,ACC00232,ACC00096
TXN0003822,normal,,ACC00096,ACC00289
TXN0003823,normal,,ACC00096,ACC00437
TXN0003824,normal,,ACC00036,ACC00096
TXN0003825,normal,,ACC00289,ACC00096
TXN0003826,normal,,ACC00289,ACC00096
TXN0003827,normal,,ACC00096,ACC00232
TXN0003828,normal,,ACC00096,ACC00232
TXN0003829,normal,,ACC00096,ACC00215
TXN0003830,normal,,ACC00096,ACC00446
TXN0003831,normal,,ACC00017,ACC00096
TXN0003832,normal,,ACC00215,ACC00096
TXN0003833,normal,,ACC00096,ACC00289
TXN0003834,normal,,ACC00215,ACC00096
TXN0003835,normal,,ACC00419,ACC00096
TXN0003836,normal,,ACC00289,ACC00096
TXN0003837,normal,,ACC00096,ACC00373
TXN0003838,normal,,ACC00096,ACC00372
TXN0003839,normal,,ACC00215,ACC00096
TXN0003840,normal,,ACC00096,ACC00036
TXN0003841,normal,,ACC00096,ACC00192
TXN0003842,normal,,ACC00096,ACC00344
TXN0003843,normal,,ACC00097,ACC00464
TXN0003844,normal,,ACC00097,ACC00295
TXN0003845,normal,,ACC00183,ACC00097
TXN0003846,normal,,ACC00097,ACC00001
TXN0003847,normal,,ACC00097,ACC00186
TXN0003848,normal,,ACC00097,ACC00025
TXN0003849,normal,,ACC00097,ACC00025
TXN0003850,normal,,ACC00097,ACC00295
TXN0003851,normal,,ACC00407,ACC00097
TXN0003852,normal,,ACC00097,ACC00001
TXN0003853,normal,,ACC00214,ACC00097
TXN0003854,normal,,ACC00097,ACC00407
TXN0003855,normal,,ACC00407,ACC00097
TXN0003856,normal,,ACC00097,ACC00295
TXN0003857,normal,,ACC00097,ACC00383
TXN0003858,normal,,ACC00407,ACC00097
TXN0003859,normal,,ACC00383,ACC00097
TXN0003860,normal,,ACC00097,ACC00214
TXN0003861,normal,,ACC00186,ACC00097
TXN0003862,normal,,ACC00142,ACC00097
TXN0003863,normal,,ACC00419,ACC00097
TXN0003864,normal,,ACC00097,ACC00214
TXN0003865,normal,,ACC00097,ACC00019
TXN0003866,normal,,ACC00097,ACC00383
TXN0003867,normal,,ACC00097,ACC00218
TXN0003868,normal,,ACC00383,ACC00097
TXN0003869,normal,,ACC00097,ACC00001
TXN0003870,normal,,ACC00097,ACC00374
TXN0003871,normal,,ACC00097,ACC00389
TXN0003872,normal,,ACC00407,ACC00097
TXN0003873,normal,,ACC00025,ACC00097
TXN0003874,normal,,ACC00112,ACC00097
TXN0003875,normal,,ACC00097,ACC00001
TXN0003876,normal,,ACC00102,ACC00097
TXN0003877,normal,,ACC00194,ACC00097
TXN0003878,normal,,ACC00025,ACC00097
TXN0003879,normal,,ACC00383,ACC00097
TXN0003880,normal,,ACC00214,ACC00097
TXN0003881,normal,,ACC00097,ACC00186
TXN0003882,normal,,ACC00025,ACC00097
TXN0003883,normal,,ACC00214,ACC00097
TXN0003884,normal,,ACC00407,ACC00097
TXN0003885,normal,,ACC00142,ACC00097
TXN0003886,normal,,ACC00097,ACC00025
TXN0003887,normal,,ACC00186,ACC00097
TXN0003888,normal,,ACC00097,ACC00001
TXN0003889,normal,,ACC00205,ACC00097
TXN0003890,normal,,ACC00098,ACC00428
TXN0003891,normal,,ACC00311,ACC00098
TXN0003892,normal,,ACC00098,ACC00219
TXN0003893,normal,,ACC00334,ACC00098
TXN0003894,normal,,ACC00098,ACC00311
TXN0003895,normal,,ACC00428,ACC00098
TXN0003896,normal,,ACC00170,ACC00098
TXN0003897,normal,,ACC00098,ACC00246
TXN0003898,normal,,ACC00334,ACC00098
TXN0003899,normal,,ACC00013,ACC00098
TXN0003900,normal,,ACC00098,ACC00482
TXN0003901,normal,,ACC00098,ACC00428
TXN0003902,normal,,ACC00098,ACC00428
TXN0003903,normal,,ACC00170,ACC00098
TXN0003904,normal,,ACC00438,ACC00098
TXN0003905,normal,,ACC00311,ACC00098
TXN0003906,normal,,ACC00098,ACC00438
TXN0003907,normal,,ACC00098,ACC00013
TXN0003908,normal,,ACC00311,ACC00098
TXN0003909,normal,,ACC00072,ACC00098
TXN0003910,normal,,ACC00098,ACC00468
TXN0003911,normal,,ACC00334,ACC00098
TXN0003912,normal,,ACC00085,ACC00098
TXN0003913,normal,,ACC00098,ACC00334
TXN0003914,normal,,ACC00438,ACC00098
TXN0003915,normal,,ACC00170,ACC00098
TXN0003916,normal,,ACC00098,ACC00438
TXN0003917,normal,,ACC00098,ACC00065
TXN0003918,normal,,ACC00164,ACC00098
TXN0003919,normal,,ACC00170,ACC00098
TXN0003920,normal,,ACC00098,ACC00065
TXN0003921,normal,,ACC00065,ACC00098
TXN0003922,normal,,ACC00098,ACC00311
TXN0003923,normal,,ACC00098,ACC00065
TXN0003924,normal,,ACC00098,ACC00065
TXN0003925,normal,,ACC00409,ACC00099
TXN0003926,normal,,ACC00438,ACC00099
TXN0003927,normal,,ACC00099,ACC00252
TXN0003928,normal,,ACC00235,ACC00099
TXN0003929,normal,,ACC00099,ACC00371
TXN0003930,normal,,ACC00099,ACC00054
TXN0003931,normal,,ACC00099,ACC00252
TXN0003932,normal,,ACC00099,ACC00118
TXN0003933,normal,,ACC00252,ACC00099
TXN0003934,normal,,ACC00241,ACC00099
TXN0003935,normal,,ACC00292,ACC00099
TXN0003936,normal,,ACC00099,ACC00489
TXN0003937,normal,,ACC00392,ACC00099
TXN0003938,normal,,ACC00099,ACC00235
TXN0003939,normal,,ACC00099,ACC00283
TXN0003940,normal,,ACC00099,ACC00036
TXN0003941,normal,,ACC00371,ACC00099
TXN0003942,normal,,ACC00252,ACC00099
TXN0003943,normal,,ACC00099,ACC00292
TXN0003944,normal,,ACC00489,ACC00099
TXN0003945,normal,,ACC00099,ACC00252
TXN0003946,normal,,ACC00099,ACC00371
TXN0003947,normal,,ACC00099,ACC00292
TXN0003948,normal,,ACC00241,ACC00099
TXN0003949,normal,,ACC00099,ACC00235
TXN0003950,normal,,ACC00394,ACC00099
TXN0003951,normal,,ACC00058,ACC00099
TXN0003952,normal,,ACC00371,ACC00099
TXN0003953,normal,,ACC00099,ACC00396
TXN0003954,normal,,ACC00396,ACC00099
TXN0003955,normal,,ACC00099,ACC00371
TXN0003956,normal,,ACC00099,ACC00396
TXN0003957,normal,,ACC00118,ACC00099
TXN0003958,normal,,ACC00371,ACC00099
TXN0003959,normal,,ACC00099,ACC00396
TXN0003960,normal,,ACC00336,ACC00099
TXN0003961,normal,,ACC00099,ACC00371
TXN0003962,normal,,ACC00252,ACC00099
TXN0003963,normal,,ACC00252,ACC00099
TXN0003964,normal,,ACC00241,ACC00099
TXN0003965,normal,,ACC00396,ACC00099
TXN0003966,normal,,ACC00099,ACC00371
TXN0003967,normal,,ACC00292,ACC00099
TXN0003968,normal,,ACC00099,ACC00118
TXN0003969,normal,,ACC00099,ACC00252
TXN0003970,normal,,ACC00292,ACC00099
TXN0003971,normal,,ACC00275,ACC00099
TXN0003972,normal,,ACC00099,ACC00371
TXN0003973,normal,,ACC00099,ACC00068
TXN0003974,normal,,ACC00170,ACC00099
TXN0003975,normal,,ACC00099,ACC00252
TXN0003976,normal,,ACC00099,ACC00235
TXN0003977,normal,,ACC00231,ACC00100
TXN0003978,normal,,ACC00100,ACC00231
TXN0003979,normal,,ACC00100,ACC00410
TXN0003980,normal,,ACC00100,ACC00294
TXN0003981,normal,,ACC00339,ACC00100
TXN0003982,normal,,ACC00100,ACC00404
TXN0003983,normal,,ACC00100,ACC00404
TXN0003984,normal,,ACC00100,ACC00404
TXN0003985,normal,,ACC00350,ACC00100
TXN0003986,normal,,ACC00282,ACC00100
TXN0003987,normal,,ACC00350,ACC00100
TXN0003988,normal,,ACC00469,ACC00100
TXN0003989,normal,,ACC00282,ACC00100
TXN0003990,normal,,ACC00075,ACC00100
TXN0003991,normal,,ACC00100,ACC00264
TXN0003992,normal,,ACC00231,ACC00100
TXN0003993,normal,,ACC00055,ACC00100
TXN0003994,normal,,ACC00100,ACC00282
TXN0003995,normal,,ACC00231,ACC00100
TXN0003996,normal,,ACC00100,ACC00160
TXN0003997,normal,,ACC00101,ACC00220
TXN0003998,normal,,ACC00101,ACC00292
TXN0003999,normal,,ACC00088,ACC00101
TXN0004000,normal,,ACC00199,ACC00101
TXN0004001,normal,,ACC00188,ACC00101
TXN0004002,normal,,ACC00101,ACC00199
TXN0004003,normal,,ACC00199,ACC00101
TXN0004004,normal,,ACC00199,ACC00101
TXN0004005,normal,,ACC00335,ACC00101
TXN0004006,normal,,ACC00101,ACC00070
TXN0004007,normal,,ACC00299,ACC00101
TXN0004008,normal,,ACC00070,ACC00101
TXN0004009,normal,,ACC00101,ACC00220
TXN0004010,normal,,ACC00101,ACC00220
TXN0004011,normal,,ACC00101,ACC00088
TXN0004012,normal,,ACC00101,ACC00426
TXN0004013,normal,,ACC00147,ACC00101
TXN0004014,normal,,ACC00101,ACC00088
TXN0004015,normal,,ACC00101,ACC00465
TXN0004016,normal,,ACC00101,ACC00301
TXN0004017,normal,,ACC00199,ACC00101
TXN0004018,normal,,ACC00101,ACC00070
TXN0004019,normal,,ACC00101,ACC00382
TXN0004020,normal,,ACC00199,ACC00101
TXN0004021,normal,,ACC00088,ACC00101
TXN0004022,normal,,ACC00299,ACC00101
TXN0004023,normal,,ACC00465,ACC00101
TXN0004024,normal,,ACC00279,ACC00101
TXN0004025,normal,,ACC00101,ACC00382
TXN0004026,normal,,ACC00299,ACC00101
TXN0004027,normal,,ACC00176,ACC00101
TXN0004028,normal,,ACC00101,ACC00220
TXN0004029,normal,,ACC00382,ACC00101
TXN0004030,normal,,ACC00088,ACC00101
TXN0004031,normal,,ACC00101,ACC00070
TXN0004032,normal,,ACC00070,ACC00101
TXN0004033,normal,,ACC00219,ACC00101
TXN0004034,normal,,ACC00101,ACC00095
TXN0004035,normal,,ACC00101,ACC00348
TXN0004036,normal,,ACC00101,ACC00199
TXN0004037,normal,,ACC00102,ACC00056
TXN0004038,normal,,ACC00102,ACC00197
TXN0004039,normal,,ACC00029,ACC00102
TXN0004040,normal,,ACC00020,ACC00102
TXN0004041,normal,,ACC00056,ACC00102
TXN0004042,normal,,ACC00020,ACC00102
TXN0004043,normal,,ACC00065,ACC00102
TXN0004044,normal,,ACC00102,ACC00108
TXN0004045,normal,,ACC00102,ACC00301
TXN0004046,normal,,ACC00102,ACC00020
TXN0004047,normal,,ACC00056,ACC00102
TXN0004048,normal,,ACC00102,ACC00108
TXN0004049,normal,,ACC00102,ACC00301
TXN0004050,normal,,ACC00436,ACC00102
TXN0004051,normal,,ACC00102,ACC00488
TXN0004052,normal,,ACC00102,ACC00177
TXN0004053,normal,,ACC00102,ACC00108
TXN0004054,normal,,ACC00102,ACC00131
TXN0004055,normal,,ACC00102,ACC00301
TXN0004056,normal,,ACC00102,ACC00045
TXN0004057,normal,,ACC00020,ACC00102
TXN0004058,normal,,ACC00020,ACC00102
TXN0004059,normal,,ACC00089,ACC00102
TXN0004060,normal,,ACC00102,ACC00056
TXN0004061,normal,,ACC00102,ACC00436
TXN0004062,normal,,ACC00056,ACC00102
TXN0004063,normal,,ACC00131,ACC00102
TXN0004064,normal,,ACC00102,ACC00020
TXN0004065,normal,,ACC00391,ACC00102
TXN0004066,normal,,ACC00029,ACC00102
TXN0004067,normal,,ACC00436,ACC00102
TXN0004068,normal,,ACC00108,ACC00102
TXN0004069,normal,,ACC00102,ACC00061
TXN0004070,normal,,ACC00102,ACC00089
TXN0004071,normal,,ACC00102,ACC00056
TXN0004072,normal,,ACC00436,ACC00102
TXN0004073,normal,,ACC00131,ACC00102
TXN0004074,normal,,ACC00102,ACC00056
TXN0004075,normal,,ACC00294,ACC00102
TXN0004076,normal,,ACC00102,ACC00089
TXN0004077,normal,,ACC00102,ACC00056
TXN0004078,normal,,ACC00020,ACC00102
TXN0004079,normal,,ACC00102,ACC00020
TXN0004080,normal,,ACC00102,ACC00131
TXN0004081,normal,,ACC00131,ACC00102
TXN0004082,normal,,ACC00102,ACC00436
TXN0004083,normal,,ACC00108,ACC00102
TXN0004084,normal,,ACC00108,ACC00102
TXN0004085,normal,,ACC00102,ACC00108
TXN0004086,normal,,ACC00056,ACC00102
TXN0004087,normal,,ACC00102,ACC00029
TXN0004088,normal,,ACC00131,ACC00102
TXN0004089,normal,,ACC00102,ACC00131
TXN0004090,normal,,ACC00056,ACC00102
TXN0004091,normal,,ACC00102,ACC00131
TXN0004092,normal,,ACC00436,ACC00102
TXN0004093,normal,,ACC00056,ACC00102
TXN0004094,normal,,ACC00102,ACC00020
TXN0004095,normal,,ACC00103,ACC00171
TXN0004096,normal,,ACC00287,ACC00103
TXN0004097,normal,,ACC00132,ACC00103
TXN0004098,normal,,ACC00103,ACC00130
TXN0004099,normal,,ACC00318,ACC00103
TXN0004100,normal,,ACC00103,ACC00297
TXN0004101,normal,,ACC00234,ACC00103
TXN0004102,normal,,ACC00132,ACC00103
TXN0004103,normal,,ACC00103,ACC00297
TXN0004104,normal,,ACC00103,ACC00171
TXN0004105,normal,,ACC00171,ACC00103
TXN0004106,normal,,ACC00282,ACC00103
TXN0004107,normal,,ACC00439,ACC00103
TXN0004108,normal,,ACC00103,ACC00291
TXN0004109,normal,,ACC00014,ACC00103
TXN0004110,normal,,ACC00103,ACC00351
TXN0004111,normal,,ACC00103,ACC00297
TXN0004112,normal,,ACC00103,ACC00291
TXN0004113,normal,,ACC00297,ACC00103
TXN0004114,normal,,ACC00287,ACC00103
TXN0004115,normal,,ACC00291,ACC00103
TXN0004116,normal,,ACC00103,ACC00132
TXN0004117,normal,,ACC00103,ACC00014
TXN0004118,normal,,ACC00103,ACC00297
TXN0004119,normal,,ACC00103,ACC00299
TXN0004120,normal,,ACC00103,ACC00132
TXN0004121,normal,,ACC00103,ACC00291
TXN0004122,normal,,ACC00137,ACC00103
TXN0004123,normal,,ACC00171,ACC00103
TXN0004124,normal,,ACC00103,ACC00417
TXN0004125,normal,,ACC00132,ACC00103
TXN0004126,normal,,ACC00103,ACC00171
TXN0004127,normal,,ACC00014,ACC00103
TXN0004128,normal,,ACC00297,ACC00103
TXN0004129,normal,,ACC00103,ACC00318
TXN0004130,normal,,ACC00103,ACC00137
TXN0004131,normal,,ACC00171,ACC00103
TXN0004132,normal,,ACC00103,ACC00215
TXN0004133,normal,,ACC00318,ACC00103
TXN0004134,normal,,ACC00103,ACC00291
TXN0004135,normal,,ACC00103,ACC00171
TXN0004136,normal,,ACC00103,ACC00297
TXN0004137,normal,,ACC00103,ACC00316
TXN0004138,normal,,ACC00104,ACC00148
TXN0004139,normal,,ACC00160,ACC00104
TXN0004140,normal,,ACC00278,ACC00104
TXN0004141,normal,,ACC00104,ACC00090
TXN0004142,normal,,ACC00081,ACC00104
TXN0004143,normal,,ACC00356,ACC00104
TXN0004144,normal,,ACC00081,ACC00104
TXN0004145,normal,,ACC00090,ACC00104
TXN0004146,normal,,ACC00104,ACC00090
TXN0004147,normal,,ACC00104,ACC00258
TXN0004148,normal,,ACC00276,ACC00104
TXN0004149,normal,,ACC00388,ACC00104
TXN0004150,normal,,ACC00457,ACC00104
TXN0004151,normal,,ACC00437,ACC00104
TXN0004152,normal,,ACC00104,ACC00457
TXN0004153,normal,,ACC00391,ACC00104
TXN0004154,normal,,ACC00104,ACC00090
TXN0004155,normal,,ACC00104,ACC00012
TXN0004156,normal,,ACC00104,ACC00090
TXN0004157,normal,,ACC00276,ACC00104
TXN0004158,normal,,ACC00104,ACC00258
TXN0004159,normal,,ACC00104,ACC00160
TXN0004160,normal,,ACC00104,ACC00356
TXN0004161,normal,,ACC00104,ACC00391
TXN0004162,normal,,ACC00104,ACC00081
TXN0004163,normal,,ACC00160,ACC00104
TXN0004164,normal,,ACC00457,ACC00104
TXN0004165,normal,,ACC00081,ACC00104
TXN0004166,normal,,ACC00457,ACC00104
TXN0004167,normal,,ACC00104,ACC00217
TXN0004168,normal,,ACC00104,ACC00457
TXN0004169,normal,,ACC00276,ACC00104
TXN0004170,normal,,ACC00104,ACC00356
TXN0004171,normal,,ACC00104,ACC00276
TXN0004172,normal,,ACC00104,ACC00160
TXN0004173,normal,,ACC00104,ACC00276
TXN0004174,normal,,ACC00104,ACC00356
TXN0004175,normal,,ACC00104,ACC00356
TXN0004176,normal,,ACC00081,ACC00104
TXN0004177,normal,,ACC00104,ACC00258
TXN0004178,normal,,ACC00457,ACC00104
TXN0004179,normal,,ACC00276,ACC00104
TXN0004180,normal,,ACC00104,ACC00160
TXN0004181,normal,,ACC00492,ACC00104
TXN0004182,normal,,ACC00457,ACC00104
TXN0004183,normal,,ACC00104,ACC00457
TXN0004184,normal,,ACC00398,ACC00104
TXN0004185,normal,,ACC00104,ACC00457
TXN0004186,normal,,ACC00105,ACC00193
TXN0004187,normal,,ACC00365,ACC00105
TXN0004188,normal,,ACC00105,ACC00466
TXN0004189,normal,,ACC00105,ACC00193
TXN0004190,normal,,ACC00253,ACC00105
TXN0004191,normal,,ACC00105,ACC00365
TXN0004192,normal,,ACC00105,ACC00428
TXN0004193,normal,,ACC00187,ACC00105
TXN0004194,normal,,ACC00153,ACC00105
TXN0004195,normal,,ACC00165,ACC00105
TXN0004196,normal,,ACC00105,ACC00337
TXN0004197,normal,,ACC00428,ACC00105
TXN0004198,normal,,ACC00253,ACC00105
TXN0004199,normal,,ACC00105,ACC00365
TXN0004200,normal,,ACC00365,ACC00105
TXN0004201,normal,,ACC00105,ACC00428
TXN0004202,normal,,ACC00105,ACC00428
TXN0004203,normal,,ACC00193,ACC00105
TXN0004204,normal,,ACC00253,ACC00105
TXN0004205,normal,,ACC00026,ACC00105
TXN0004206,normal,,ACC00348,ACC00106
TXN0004207,normal,,ACC00348,ACC00106
TXN0004208,normal,,ACC00374,ACC00106
TXN0004209,normal,,ACC00121,ACC00106
TXN0004210,normal,,ACC00416,ACC00106
TXN0004211,normal,,ACC00106,ACC00044
TXN0004212,normal,,ACC00048,ACC00106
TXN0004213,normal,,ACC00186,ACC00106
TXN0004214,normal,,ACC00106,ACC00213
TXN0004215,normal,,ACC00136,ACC00106
TXN0004216,normal,,ACC00097,ACC00106
TXN0004217,normal,,ACC00106,ACC00213
TXN0004218,normal,,ACC00348,ACC00106
TXN0004219,normal,,ACC00196,ACC00106
TXN0004220,normal,,ACC00348,ACC00106
TXN0004221,normal,,ACC00097,ACC00106
TXN0004222,normal,,ACC00106,ACC00156
TXN0004223,normal,,ACC00186,ACC00106
TXN0004224,normal,,ACC00106,ACC00497
TXN0004225,normal,,ACC00071,ACC00106
TXN0004226,normal,,ACC00106,ACC00097
TXN0004227,normal,,ACC00106,ACC00402
TXN0004228,normal,,ACC00196,ACC00106
TXN0004229,normal,,ACC00156,ACC00106
TXN0004230,normal,,ACC00106,ACC00097
TXN0004231,normal,,ACC00156,ACC00106
TXN0004232,normal,,ACC00196,ACC00106
TXN0004233,normal,,ACC00186,ACC00106
TXN0004234,normal,,ACC00186,ACC00106
TXN0004235,normal,,ACC00348,ACC00106
TXN0004236,normal,,ACC00106,ACC00472
TXN0004237,normal,,ACC00156,ACC00106
TXN0004238,normal,,ACC00432,ACC00106
TXN0004239,normal,,ACC00416,ACC00106
TXN0004240,normal,,ACC00106,ACC00416
TXN0004241,normal,,ACC00097,ACC00106
TXN0004242,normal,,ACC00106,ACC00348
TXN0004243,normal,,ACC00186,ACC00106
TXN0004244,normal,,ACC00106,ACC00348
TXN0004245,normal,,ACC00348,ACC00106
TXN0004246,normal,,ACC00213,ACC00106
TXN0004247,normal,,ACC00106,ACC00348
TXN0004248,normal,,ACC00081,ACC00106
TXN0004249,normal,,ACC00106,ACC00213
TXN0004250,normal,,ACC00106,ACC00416
TXN0004251,normal,,ACC00081,ACC00106
TXN0004252,normal,,ACC00106,ACC00156
TXN0004253,normal,,ACC00416,ACC00106
TXN0004254,normal,,ACC00183,ACC00106
TXN0004255,normal,,ACC00196,ACC00106
TXN0004256,normal,,ACC00106,ACC00213
TXN0004257,normal,,ACC00194,ACC00106
TXN0004258,normal,,ACC00107,ACC00335
TXN0004259,normal,,ACC00065,ACC00107
TXN0004260,normal,,ACC00107,ACC00335
TXN0004261,normal,,ACC00496,ACC00107
TXN0004262,normal,,ACC00107,ACC00355
TXN0004263,normal,,ACC00387,ACC00107
TXN0004264,normal,,ACC00107,ACC00323
TXN0004265,normal,,ACC00107,ACC00018
TXN0004266,normal,,ACC00171,ACC00107
TXN0004267,normal,,ACC00051,ACC00107
TXN0004268,normal,,ACC00107,ACC00496
TXN0004269,normal,,ACC00381,ACC00107
TXN0004270,normal,,ACC00107,ACC00067
TXN0004271,normal,,ACC00107,ACC00058
TXN0004272,normal,,ACC00107,ACC00394
TXN0004273,normal,,ACC00440,ACC00107
TXN0004274,normal,,ACC00355,ACC00107
TXN0004275,normal,,ACC00107,ACC00051
TXN0004276,normal,,ACC00355,ACC00107
TXN0004277,normal,,ACC00107,ACC00394
TXN0004278,normal,,ACC00440,ACC00107
TXN0004279,normal,,ACC00379,ACC00107
TXN0004280,normal,,ACC00400,ACC00107
TXN0004281,normal,,ACC00107,ACC00440
TXN0004282,normal,,ACC00374,ACC00107
TXN0004283,normal,,ACC00107,ACC00335
TXN0004284,normal,,ACC00496,ACC00107
TXN0004285,normal,,ACC00065,ACC00107
TXN0004286,normal,,ACC00394,ACC00107
TXN0004287,normal,,ACC00051,ACC00107
TXN0004288,normal,,ACC00107,ACC00493
TXN0004289,normal,,ACC00107,ACC00440
TXN0004290,normal,,ACC00107,ACC00355
TXN0004291,normal,,ACC00107,ACC00496
TXN0004292,normal,,ACC00300,ACC00107
TXN0004293,normal,,ACC00107,ACC00440
TXN0004294,normal,,ACC00374,ACC00107
TXN0004295,normal,,ACC00107,ACC00344
TXN0004296,normal,,ACC00107,ACC00065
TXN0004297,normal,,ACC00107,ACC00374
TXN0004298,normal,,ACC00065,ACC00107
TXN0004299,normal,,ACC00065,ACC00107
TXN0004300,normal,,ACC00051,ACC00107
TXN0004301,normal,,ACC00335,ACC00107
TXN0004302,normal,,ACC00107,ACC00440
TXN0004303,normal,,ACC00355,ACC00107
TXN0004304,normal,,ACC00107,ACC00394
TXN0004305,normal,,ACC00107,ACC00011
TXN0004306,normal,,ACC00065,ACC00107
TXN0004307,normal,,ACC00362,ACC00107
TXN0004308,normal,,ACC00107,ACC00065
TXN0004309,normal,,ACC00107,ACC00335
TXN0004310,normal,,ACC00107,ACC00496
TXN0004311,normal,,ACC00480,ACC00107
TXN0004312,normal,,ACC00394,ACC00107
TXN0004313,normal,,ACC00107,ACC00204
TXN0004314,normal,,ACC00107,ACC00440
TXN0004315,normal,,ACC00394,ACC00107
TXN0004316,normal,,ACC00441,ACC00108
TXN0004317,normal,,ACC00205,ACC00108
TXN0004318,normal,,ACC00100,ACC00108
TXN0004319,normal,,ACC00021,ACC00108
TXN0004320,normal,,ACC00181,ACC00108
TXN0004321,normal,,ACC00181,ACC00108
TXN0004322,normal,,ACC00108,ACC00021
TXN0004323,normal,,ACC00108,ACC00159
TXN0004324,normal,,ACC00108,ACC00181
TXN0004325,normal,,ACC00100,ACC00108
TXN0004326,normal,,ACC00108,ACC00472
TXN0004327,normal,,ACC00021,ACC00108
TXN0004328,normal,,ACC00441,ACC00108
TXN0004329,normal,,ACC00108,ACC00441
TXN0004330,normal,,ACC00472,ACC00108
TXN0004331,normal,,ACC00108,ACC00414
TXN0004332,normal,,ACC00108,ACC00159
TXN0004333,normal,,ACC00101,ACC00108
TXN0004334,normal,,ACC00108,ACC00265
TXN0004335,normal,,ACC00108,ACC00002
TXN0004336,normal,,ACC00108,ACC00181
TXN0004337,normal,,ACC00021,ACC00108
TXN0004338,normal,,ACC00100,ACC00108
TXN0004339,normal,,ACC00336,ACC00108
TXN0004340,normal,,ACC00108,ACC00441
TXN0004341,normal,,ACC00159,ACC00108
TXN0004342,normal,,ACC00472,ACC00108
TXN0004343,normal,,ACC00100,ACC00108
TXN0004344,normal,,ACC00441,ACC00108
TXN0004345,normal,,ACC00159,ACC00108
TXN0004346,normal,,ACC00108,ACC00348
TXN0004347,normal,,ACC00002,ACC00108
TXN0004348,normal,,ACC00217,ACC00108
TXN0004349,normal,,ACC00108,ACC00181
TXN0004350,normal,,ACC00100,ACC00108
TXN0004351,normal,,ACC00472,ACC00108
TXN0004352,normal,,ACC00414,ACC00108
TXN0004353,normal,,ACC00441,ACC00108
TXN0004354,normal,,ACC00108,ACC00181
TXN0004355,normal,,ACC00108,ACC00159
TXN0004356,normal,,ACC00108,ACC00100
TXN0004357,normal,,ACC00108,ACC00100
TXN0004358,normal,,ACC00108,ACC00414
TXN0004359,normal,,ACC00108,ACC00414
TXN0004360,normal,,ACC00108,ACC00159
TXN0004361,normal,,ACC00108,ACC00002
TXN0004362,normal,,ACC00196,ACC00108
TXN0004363,normal,,ACC00100,ACC00108
TXN0004364,normal,,ACC00108,ACC00472
TXN0004365,normal,,ACC00108,ACC00002
TXN0004366,normal,,ACC00181,ACC00108
TXN0004367,normal,,ACC00109,ACC00383
TXN0004368,normal,,ACC00374,ACC00109
TXN0004369,normal,,ACC00109,ACC00012
TXN0004370,normal,,ACC00204,ACC00109
TXN0004371,normal,,ACC00384,ACC00109
TXN0004372,normal,,ACC00107,ACC00109
TXN0004373,normal,,ACC00109,ACC00012
TXN0004374,normal,,ACC00374,ACC00109
TXN0004375,normal,,ACC00109,ACC00384
TXN0004376,normal,,ACC00384,ACC00109
TXN0004377,normal,,ACC00012,ACC00109
TXN0004378,normal,,ACC00374,ACC00109
TXN0004379,normal,,ACC00228,ACC00109
TXN0004380,normal,,ACC00498,ACC00109
TXN0004381,normal,,ACC00109,ACC00228
TXN0004382,normal,,ACC00109,ACC00374
TXN0004383,normal,,ACC00228,ACC00109
TXN0004384,normal,,ACC00109,ACC00353
TXN0004385,normal,,ACC00109,ACC00370
TXN0004386,normal,,ACC00109,ACC00012
TXN0004387,normal,,ACC00012,ACC00109
TXN0004388,normal,,ACC00109,ACC00107
TXN0004389,normal,,ACC00109,ACC00370
TXN0004390,normal,,ACC00023,ACC00109
TXN0004391,normal,,ACC00209,ACC00109
TXN0004392,normal,,ACC00370,ACC00109
TXN0004393,normal,,ACC00109,ACC00012
TXN0004394,normal,,ACC00109,ACC00384
TXN0004395,normal,,ACC00374,ACC00109
TXN0004396,normal,,ACC00109,ACC00204
TXN0004397,normal,,ACC00109,ACC00204
TXN0004398,normal,,ACC00012,ACC00109
TXN0004399,normal,,ACC00048,ACC00109
TXN0004400,normal,,ACC00370,ACC00109
TXN0004401,normal,,ACC00228,ACC00109
TXN0004402,normal,,ACC00109,ACC00174
TXN0004403,normal,,ACC00228,ACC00109
TXN0004404,normal,,ACC00109,ACC00107
TXN0004405,normal,,ACC00498,ACC00109
TXN0004406,normal,,ACC00109,ACC00384
TXN0004407,normal,,ACC00109,ACC00370
TXN0004408,normal,,ACC00039,ACC00109
TXN0004409,normal,,ACC00022,ACC00110
TXN0004410,normal,,ACC00038,ACC00110
TXN0004411,normal,,ACC00110,ACC00484
TXN0004412,normal,,ACC00110,ACC00442
TXN0004413,normal,,ACC00405,ACC00110
TXN0004414,normal,,ACC00494,ACC00110
TXN0004415,normal,,ACC00110,ACC00221
TXN0004416,normal,,ACC00110,ACC00442
TXN0004417,normal,,ACC00070,ACC00110
TXN0004418,normal,,ACC00316,ACC00110
TXN0004419,normal,,ACC00110,ACC00484
TXN0004420,normal,,ACC00110,ACC00022
TXN0004421,normal,,ACC00448,ACC00110
TXN0004422,normal,,ACC00070,ACC00110
TXN0004423,normal,,ACC00442,ACC00110
TXN0004424,normal,,ACC00110,ACC00022
TXN0004425,normal,,ACC00110,ACC00407
TXN0004426,normal,,ACC00070,ACC00110
TXN0004427,normal,,ACC00442,ACC00110
TXN0004428,normal,,ACC00397,ACC00110
TXN0004429,normal,,ACC00110,ACC00141
TXN0004430,normal,,ACC00110,ACC00484
TXN0004431,normal,,ACC00484,ACC00110
TXN0004432,normal,,ACC00022,ACC00110
TXN0004433,normal,,ACC00290,ACC00110
TXN0004434,normal,,ACC00111,ACC00336
TXN0004435,normal,,ACC00111,ACC00092
TXN0004436,normal,,ACC00142,ACC00111
TXN0004437,normal,,ACC00111,ACC00100
TXN0004438,normal,,ACC00111,ACC00142
TXN0004439,normal,,ACC00165,ACC00111
TXN0004440,normal,,ACC00041,ACC00111
TXN0004441,normal,,ACC00111,ACC00142
TXN0004442,normal,,ACC00111,ACC00251
TXN0004443,normal,,ACC00111,ACC00142
TXN0004444,normal,,ACC00251,ACC00111
TXN0004445,normal,,ACC00021,ACC00111
TXN0004446,normal,,ACC00111,ACC00106
TXN0004447,normal,,ACC00111,ACC00134
TXN0004448,normal,,ACC00001,ACC00111
TXN0004449,normal,,ACC00160,ACC00111
TXN0004450,normal,,ACC00313,ACC00111
TXN0004451,normal,,ACC00313,ACC00111
TXN0004452,normal,,ACC00111,ACC00021
TXN0004453,normal,,ACC00111,ACC00142
TXN0004454,normal,,ACC00111,ACC00251
TXN0004455,normal,,ACC00021,ACC00111
TXN0004456,normal,,ACC00073,ACC00111
TXN0004457,normal,,ACC00073,ACC00111
TXN0004458,normal,,ACC00336,ACC00111
TXN0004459,normal,,ACC00073,ACC00111
TXN0004460,normal,,ACC00041,ACC00111
TXN0004461,normal,,ACC00111,ACC00073
TXN0004462,normal,,ACC00111,ACC00251
TXN0004463,normal,,ACC00445,ACC00111
TXN0004464,normal,,ACC00336,ACC00111
TXN0004465,normal,,ACC00111,ACC00073
TXN0004466,normal,,ACC00142,ACC00111
TXN0004467,normal,,ACC00041,ACC00111
TXN0004468,normal,,ACC00111,ACC00215
TXN0004469,normal,,ACC00111,ACC00251
TXN0004470,normal,,ACC00073,ACC00111
TXN0004471,normal,,ACC00111,ACC00021
TXN0004472,normal,,ACC00111,ACC00336
TXN0004473,normal,,ACC00251,ACC00111
TXN0004474,normal,,ACC00111,ACC00227
TXN0004475,normal,,ACC00251,ACC00111
TXN0004476,normal,,ACC00111,ACC00041
TXN0004477,normal,,ACC00111,ACC00313
TXN0004478,normal,,ACC00142,ACC00111
TXN0004479,normal,,ACC00111,ACC00251
TXN0004480,normal,,ACC00073,ACC00111
TXN0004481,normal,,ACC00111,ACC00021
TXN0004482,normal,,ACC00111,ACC00184
TXN0004483,normal,,ACC00111,ACC00073
TXN0004484,normal,,ACC00111,ACC00110
TXN0004485,normal,,ACC00404,ACC00112
TXN0004486,normal,,ACC00112,ACC00126
TXN0004487,normal,,ACC00112,ACC00187
TXN0004488,normal,,ACC00118,ACC00112
TXN0004489,normal,,ACC00063,ACC00112
TXN0004490,normal,,ACC00112,ACC00351
TXN0004491,normal,,ACC00112,ACC00187
TXN0004492,normal,,ACC00126,ACC00112
TXN0004493,normal,,ACC00112,ACC00108
TXN0004494,normal,,ACC00112,ACC00118
TXN0004495,normal,,ACC00112,ACC00126
TXN0004496,normal,,ACC00421,ACC00112
TXN0004497,normal,,ACC00112,ACC00126
TXN0004498,normal,,ACC00421,ACC00112
TXN0004499,normal,,ACC00112,ACC00126
TXN0004500,normal,,ACC00283,ACC00112
TXN0004501,normal,,ACC00112,ACC00351
TXN0004502,normal,,ACC00112,ACC00259
TXN0004503,normal,,ACC00187,ACC00112
TXN0004504,normal,,ACC00437,ACC00112
TXN0004505,normal,,ACC00371,ACC00112
TXN0004506,normal,,ACC00462,ACC00113
TXN0004507,normal,,ACC00113,ACC00462
TXN0004508,normal,,ACC00113,ACC00341
TXN0004509,normal,,ACC00113,ACC00410
TXN0004510,normal,,ACC00086,ACC00113
TXN0004511,normal,,ACC00113,ACC00341
TXN0004512,normal,,ACC00019,ACC00113
TXN0004513,normal,,ACC00339,ACC00113
TXN0004514,normal,,ACC00207,ACC00113
TXN0004515,normal,,ACC00496,ACC00113
TXN0004516,normal,,ACC00113,ACC00339
TXN0004517,normal,,ACC00113,ACC00391
TXN0004518,normal,,ACC00113,ACC00496
TXN0004519,normal,,ACC00019,ACC00113
TXN0004520,normal,,ACC00341,ACC00113
TXN0004521,normal,,ACC00113,ACC00462
TXN0004522,normal,,ACC00086,ACC00113
TXN0004523,normal,,ACC00113,ACC00086
TXN0004524,normal,,ACC00113,ACC00207
TXN0004525,normal,,ACC00113,ACC00019
TXN0004526,normal,,ACC00113,ACC00341
TXN0004527,normal,,ACC00113,ACC00339
TXN0004528,normal,,ACC00362,ACC00113
TXN0004529,normal,,ACC00113,ACC00341
TXN0004530,normal,,ACC00113,ACC00086
TXN0004531,normal,,ACC00113,ACC00019
TXN0004532,normal,,ACC00113,ACC00341
TXN0004533,normal,,ACC00113,ACC00339
TXN0004534,normal,,ACC00339,ACC00113
TXN0004535,normal,,ACC00319,ACC00113
TXN0004536,normal,,ACC00496,ACC00113
TXN0004537,normal,,ACC00113,ACC00341
TXN0004538,normal,,ACC00496,ACC00113
TXN0004539,normal,,ACC00113,ACC00339
TXN0004540,normal,,ACC00339,ACC00113
TXN0004541,normal,,ACC00113,ACC00496
TXN0004542,normal,,ACC00247,ACC00113
TXN0004543,normal,,ACC00019,ACC00113
TXN0004544,normal,,ACC00113,ACC00496
TXN0004545,normal,,ACC00496,ACC00113
TXN0004546,normal,,ACC00462,ACC00113
TXN0004547,normal,,ACC00462,ACC00113
TXN0004548,normal,,ACC00113,ACC00207
TXN0004549,normal,,ACC00496,ACC00113
TXN0004550,normal,,ACC00113,ACC00391
TXN0004551,normal,,ACC00391,ACC00113
TXN0004552,normal,,ACC00113,ACC00339
TXN0004553,normal,,ACC00113,ACC00086
TXN0004554,normal,,ACC00086,ACC00113
TXN0004555,normal,,ACC00113,ACC00019
TXN0004556,normal,,ACC00391,ACC00113
TXN0004557,normal,,ACC00114,ACC00015
TXN0004558,normal,,ACC00114,ACC00450
TXN0004559,normal,,ACC00022,ACC00114
TXN0004560,normal,,ACC00114,ACC00452
TXN0004561,normal,,ACC00233,ACC00114
TXN0004562,normal,,ACC00114,ACC00475
TXN0004563,normal,,ACC00472,ACC00114
TXN0004564,normal,,ACC00381,ACC00114
TXN0004565,normal,,ACC00114,ACC00022
TXN0004566,normal,,ACC00022,ACC00114
TXN0004567,normal,,ACC00114,ACC00143
TXN0004568,normal,,ACC00114,ACC00358
TXN0004569,normal,,ACC00114,ACC00143
TXN0004570,normal,,ACC00270,ACC00114
TXN0004571,normal,,ACC00270,ACC00114
TXN0004572,normal,,ACC00143,ACC00114
TXN0004573,normal,,ACC00358,ACC00114
TXN0004574,normal,,ACC00381,ACC00114
TXN0004575,normal,,ACC00114,ACC00242
TXN0004576,normal,,ACC00157,ACC00114
TXN0004577,normal,,ACC00206,ACC00114
TXN0004578,normal,,ACC00114,ACC00270
TXN0004579,normal,,ACC00022,ACC00114
TXN0004580,normal,,ACC00114,ACC00129
TXN0004581,normal,,ACC00114,ACC00196
TXN0004582,normal,,ACC00472,ACC00114
TXN0004583,normal,,ACC00114,ACC00138
TXN0004584,normal,,ACC00114,ACC00022
TXN0004585,normal,,ACC00114,ACC00414
TXN0004586,normal,,ACC00472,ACC00114
TXN0004587,normal,,ACC00196,ACC00114
TXN0004588,normal,,ACC00381,ACC00114
TXN0004589,normal,,ACC00143,ACC00114
TXN0004590,normal,,ACC00472,ACC00114
TXN0004591,normal,,ACC00358,ACC00114
TXN0004592,normal,,ACC00138,ACC00114
TXN0004593,normal,,ACC00382,ACC00114
TXN0004594,normal,,ACC00114,ACC00018
TXN0004595,normal,,ACC00114,ACC00358
TXN0004596,normal,,ACC00114,ACC00358
TXN0004597,normal,,ACC00312,ACC00114
TXN0004598,normal,,ACC00114,ACC00270
TXN0004599,normal,,ACC00185,ACC00114
TXN0004600,normal,,ACC00114,ACC00127
TXN0004601,normal,,ACC00114,ACC00358
TXN0004602,normal,,ACC00114,ACC00351
TXN0004603,normal,,ACC00114,ACC00358
TXN0004604,normal,,ACC00114,ACC00022
TXN0004605,normal,,ACC00196,ACC00114
TXN0004606,normal,,ACC00065,ACC00114
TXN0004607,normal,,ACC00402,ACC00114
TXN0004608,normal,,ACC00114,ACC00179
TXN0004609,normal,,ACC00114,ACC00358
TXN0004610,normal,,ACC00483,ACC00115
TXN0004611,normal,,ACC00193,ACC00115
TXN0004612,normal,,ACC00417,ACC00115
TXN0004613,normal,,ACC00115,ACC00438
TXN0004614,normal,,ACC00302,ACC00115
TXN0004615,normal,,ACC00115,ACC00105
TXN0004616,normal,,ACC00105,ACC00115
TXN0004617,normal,,ACC00115,ACC00271
TXN0004618,normal,,ACC00115,ACC00483
TXN0004619,normal,,ACC00271,ACC00115
TXN0004620,normal,,ACC00302,ACC00115
TXN0004621,normal,,ACC00115,ACC00483
TXN0004622,normal,,ACC00115,ACC00483
TXN0004623,normal,,ACC00483,ACC00115
TXN0004624,normal,,ACC00302,ACC00115
TXN0004625,normal,,ACC00077,ACC00115
TXN0004626,normal,,ACC00115,ACC00302
TXN0004627,normal,,ACC00115,ACC00077
TXN0004628,normal,,ACC00115,ACC00129
TXN0004629,normal,,ACC00455,ACC00115
TXN0004630,normal,,ACC00271,ACC00115
TXN0004631,normal,,ACC00271,ACC00115
TXN0004632,normal,,ACC00115,ACC00302
TXN0004633,normal,,ACC00115,ACC00077
TXN0004634,normal,,ACC00455,ACC00115
TXN0004635,normal,,ACC00115,ACC00455
TXN0004636,normal,,ACC00115,ACC00079
TXN0004637,normal,,ACC00105,ACC00115
TXN0004638,normal,,ACC00115,ACC00417
TXN0004639,normal,,ACC00271,ACC00115
TXN0004640,normal,,ACC00115,ACC00483
TXN0004641,normal,,ACC00115,ACC00412
TXN0004642,normal,,ACC00115,ACC00341
TXN0004643,normal,,ACC00115,ACC00385
TXN0004644,normal,,ACC00115,ACC00455
TXN0004645,normal,,ACC00385,ACC00115
TXN0004646,normal,,ACC00115,ACC00105
TXN0004647,normal,,ACC00115,ACC00302
TXN0004648,normal,,ACC00115,ACC00417
TXN0004649,normal,,ACC00417,ACC00115
TXN0004650,normal,,ACC00483,ACC00115
TXN0004651,normal,,ACC00417,ACC00115
TXN0004652,normal,,ACC00115,ACC00089
TXN0004653,normal,,ACC00116,ACC00223
TXN0004654,normal,,ACC00342,ACC00116
TXN0004655,normal,,ACC00098,ACC00116
TXN0004656,normal,,ACC00116,ACC00349
TXN0004657,normal,,ACC00123,ACC00116
TXN0004658,normal,,ACC00349,ACC00116
TXN0004659,normal,,ACC00349,ACC00116
TXN0004660,normal,,ACC00116,ACC00123
TXN0004661,normal,,ACC00116,ACC00123
TXN0004662,normal,,ACC00353,ACC00116
TXN0004663,normal,,ACC00116,ACC00123
TXN0004664,normal,,ACC00116,ACC00112
TXN0004665,normal,,ACC00116,ACC00098
TXN0004666,normal,,ACC00116,ACC00349
TXN0004667,normal,,ACC00116,ACC00377
TXN0004668,normal,,ACC00116,ACC00208
TXN0004669,normal,,ACC00098,ACC00116
TXN0004670,normal,,ACC00117,ACC00200
TXN0004671,normal,,ACC00286,ACC00117
TXN0004672,normal,,ACC00117,ACC00482
TXN0004673,normal,,ACC00117,ACC00394
TXN0004674,normal,,ACC00117,ACC00291
TXN0004675,normal,,ACC00139,ACC00117
TXN0004676,normal,,ACC00414,ACC00117
TXN0004677,normal,,ACC00435,ACC00117
TXN0004678,normal,,ACC00194,ACC00117
TXN0004679,normal,,ACC00194,ACC00117
TXN0004680,normal,,ACC00117,ACC00435
TXN0004681,normal,,ACC00068,ACC00117
TXN0004682,normal,,ACC00414,ACC00117
TXN0004683,normal,,ACC00117,ACC00470
TXN0004684,normal,,ACC00414,ACC00117
TXN0004685,normal,,ACC00118,ACC00078
TXN0004686,normal,,ACC00118,ACC00151
TXN0004687,normal,,ACC00045,ACC00118
TXN0004688,normal,,ACC00118,ACC00022
TXN0004689,normal,,ACC00022,ACC00118
TXN0004690,normal,,ACC00365,ACC00118
TXN0004691,normal,,ACC00212,ACC00118
TXN0004692,normal,,ACC00091,ACC00118
TXN0004693,normal,,ACC00118,ACC00091
TXN0004694,normal,,ACC00022,ACC00118
TXN0004695,normal,,ACC00032,ACC00118
TXN0004696,normal,,ACC00078,ACC00118
TXN0004697,normal,,ACC00118,ACC00091
TXN0004698,normal,,ACC00045,ACC00118
TXN0004699,normal,,ACC00118,ACC00111
TXN0004700,normal,,ACC00091,ACC00118
TXN0004701,normal,,ACC00118,ACC00091
TXN0004702,normal,,ACC00118,ACC00072
TXN0004703,normal,,ACC00151,ACC00118
TXN0004704,normal,,ACC00118,ACC00032
TXN0004705,normal,,ACC00118,ACC00078
TXN0004706,normal,,ACC00118,ACC00045
TXN0004707,normal,,ACC00022,ACC00118
TXN0004708,normal,,ACC00118,ACC00032
TXN0004709,normal,,ACC00263,ACC00118
TXN0004710,normal,,ACC00263,ACC00118
TXN0004711,normal,,ACC00091,ACC00118
TXN0004712,normal,,ACC00118,ACC00091
TXN0004713,normal,,ACC00118,ACC00397
TXN0004714,normal,,ACC00118,ACC00352
TXN0004715,normal,,ACC00118,ACC00499
TXN0004716,normal,,ACC00141,ACC00119
TXN0004717,normal,,ACC00447,ACC00119
TXN0004718,normal,,ACC00119,ACC00299
TXN0004719,normal,,ACC00119,ACC00358
TXN0004720,normal,,ACC00009,ACC00119
TXN0004721,normal,,ACC00119,ACC00413
TXN0004722,normal,,ACC00336,ACC00119
TXN0004723,normal,,ACC00413,ACC00119
TXN0004724,normal,,ACC00119,ACC00472
TXN0004725,normal,,ACC00119,ACC00009
TXN0004726,normal,,ACC00120,ACC00119
TXN0004727,normal,,ACC00119,ACC00472
TXN0004728,normal,,ACC00119,ACC00324
TXN0004729,normal,,ACC00413,ACC00119
TXN0004730,normal,,ACC00119,ACC00391
TXN0004731,normal,,ACC00358,ACC00119
TXN0004732,normal,,ACC00119,ACC00118
TXN0004733,normal,,ACC00119,ACC00118
TXN0004734,normal,,ACC00119,ACC00118
TXN0004735,normal,,ACC00118,ACC00119
TXN0004736,normal,,ACC00119,ACC00303
TXN0004737,normal,,ACC00119,ACC00118
TXN0004738,normal,,ACC00119,ACC00324
TXN0004739,normal,,ACC00119,ACC00413
TXN0004740,normal,,ACC00119,ACC00447
TXN0004741,normal,,ACC00119,ACC00120
TXN0004742,normal,,ACC00004,ACC00119
TXN0004743,normal,,ACC00119,ACC00120
TXN0004744,normal,,ACC00119,ACC00391
TXN0004745,normal,,ACC00119,ACC00118
TXN0004746,normal,,ACC00413,ACC00119
TXN0004747,normal,,ACC00413,ACC00119
TXN0004748,normal,,ACC00002,ACC00119
TXN0004749,normal,,ACC00358,ACC00119
TXN0004750,normal,,ACC00119,ACC00413
TXN0004751,normal,,ACC00324,ACC00119
TXN0004752,normal,,ACC00119,ACC00324
TXN0004753,normal,,ACC00119,ACC00052
TXN0004754,normal,,ACC00119,ACC00158
TXN0004755,normal,,ACC00119,ACC00120
TXN0004756,normal,,ACC00119,ACC00420
TXN0004757,normal,,ACC00119,ACC00190
TXN0004758,normal,,ACC00119,ACC00341
TXN0004759,normal,,ACC00119,ACC00391
TXN0004760,normal,,ACC00324,ACC00119
TXN0004761,normal,,ACC00119,ACC00324
TXN0004762,normal,,ACC00119,ACC00118
TXN0004763,normal,,ACC00119,ACC00472
TXN0004764,normal,,ACC00316,ACC00119
TXN0004765,normal,,ACC00119,ACC00472
TXN0004766,normal,,ACC00324,ACC00119
TXN0004767,normal,,ACC00120,ACC00042
TXN0004768,normal,,ACC00196,ACC00120
TXN0004769,normal,,ACC00120,ACC00433
TXN0004770,normal,,ACC00120,ACC00103
TXN0004771,normal,,ACC00120,ACC00458
TXN0004772,normal,,ACC00120,ACC00315
TXN0004773,normal,,ACC00120,ACC00458
TXN0004774,normal,,ACC00120,ACC00315
TXN0004775,normal,,ACC00120,ACC00358
TXN0004776,normal,,ACC00071,ACC00120
TXN0004777,normal,,ACC00358,ACC00120
TXN0004778,normal,,ACC00032,ACC00120
TXN0004779,normal,,ACC00120,ACC00433
TXN0004780,normal,,ACC00120,ACC00042
TXN0004781,normal,,ACC00120,ACC00103
TXN0004782,normal,,ACC00120,ACC00042
TXN0004783,normal,,ACC00315,ACC00120
TXN0004784,normal,,ACC00121,ACC00097
TXN0004785,normal,,ACC00121,ACC00133
TXN0004786,normal,,ACC00304,ACC00121
TXN0004787,normal,,ACC00121,ACC00141
TXN0004788,normal,,ACC00121,ACC00405
TXN0004789,normal,,ACC00018,ACC00121
TXN0004790,normal,,ACC00121,ACC00377
TXN0004791,normal,,ACC00121,ACC00141
TXN0004792,normal,,ACC00196,ACC00121
TXN0004793,normal,,ACC00018,ACC00121
TXN0004794,normal,,ACC00304,ACC00121
TXN0004795,normal,,ACC00121,ACC00265
TXN0004796,normal,,ACC00121,ACC00377
TXN0004797,normal,,ACC00121,ACC00196
TXN0004798,normal,,ACC00405,ACC00121
TXN0004799,normal,,ACC00121,ACC00018
TXN0004800,normal,,ACC00405,ACC00121
TXN0004801,normal,,ACC00377,ACC00121
TXN0004802,normal,,ACC00377,ACC00121
TXN0004803,normal,,ACC00141,ACC00121
TXN0004804,normal,,ACC00121,ACC00134
TXN0004805,normal,,ACC00377,ACC00121
TXN0004806,normal,,ACC00121,ACC00097
TXN0004807,normal,,ACC00265,ACC00121
TXN0004808,normal,,ACC00121,ACC00265
TXN0004809,normal,,ACC00121,ACC00097
TXN0004810,normal,,ACC00121,ACC00097
TXN0004811,normal,,ACC00097,ACC00121
TXN0004812,normal,,ACC00121,ACC00265
TXN0004813,normal,,ACC00304,ACC00121
TXN0004814,normal,,ACC00018,ACC00121
TXN0004815,normal,,ACC00405,ACC00121
TXN0004816,normal,,ACC00331,ACC00121
TXN0004817,normal,,ACC00405,ACC00121
TXN0004818,normal,,ACC00121,ACC00265
TXN0004819,normal,,ACC00121,ACC00299
TXN0004820,normal,,ACC00121,ACC00018
TXN0004821,normal,,ACC00121,ACC00016
TXN0004822,normal,,ACC00405,ACC00121
TXN0004823,normal,,ACC00121,ACC00196
TXN0004824,normal,,ACC00121,ACC00018
TXN0004825,normal,,ACC00121,ACC00196
TXN0004826,normal,,ACC00121,ACC00469
TXN0004827,normal,,ACC00121,ACC00097
TXN0004828,normal,,ACC00141,ACC00121
TXN0004829,normal,,ACC00121,ACC00018
TXN0004830,normal,,ACC00121,ACC00377
TXN0004831,normal,,ACC00018,ACC00121
TXN0004832,normal,,ACC00121,ACC00196
TXN0004833,normal,,ACC00121,ACC00081
TXN0004834,normal,,ACC00497,ACC00121
TXN0004835,normal,,ACC00304,ACC00121
TXN0004836,normal,,ACC00405,ACC00121
TXN0004837,normal,,ACC00304,ACC00121
TXN0004838,normal,,ACC00122,ACC00444
TXN0004839,normal,,ACC00122,ACC00499
TXN0004840,normal,,ACC00156,ACC00122
TXN0004841,normal,,ACC00010,ACC00122
TXN0004842,normal,,ACC00360,ACC00122
TXN0004843,normal,,ACC00122,ACC00071
TXN0004844,normal,,ACC00122,ACC00467
TXN0004845,normal,,ACC00156,ACC00122
TXN0004846,normal,,ACC00156,ACC00122
TXN0004847,normal,,ACC00467,ACC00122
TXN0004848,normal,,ACC00278,ACC00122
TXN0004849,normal,,ACC00360,ACC00122
TXN0004850,normal,,ACC00122,ACC00204
TXN0004851,normal,,ACC00360,ACC00122
TXN0004852,normal,,ACC00499,ACC00122
TXN0004853,normal,,ACC00242,ACC00122
TXN0004854,normal,,ACC00360,ACC00122
TXN0004855,normal,,ACC00122,ACC00337
TXN0004856,normal,,ACC00027,ACC00122
TXN0004857,normal,,ACC00122,ACC00278
TXN0004858,normal,,ACC00122,ACC00278
TXN0004859,normal,,ACC00122,ACC00417
TXN0004860,normal,,ACC00027,ACC00122
TXN0004861,normal,,ACC00242,ACC00122
TXN0004862,normal,,ACC00156,ACC00122
TXN0004863,normal,,ACC00122,ACC00027
TXN0004864,normal,,ACC00122,ACC00467
TXN0004865,normal,,ACC00156,ACC00122
TXN0004866,normal,,ACC00499,ACC00122
TXN0004867,normal,,ACC00122,ACC00027
TXN0004868,normal,,ACC00122,ACC00027
TXN0004869,normal,,ACC00404,ACC00122
TXN0004870,normal,,ACC00424,ACC00122
TXN0004871,normal,,ACC00122,ACC00467
TXN0004872,normal,,ACC00336,ACC00122
TXN0004873,normal,,ACC00159,ACC00122
TXN0004874,normal,,ACC00490,ACC00122
TXN0004875,normal,,ACC00499,ACC00122
TXN0004876,normal,,ACC00122,ACC00112
TXN0004877,normal,,ACC00467,ACC00122
TXN0004878,normal,,ACC00122,ACC00156
TXN0004879,normal,,ACC00027,ACC00122
TXN0004880,normal,,ACC00122,ACC00274
TXN0004881,normal,,ACC00027,ACC00122
TXN0004882,normal,,ACC00122,ACC00204
TXN0004883,normal,,ACC00122,ACC00027
TXN0004884,normal,,ACC00027,ACC00122
TXN0004885,normal,,ACC00360,ACC00122
TXN0004886,normal,,ACC00027,ACC00122
TXN0004887,normal,,ACC00242,ACC00122
TXN0004888,normal,,ACC00122,ACC00027
TXN0004889,normal,,ACC00122,ACC00204
TXN0004890,normal,,ACC00152,ACC00122
TXN0004891,normal,,ACC00122,ACC00467
TXN0004892,normal,,ACC00360,ACC00122
TXN0004893,normal,,ACC00242,ACC00122
TXN0004894,normal,,ACC00122,ACC00499
TXN0004895,normal,,ACC00122,ACC00467
TXN0004896,normal,,ACC00360,ACC00122
TXN0004897,normal,,ACC00360,ACC00122
TXN0004898,normal,,ACC00247,ACC00123
TXN0004899,normal,,ACC00123,ACC00239
TXN0004900,normal,,ACC00123,ACC00066
TXN0004901,normal,,ACC00406,ACC00123
TXN0004902,normal,,ACC00110,ACC00123
TXN0004903,normal,,ACC00123,ACC00258
TXN0004904,normal,,ACC00123,ACC00258
TXN0004905,normal,,ACC00110,ACC00123
TXN0004906,normal,,ACC00247,ACC00123
TXN0004907,normal,,ACC00406,ACC00123
TXN0004908,normal,,ACC00123,ACC00309
TXN0004909,normal,,ACC00123,ACC00066
TXN0004910,normal,,ACC00406,ACC00123
TXN0004911,normal,,ACC00247,ACC00123
TXN0004912,normal,,ACC00123,ACC00239
TXN0004913,normal,,ACC00066,ACC00123
TXN0004914,normal,,ACC00123,ACC00258
TXN0004915,normal,,ACC00123,ACC00110
TXN0004916,normal,,ACC00239,ACC00123
TXN0004917,normal,,ACC00123,ACC00411
TXN0004918,normal,,ACC00239,ACC00123
TXN0004919,normal,,ACC00123,ACC00040
TXN0004920,normal,,ACC00247,ACC00123
TXN0004921,normal,,ACC00258,ACC00123
TXN0004922,normal,,ACC00161,ACC00123
TXN0004923,normal,,ACC00040,ACC00123
TXN0004924,normal,,ACC00040,ACC00123
TXN0004925,normal,,ACC00123,ACC00406
TXN0004926,normal,,ACC00259,ACC00124
TXN0004927,normal,,ACC00124,ACC00259
TXN0004928,normal,,ACC00081,ACC00124
TXN0004929,normal,,ACC00124,ACC00259
TXN0004930,normal,,ACC00228,ACC00124
TXN0004931,normal,,ACC00124,ACC00295
TXN0004932,normal,,ACC00124,ACC00081
TXN0004933,normal,,ACC00124,ACC00400
TXN0004934,normal,,ACC00124,ACC00400
TXN0004935,normal,,ACC00124,ACC00119
TXN0004936,normal,,ACC00239,ACC00124
TXN0004937,normal,,ACC00400,ACC00124
TXN0004938,normal,,ACC00124,ACC00240
TXN0004939,normal,,ACC00124,ACC00119
TXN0004940,normal,,ACC00124,ACC00345
TXN0004941,normal,,ACC00124,ACC00239
TXN0004942,normal,,ACC00124,ACC00259
TXN0004943,normal,,ACC00124,ACC00400
TXN0004944,normal,,ACC00124,ACC00008
TXN0004945,normal,,ACC00081,ACC00124
TXN0004946,normal,,ACC00124,ACC00288
TXN0004947,normal,,ACC00124,ACC00126
TXN0004948,normal,,ACC00378,ACC00125
TXN0004949,normal,,ACC00073,ACC00125
TXN0004950,normal,,ACC00125,ACC00073
TXN0004951,normal,,ACC00378,ACC00125
TXN0004952,normal,,ACC00073,ACC00125
TXN0004953,normal,,ACC00140,ACC00125
TXN0004954,normal,,ACC00088,ACC00125
TXN0004955,normal,,ACC00125,ACC00255
TXN0004956,normal,,ACC00407,ACC00125
TXN0004957,normal,,ACC00125,ACC00185
TXN0004958,normal,,ACC00125,ACC00407
TXN0004959,normal,,ACC00378,ACC00125
TXN0004960,normal,,ACC00125,ACC00368
TXN0004961,normal,,ACC00125,ACC00161
TXN0004962,normal,,ACC00125,ACC00345
TXN0004963,normal,,ACC00140,ACC00125
TXN0004964,normal,,ACC00125,ACC00445
TXN0004965,normal,,ACC00125,ACC00161
TXN0004966,normal,,ACC00161,ACC00125
TXN0004967,normal,,ACC00125,ACC00213
TXN0004968,normal,,ACC00125,ACC00140
TXN0004969,normal,,ACC00407,ACC00125
TXN0004970,normal,,ACC00314,ACC00125
TXN0004971,normal,,ACC00125,ACC00368
TXN0004972,normal,,ACC00125,ACC00378
TXN0004973,normal,,ACC00134,ACC00125
TXN0004974,normal,,ACC00161,ACC00125
TXN0004975,normal,,ACC00407,ACC00125
TXN0004976,normal,,ACC00073,ACC00125
TXN0004977,normal,,ACC00073,ACC00125
TXN0004978,normal,,ACC00140,ACC00125
TXN0004979,normal,,ACC00125,ACC00161
TXN0004980,normal,,ACC00161,ACC00125
TXN0004981,normal,,ACC00125,ACC00140
TXN0004982,normal,,ACC00125,ACC00314
TXN0004983,normal,,ACC00378,ACC00125
TXN0004984,normal,,ACC00125,ACC00073
TXN0004985,normal,,ACC00314,ACC00125
TXN0004986,normal,,ACC00364,ACC00125
TXN0004987,normal,,ACC00407,ACC00125
TXN0004988,normal,,ACC00161,ACC00125
TXN0004989,normal,,ACC00125,ACC00213
TXN0004990,normal,,ACC00125,ACC00140
TXN0004991,normal,,ACC00125,ACC00452
TXN0004992,normal,,ACC00140,ACC00125
TXN0004993,normal,,ACC00125,ACC00073
TXN0004994,normal,,ACC00407,ACC00125
TXN0004995,normal,,ACC00125,ACC00322
TXN0004996,normal,,ACC00293,ACC00125
TXN0004997,normal,,ACC00125,ACC00407
TXN0004998,normal,,ACC00125,ACC00368
TXN0004999,normal,,ACC00126,ACC00016
TXN0005000,normal,,ACC00126,ACC00234
TXN0005001,normal,,ACC00457,ACC00126
TXN0005002,normal,,ACC00100,ACC00126
TXN0005003,normal,,ACC00016,ACC00126
TXN0005004,normal,,ACC00342,ACC00126
TXN0005005,normal,,ACC00126,ACC00286
TXN0005006,normal,,ACC00286,ACC00126
TXN0005007,normal,,ACC00126,ACC00144
TXN0005008,normal,,ACC00126,ACC00100
TXN0005009,normal,,ACC00466,ACC00126
TXN0005010,normal,,ACC00126,ACC00059
TXN0005011,normal,,ACC00126,ACC00286
TXN0005012,normal,,ACC00100,ACC00126
TXN0005013,normal,,ACC00126,ACC00034
TXN0005014,normal,,ACC00234,ACC00126
TXN0005015,normal,,ACC00126,ACC00342
TXN0005016,normal,,ACC00016,ACC00126
TXN0005017,normal,,ACC00126,ACC00034
TXN0005018,normal,,ACC00126,ACC00226
TXN0005019,normal,,ACC00126,ACC00342
TXN0005020,normal,,ACC00054,ACC00126
TXN0005021,normal,,ACC00234,ACC00126
TXN0005022,normal,,ACC00351,ACC00126
TXN0005023,normal,,ACC00416,ACC00126
TXN0005024,normal,,ACC00311,ACC00126
TXN0005025,normal,,ACC00126,ACC00342
TXN0005026,normal,,ACC00288,ACC00126
TXN0005027,normal,,ACC00016,ACC00126
TXN0005028,normal,,ACC00126,ACC00034
TXN0005029,normal,,ACC00286,ACC00126
TXN0005030,normal,,ACC00234,ACC00126
TXN0005031,normal,,ACC00126,ACC00111
TXN0005032,normal,,ACC00234,ACC00126
TXN0005033,normal,,ACC00286,ACC00126
TXN0005034,normal,,ACC00126,ACC00114
TXN0005035,normal,,ACC00126,ACC00234
TXN0005036,normal,,ACC00126,ACC00193
TXN0005037,normal,,ACC00464,ACC00126
TXN0005038,normal,,ACC00126,ACC00286
TXN0005039,normal,,ACC00126,ACC00016
TXN0005040,normal,,ACC00126,ACC00234
TXN0005041,normal,,ACC00016,ACC00126
TXN0005042,normal,,ACC00126,ACC00114
TXN0005043,normal,,ACC00100,ACC00126
TXN0005044,normal,,ACC00126,ACC00109
TXN0005045,normal,,ACC00126,ACC00114
TXN0005046,normal,,ACC00126,ACC00234
TXN0005047,normal,,ACC00114,ACC00126
TXN0005048,normal,,ACC00126,ACC00412
TXN0005049,normal,,ACC00127,ACC00405
TXN0005050,normal,,ACC00127,ACC00403
TXN0005051,normal,,ACC00458,ACC00127
TXN0005052,normal,,ACC00127,ACC00195
TXN0005053,normal,,ACC00023,ACC00127
TXN0005054,normal,,ACC00220,ACC00127
TXN0005055,normal,,ACC00023,ACC00127
TXN0005056,normal,,ACC00127,ACC00141
TXN0005057,normal,,ACC00257,ACC00127
TXN0005058,normal,,ACC00127,ACC00051
TXN0005059,normal,,ACC00127,ACC00013
TXN0005060,normal,,ACC00127,ACC00013
TXN0005061,normal,,ACC00127,ACC00023
TXN0005062,normal,,ACC00141,ACC00127
TXN0005063,normal,,ACC00127,ACC00051
TXN0005064,normal,,ACC00051,ACC00127
TXN0005065,normal,,ACC00195,ACC00127
TXN0005066,normal,,ACC00128,ACC00160
TXN0005067,normal,,ACC00160,ACC00128
TXN0005068,normal,,ACC00128,ACC00421
TXN0005069,normal,,ACC00458,ACC00128
TXN0005070,normal,,ACC00072,ACC00128
TXN0005071,normal,,ACC00128,ACC00037
TXN0005072,normal,,ACC00191,ACC00128
TXN0005073,normal,,ACC00128,ACC00207
TXN0005074,normal,,ACC00128,ACC00458
TXN0005075,normal,,ACC00128,ACC00458
TXN0005076,normal,,ACC00241,ACC00128
TXN0005077,normal,,ACC00128,ACC00421
TXN0005078,normal,,ACC00160,ACC00128
TXN0005079,normal,,ACC00207,ACC00128
TXN0005080,normal,,ACC00051,ACC00128
TXN0005081,normal,,ACC00458,ACC00128
TXN0005082,normal,,ACC00128,ACC00262
TXN0005083,normal,,ACC00128,ACC00380
TXN0005084,normal,,ACC00128,ACC00421
TXN0005085,normal,,ACC00128,ACC00421
TXN0005086,normal,,ACC00269,ACC00129
TXN0005087,normal,,ACC00129,ACC00164
TXN0005088,normal,,ACC00269,ACC00129
TXN0005089,normal,,ACC00164,ACC00129
TXN0005090,normal,,ACC00129,ACC00364
TXN0005091,normal,,ACC00038,ACC00129
TXN0005092,normal,,ACC00364,ACC00129
TXN0005093,normal,,ACC00038,ACC00129
TXN0005094,normal,,ACC00490,ACC00129
TXN0005095,normal,,ACC00038,ACC00129
TXN0005096,normal,,ACC00129,ACC00481
TXN0005097,normal,,ACC00129,ACC00025
TXN0005098,normal,,ACC00481,ACC00129
TXN0005099,normal,,ACC00164,ACC00129
TXN0005100,normal,,ACC00097,ACC00129
TXN0005101,normal,,ACC00129,ACC00490
TXN0005102,normal,,ACC00234,ACC00129
TXN0005103,normal,,ACC00109,ACC00129
TXN0005104,normal,,ACC00129,ACC00490
TXN0005105,normal,,ACC00269,ACC00129
TXN0005106,normal,,ACC00129,ACC00109
TXN0005107,normal,,ACC00364,ACC00129
TXN0005108,normal,,ACC00129,ACC00164
TXN0005109,normal,,ACC00034,ACC00129
TXN0005110,normal,,ACC00109,ACC00129
TXN0005111,normal,,ACC00129,ACC00109
TXN0005112,normal,,ACC00269,ACC00129
TXN0005113,normal,,ACC00129,ACC00481
TXN0005114,normal,,ACC00129,ACC00269
TXN0005115,normal,,ACC00364,ACC00129
TXN0005116,normal,,ACC00269,ACC00129
TXN0005117,normal,,ACC00129,ACC00269
TXN0005118,normal,,ACC00129,ACC00364
TXN0005119,normal,,ACC00129,ACC00174
TXN0005120,normal,,ACC00129,ACC00364
TXN0005121,normal,,ACC00269,ACC00129
TXN0005122,normal,,ACC00490,ACC00129
TXN0005123,normal,,ACC00427,ACC00130
TXN0005124,normal,,ACC00130,ACC00179
TXN0005125,normal,,ACC00331,ACC00130
TXN0005126,normal,,ACC00130,ACC00244
TXN0005127,normal,,ACC00179,ACC00130
TXN0005128,normal,,ACC00036,ACC00130
TXN0005129,normal,,ACC00031,ACC00130
TXN0005130,normal,,ACC00036,ACC00130
TXN0005131,normal,,ACC00130,ACC00036
TXN0005132,normal,,ACC00051,ACC00130
TXN0005133,normal,,ACC00130,ACC00494
TXN0005134,normal,,ACC00480,ACC00130
TXN0005135,normal,,ACC00179,ACC00130
TXN0005136,normal,,ACC00130,ACC00480
TXN0005137,normal,,ACC00107,ACC00130
TXN0005138,normal,,ACC00130,ACC00031
TXN0005139,normal,,ACC00261,ACC00130
TXN0005140,normal,,ACC00130,ACC00107
TXN0005141,normal,,ACC00130,ACC00330
TXN0005142,normal,,ACC00494,ACC00130
TXN0005143,normal,,ACC00051,ACC00130
TXN0005144,normal,,ACC00130,ACC00147
TXN0005145,normal,,ACC00480,ACC00130
TXN0005146,normal,,ACC00131,ACC00095
TXN0005147,normal,,ACC00131,ACC00272
TXN0005148,normal,,ACC00095,ACC00131
TXN0005149,normal,,ACC00131,ACC00328
TXN0005150,normal,,ACC00131,ACC00366
TXN0005151,normal,,ACC00113,ACC00131
TXN0005152,normal,,ACC00328,ACC00131
TXN0005153,normal,,ACC00095,ACC00131
TXN0005154,normal,,ACC00131,ACC00217
TXN0005155,normal,,ACC00131,ACC00111
TXN0005156,normal,,ACC00131,ACC00328
TXN0005157,normal,,ACC00131,ACC00142
TXN0005158,normal,,ACC00131,ACC00142
TXN0005159,normal,,ACC00328,ACC00131
TXN0005160,normal,,ACC00131,ACC00413
TXN0005161,normal,,ACC00131,ACC00217
TXN0005162,normal,,ACC00131,ACC00113
TXN0005163,normal,,ACC00217,ACC00131
TXN0005164,normal,,ACC00131,ACC00113
TXN0005165,normal,,ACC00328,ACC00131
TXN0005166,normal,,ACC00131,ACC00142
TXN0005167,normal,,ACC00131,ACC00095
TXN0005168,normal,,ACC00131,ACC00328
TXN0005169,normal,,ACC00131,ACC00111
TXN0005170,normal,,ACC00131,ACC00382
TXN0005171,normal,,ACC00131,ACC00217
TXN0005172,normal,,ACC00131,ACC00217
TXN0005173,normal,,ACC00131,ACC00217
TXN0005174,normal,,ACC00111,ACC00131
TXN0005175,normal,,ACC00312,ACC00131
TXN0005176,normal,,ACC00328,ACC00131
TXN0005177,normal,,ACC00131,ACC00095
TXN0005178,normal,,ACC00111,ACC00131
TXN0005179,normal,,ACC00418,ACC00132
TXN0005180,normal,,ACC00311,ACC00132
TXN0005181,normal,,ACC00132,ACC00087
TXN0005182,normal,,ACC00132,ACC00195
TXN0005183,normal,,ACC00132,ACC00278
TXN0005184,normal,,ACC00132,ACC00025
TXN0005185,normal,,ACC00259,ACC00132
TXN0005186,normal,,ACC00418,ACC00132
TXN0005187,normal,,ACC00132,ACC00025
TXN0005188,normal,,ACC00132,ACC00025
TXN0005189,normal,,ACC00132,ACC00447
TXN0005190,normal,,ACC00132,ACC00087
TXN0005191,normal,,ACC00259,ACC00132
TXN0005192,normal,,ACC00025,ACC00132
TXN0005193,normal,,ACC00132,ACC00447
TXN0005194,normal,,ACC00025,ACC00132
TXN0005195,normal,,ACC00132,ACC00264
TXN0005196,normal,,ACC00259,ACC00132
TXN0005197,normal,,ACC00025,ACC00132
TXN0005198,normal,,ACC00194,ACC00132
TXN0005199,normal,,ACC00090,ACC00132
TXN0005200,normal,,ACC00264,ACC00132
TXN0005201,normal,,ACC00132,ACC00195
TXN0005202,normal,,ACC00132,ACC00195
TXN0005203,normal,,ACC00132,ACC00447
TXN0005204,normal,,ACC00132,ACC00028
TXN0005205,normal,,ACC00132,ACC00264
TXN0005206,normal,,ACC00132,ACC00264
TXN0005207,normal,,ACC00132,ACC00264
TXN0005208,normal,,ACC00132,ACC00087
TXN0005209,normal,,ACC00025,ACC00132
TXN0005210,normal,,ACC00418,ACC00132
TXN0005211,normal,,ACC00132,ACC00264
TXN0005212,normal,,ACC00132,ACC00195
TXN0005213,normal,,ACC00132,ACC00474
TXN0005214,normal,,ACC00447,ACC00132
TXN0005215,normal,,ACC00264,ACC00132
TXN0005216,normal,,ACC00264,ACC00132
TXN0005217,normal,,ACC00132,ACC00204
TXN0005218,normal,,ACC00132,ACC00025
TXN0005219,normal,,ACC00195,ACC00132
TXN0005220,normal,,ACC00132,ACC00087
TXN0005221,normal,,ACC00204,ACC00132
TXN0005222,normal,,ACC00132,ACC00418
TXN0005223,normal,,ACC00132,ACC00259
TXN0005224,normal,,ACC00264,ACC00132
TXN0005225,normal,,ACC00204,ACC00132
TXN0005226,normal,,ACC00087,ACC00132
TXN0005227,normal,,ACC00132,ACC00228
TXN0005228,normal,,ACC00282,ACC00133
TXN0005229,normal,,ACC00133,ACC00071
TXN0005230,normal,,ACC00282,ACC00133
TXN0005231,normal,,ACC00133,ACC00307
TXN0005232,normal,,ACC00133,ACC00291
TXN0005233,normal,,ACC00245,ACC00133
TXN0005234,normal,,ACC00133,ACC00014
TXN0005235,normal,,ACC00014,ACC00133
TXN0005236,normal,,ACC00096,ACC00133
TXN0005237,normal,,ACC00096,ACC00133
TXN0005238,normal,,ACC00133,ACC00268
TXN0005239,normal,,ACC00096,ACC00133
TXN0005240,normal,,ACC00133,ACC00014
TXN0005241,normal,,ACC00133,ACC00291
TXN0005242,normal,,ACC00478,ACC00133
TXN0005243,normal,,ACC00133,ACC00291
TXN0005244,normal,,ACC00133,ACC00478
TXN0005245,normal,,ACC00096,ACC00133
TXN0005246,normal,,ACC00133,ACC00071
TXN0005247,normal,,ACC00133,ACC00375
TXN0005248,normal,,ACC00071,ACC00133
TXN0005249,normal,,ACC00133,ACC00282
TXN0005250,normal,,ACC00133,ACC00492
TXN0005251,normal,,ACC00291,ACC00133
TXN0005252,normal,,ACC00133,ACC00096
TXN0005253,normal,,ACC00014,ACC00133
TXN0005254,normal,,ACC00096,ACC00133
TXN0005255,normal,,ACC00133,ACC00061
TXN0005256,normal,,ACC00014,ACC00133
TXN0005257,normal,,ACC00014,ACC00133
TXN0005258,normal,,ACC00128,ACC00134
TXN0005259,normal,,ACC00134,ACC00212
TXN0005260,normal,,ACC00134,ACC00500
TXN0005261,normal,,ACC00134,ACC00427
TXN0005262,normal,,ACC00134,ACC00121
TXN0005263,normal,,ACC00134,ACC00116
TXN0005264,normal,,ACC00134,ACC00116
TXN0005265,normal,,ACC00134,ACC00172
TXN0005266,normal,,ACC00134,ACC00427
TXN0005267,normal,,ACC00134,ACC00116
TXN0005268,normal,,ACC00172,ACC00134
TXN0005269,normal,,ACC00134,ACC00121
TXN0005270,normal,,ACC00116,ACC00134
TXN0005271,normal,,ACC00134,ACC00440
TXN0005272,normal,,ACC00134,ACC00440
TXN0005273,normal,,ACC00134,ACC00128
TXN0005274,normal,,ACC00172,ACC00134
TXN0005275,normal,,ACC00500,ACC00134
TXN0005276,normal,,ACC00440,ACC00134
TXN0005277,normal,,ACC00445,ACC00134
TXN0005278,normal,,ACC00134,ACC00116
TXN0005279,normal,,ACC00121,ACC00134
TXN0005280,normal,,ACC00134,ACC00327
TXN0005281,normal,,ACC00121,ACC00134
TXN0005282,normal,,ACC00121,ACC00134
TXN0005283,normal,,ACC00440,ACC00134
TXN0005284,normal,,ACC00172,ACC00134
TXN0005285,normal,,ACC00134,ACC00128
TXN0005286,normal,,ACC00427,ACC00134
TXN0005287,normal,,ACC00500,ACC00134
TXN0005288,normal,,ACC00116,ACC00134
TXN0005289,normal,,ACC00121,ACC00134
TXN0005290,normal,,ACC00172,ACC00134
TXN0005291,normal,,ACC00137,ACC00134
TXN0005292,normal,,ACC00128,ACC00134
TXN0005293,normal,,ACC00440,ACC00134
TXN0005294,normal,,ACC00134,ACC00333
TXN0005295,normal,,ACC00134,ACC00121
TXN0005296,normal,,ACC00134,ACC00121
TXN0005297,normal,,ACC00427,ACC00134
TXN0005298,normal,,ACC00427,ACC00134
TXN0005299,normal,,ACC00134,ACC00461
TXN0005300,normal,,ACC00134,ACC00445
TXN0005301,normal,,ACC00134,ACC00445
TXN0005302,normal,,ACC00134,ACC00172
TXN0005303,normal,,ACC00118,ACC00135
TXN0005304,normal,,ACC00276,ACC00135
TXN0005305,normal,,ACC00135,ACC00397
TXN0005306,normal,,ACC00135,ACC00003
TXN0005307,normal,,ACC00135,ACC00145
TXN0005308,normal,,ACC00346,ACC00135
TXN0005309,normal,,ACC00135,ACC00397
TXN0005310,normal,,ACC00276,ACC00135
TXN0005311,normal,,ACC00003,ACC00135
TXN0005312,normal,,ACC00135,ACC00003
TXN0005313,normal,,ACC00145,ACC00135
TXN0005314,normal,,ACC00145,ACC00135
TXN0005315,normal,,ACC00135,ACC00003
TXN0005316,normal,,ACC00003,ACC00135
TXN0005317,normal,,ACC00276,ACC00135
TXN0005318,normal,,ACC00135,ACC00216
TXN0005319,normal,,ACC00145,ACC00135
TXN0005320,normal,,ACC00303,ACC00135
TXN0005321,normal,,ACC00135,ACC00397
TXN0005322,normal,,ACC00164,ACC00135
TXN0005323,normal,,ACC00135,ACC00276
TXN0005324,normal,,ACC00135,ACC00375
TXN0005325,normal,,ACC00003,ACC00135
TXN0005326,normal,,ACC00135,ACC00003
TXN0005327,normal,,ACC00053,ACC00135
TXN0005328,normal,,ACC00135,ACC00053
TXN0005329,normal,,ACC00276,ACC00135
TXN0005330,normal,,ACC00135,ACC00003
TXN0005331,normal,,ACC00135,ACC00397
TXN0005332,normal,,ACC00135,ACC00053
TXN0005333,normal,,ACC00310,ACC00135
TXN0005334,normal,,ACC00135,ACC00375
TXN0005335,normal,,ACC00379,ACC00136
TXN0005336,normal,,ACC00136,ACC00151
TXN0005337,normal,,ACC00136,ACC00126
TXN0005338,normal,,ACC00136,ACC00414
TXN0005339,normal,,ACC00454,ACC00136
TXN0005340,normal,,ACC00136,ACC00126
TXN0005341,normal,,ACC00104,ACC00136
TXN0005342,normal,,ACC00136,ACC00104
TXN0005343,normal,,ACC00136,ACC00044
TXN0005344,normal,,ACC00136,ACC00198
TXN0005345,normal,,ACC00136,ACC00044
TXN0005346,normal,,ACC00136,ACC00414
TXN0005347,normal,,ACC00136,ACC00454
TXN0005348,normal,,ACC00136,ACC00413
TXN0005349,normal,,ACC00136,ACC00044
TXN0005350,normal,,ACC00454,ACC00136
TXN0005351,normal,,ACC00136,ACC00413
TXN0005352,normal,,ACC00136,ACC00104
TXN0005353,normal,,ACC00289,ACC00136
TXN0005354,normal,,ACC00136,ACC00104
TXN0005355,normal,,ACC00025,ACC00136
TXN0005356,normal,,ACC00136,ACC00044
TXN0005357,normal,,ACC00136,ACC00414
TXN0005358,normal,,ACC00454,ACC00136
TXN0005359,normal,,ACC00413,ACC00136
TXN0005360,normal,,ACC00155,ACC00136
TXN0005361,normal,,ACC00025,ACC00136
TXN0005362,normal,,ACC00126,ACC00136
TXN0005363,normal,,ACC00136,ACC00025
TXN0005364,normal,,ACC00413,ACC00136
TXN0005365,normal,,ACC00451,ACC00136
TXN0005366,normal,,ACC00136,ACC00025
TXN0005367,normal,,ACC00104,ACC00136
TXN0005368,normal,,ACC00413,ACC00136
TXN0005369,normal,,ACC00385,ACC00136
TXN0005370,normal,,ACC00454,ACC00136
TXN0005371,normal,,ACC00136,ACC00044
TXN0005372,normal,,ACC00044,ACC00136
TXN0005373,normal,,ACC00136,ACC00126
TXN0005374,normal,,ACC00136,ACC00198
TXN0005375,normal,,ACC00136,ACC00413
TXN0005376,normal,,ACC00136,ACC00454
TXN0005377,normal,,ACC00414,ACC00136
TXN0005378,normal,,ACC00025,ACC00136
TXN0005379,normal,,ACC00126,ACC00136
TXN0005380,normal,,ACC00241,ACC00137
TXN0005381,normal,,ACC00023,ACC00137
TXN0005382,normal,,ACC00429,ACC00137
TXN0005383,normal,,ACC00137,ACC00429
TXN0005384,normal,,ACC00137,ACC00188
TXN0005385,normal,,ACC00188,ACC00137
TXN0005386,normal,,ACC00137,ACC00429
TXN0005387,normal,,ACC00429,ACC00137
TXN0005388,normal,,ACC00429,ACC00137
TXN0005389,normal,,ACC00429,ACC00137
TXN0005390,normal,,ACC00137,ACC00030
TXN0005391,normal,,ACC00137,ACC00356
TXN0005392,normal,,ACC00188,ACC00137
TXN0005393,normal,,ACC00137,ACC00356
TXN0005394,normal,,ACC00137,ACC00382
TXN0005395,normal,,ACC00241,ACC00137
TXN0005396,normal,,ACC00382,ACC00137
TXN0005397,normal,,ACC00137,ACC00429
TXN0005398,normal,,ACC00137,ACC00429
TXN0005399,normal,,ACC00137,ACC00188
TXN0005400,normal,,ACC00057,ACC00137
TXN0005401,normal,,ACC00168,ACC00137
TXN0005402,normal,,ACC00137,ACC00057
TXN0005403,normal,,ACC00057,ACC00137
TXN0005404,normal,,ACC00137,ACC00188
TXN0005405,normal,,ACC00137,ACC00042
TXN0005406,normal,,ACC00356,ACC00137
TXN0005407,normal,,ACC00346,ACC00137
TXN0005408,normal,,ACC00429,ACC00137
TXN0005409,normal,,ACC00241,ACC00137
TXN0005410,normal,,ACC00137,ACC00241
TXN0005411,normal,,ACC00108,ACC00137
TXN0005412,normal,,ACC00137,ACC00168
TXN0005413,normal,,ACC00188,ACC00137
TXN0005414,normal,,ACC00214,ACC00137
TXN0005415,normal,,ACC00382,ACC00137
TXN0005416,normal,,ACC00356,ACC00137
TXN0005417,normal,,ACC00138,ACC00170
TXN0005418,normal,,ACC00365,ACC00138
TXN0005419,normal,,ACC00354,ACC00138
TXN0005420,normal,,ACC00380,ACC00138
TXN0005421,normal,,ACC00065,ACC00138
TXN0005422,normal,,ACC00177,ACC00138
TXN0005423,normal,,ACC00138,ACC00038
TXN0005424,normal,,ACC00138,ACC00354
TXN0005425,normal,,ACC00354,ACC00138
TXN0005426,normal,,ACC00380,ACC00138
TXN0005427,normal,,ACC00434,ACC00138
TXN0005428,normal,,ACC00365,ACC00138
TXN0005429,normal,,ACC00065,ACC00138
TXN0005430,normal,,ACC00138,ACC00434
TXN0005431,normal,,ACC00040,ACC00138
TXN0005432,normal,,ACC00138,ACC00354
TXN0005433,normal,,ACC00129,ACC00138
TXN0005434,normal,,ACC00138,ACC00177
TXN0005435,normal,,ACC00389,ACC00138
TXN0005436,normal,,ACC00298,ACC00138
TXN0005437,normal,,ACC00138,ACC00354
TXN0005438,normal,,ACC00231,ACC00138
TXN0005439,normal,,ACC00138,ACC00380
TXN0005440,normal,,ACC00138,ACC00366
TXN0005441,normal,,ACC00139,ACC00297
TXN0005442,normal,,ACC00318,ACC00139
TXN0005443,normal,,ACC00139,ACC00006
TXN0005444,normal,,ACC00139,ACC00220
TXN0005445,normal,,ACC00139,ACC00438
TXN0005446,normal,,ACC00104,ACC00139
TXN0005447,normal,,ACC00006,ACC00139
TXN0005448,normal,,ACC00459,ACC00139
TXN0005449,normal,,ACC00006,ACC00139
TXN0005450,normal,,ACC00006,ACC00139
TXN0005451,normal,,ACC00139,ACC00469
TXN0005452,normal,,ACC00438,ACC00139
TXN0005453,normal,,ACC00139,ACC00006
TXN0005454,normal,,ACC00220,ACC00139
TXN0005455,normal,,ACC00390,ACC00139
TXN0005456,normal,,ACC00139,ACC00220
TXN0005457,normal,,ACC00139,ACC00438
TXN0005458,normal,,ACC00006,ACC00139
TXN0005459,normal,,ACC00220,ACC00139
TXN0005460,normal,,ACC00139,ACC00469
TXN0005461,normal,,ACC00318,ACC00139
TXN0005462,normal,,ACC00139,ACC00390
TXN0005463,normal,,ACC00220,ACC00139
TXN0005464,normal,,ACC00469,ACC00139
TXN0005465,normal,,ACC00438,ACC00139
TXN0005466,normal,,ACC00287,ACC00140
TXN0005467,normal,,ACC00127,ACC00140
TXN0005468,normal,,ACC00072,ACC00140
TXN0005469,normal,,ACC00140,ACC00397
TXN0005470,normal,,ACC00242,ACC00140
TXN0005471,normal,,ACC00140,ACC00391
TXN0005472,normal,,ACC00117,ACC00140
TXN0005473,normal,,ACC00287,ACC00140
TXN0005474,normal,,ACC00117,ACC00140
TXN0005475,normal,,ACC00140,ACC00288
TXN0005476,normal,,ACC00140,ACC00351
TXN0005477,normal,,ACC00287,ACC00140
TXN0005478,normal,,ACC00117,ACC00140
TXN0005479,normal,,ACC00117,ACC00140
TXN0005480,normal,,ACC00273,ACC00140
TXN0005481,normal,,ACC00072,ACC00140
TXN0005482,normal,,ACC00140,ACC00375
TXN0005483,normal,,ACC00137,ACC00141
TXN0005484,normal,,ACC00141,ACC00137
TXN0005485,normal,,ACC00141,ACC00087
TXN0005486,normal,,ACC00141,ACC00448
TXN0005487,normal,,ACC00448,ACC00141
TXN0005488,normal,,ACC00141,ACC00331
TXN0005489,normal,,ACC00273,ACC00141
TXN0005490,normal,,ACC00392,ACC00141
TXN0005491,normal,,ACC00137,ACC00141
TXN0005492,normal,,ACC00141,ACC00039
TXN0005493,normal,,ACC00273,ACC00141
TXN0005494,normal,,ACC00273,ACC00141
TXN0005495,normal,,ACC00248,ACC00141
TXN0005496,normal,,ACC00141,ACC00273
TXN0005497,normal,,ACC00141,ACC00027
TXN0005498,normal,,ACC00306,ACC00141
TXN0005499,normal,,ACC00448,ACC00141
TXN0005500,normal,,ACC00141,ACC00331
TXN0005501,normal,,ACC00141,ACC00449
TXN0005502,normal,,ACC00141,ACC00328
TXN0005503,normal,,ACC00306,ACC00141
TXN0005504,normal,,ACC00141,ACC00087
TXN0005505,normal,,ACC00087,ACC00141
TXN0005506,normal,,ACC00057,ACC00141
TXN0005507,normal,,ACC00331,ACC00141
TXN0005508,normal,,ACC00141,ACC00057
TXN0005509,normal,,ACC00409,ACC00141
TXN0005510,normal,,ACC00047,ACC00141
TXN0005511,normal,,ACC00273,ACC00141
TXN0005512,normal,,ACC00306,ACC00141
TXN0005513,normal,,ACC00141,ACC00186
TXN0005514,normal,,ACC00141,ACC00315
TXN0005515,normal,,ACC00141,ACC00471
TXN0005516,normal,,ACC00141,ACC00306
TXN0005517,normal,,ACC00082,ACC00141
TXN0005518,normal,,ACC00448,ACC00141
TXN0005519,normal,,ACC00141,ACC00087
TXN0005520,normal,,ACC00087,ACC00141
TXN0005521,normal,,ACC00141,ACC00331
TXN0005522,normal,,ACC00141,ACC00331
TXN0005523,normal,,ACC00273,ACC00141
TXN0005524,normal,,ACC00273,ACC00141
TXN0005525,normal,,ACC00141,ACC00448
TXN0005526,normal,,ACC00141,ACC00248
TXN0005527,normal,,ACC00141,ACC00273
TXN0005528,normal,,ACC00078,ACC00141
TXN0005529,normal,,ACC00142,ACC00416
TXN0005530,normal,,ACC00142,ACC00313
TXN0005531,normal,,ACC00142,ACC00350
TXN0005532,normal,,ACC00313,ACC00142
TXN0005533,normal,,ACC00265,ACC00142
TXN0005534,normal,,ACC00142,ACC00265
TXN0005535,normal,,ACC00142,ACC00265
TXN0005536,normal,,ACC00142,ACC00424
TXN0005537,normal,,ACC00142,ACC00457
TXN0005538,normal,,ACC00457,ACC00142
TXN0005539,normal,,ACC00313,ACC00142
TXN0005540,normal,,ACC00142,ACC00370
TXN0005541,normal,,ACC00142,ACC00457
TXN0005542,normal,,ACC00265,ACC00142
TXN0005543,normal,,ACC00076,ACC00142
TXN0005544,normal,,ACC00468,ACC00142
TXN0005545,normal,,ACC00142,ACC00313
TXN0005546,normal,,ACC00209,ACC00142
TXN0005547,normal,,ACC00142,ACC00265
TXN0005548,normal,,ACC00329,ACC00142
TXN0005549,normal,,ACC00142,ACC00209
TXN0005550,normal,,ACC00142,ACC00209
TXN0005551,normal,,ACC00142,ACC00265
TXN0005552,normal,,ACC00142,ACC00161
TXN0005553,normal,,ACC00161,ACC00142
TXN0005554,normal,,ACC00142,ACC00161
TXN0005555,normal,,ACC00416,ACC00142
TXN0005556,normal,,ACC00142,ACC00081
TXN0005557,normal,,ACC00142,ACC00437
TXN0005558,normal,,ACC00142,ACC00070
TXN0005559,normal,,ACC00142,ACC00026
TXN0005560,normal,,ACC00142,ACC00161
TXN0005561,normal,,ACC00313,ACC00142
TXN0005562,normal,,ACC00142,ACC00313
TXN0005563,normal,,ACC00142,ACC00026
TXN0005564,normal,,ACC00142,ACC00457
TXN0005565,normal,,ACC00142,ACC00209
TXN0005566,normal,,ACC00304,ACC00142
TXN0005567,normal,,ACC00457,ACC00142
TXN0005568,normal,,ACC00142,ACC00340
TXN0005569,normal,,ACC00161,ACC00142
TXN0005570,normal,,ACC00142,ACC00457
TXN0005571,normal,,ACC00313,ACC00142
TXN0005572,normal,,ACC00026,ACC00142
TXN0005573,normal,,ACC00142,ACC00265
TXN0005574,normal,,ACC00142,ACC00424
TXN0005575,normal,,ACC00026,ACC00142
TXN0005576,normal,,ACC00142,ACC00313
TXN0005577,normal,,ACC00142,ACC00409
TXN0005578,normal,,ACC00142,ACC00457
TXN0005579,normal,,ACC00142,ACC00161
TXN0005580,normal,,ACC00142,ACC00026
TXN0005581,normal,,ACC00142,ACC00209
TXN0005582,normal,,ACC00142,ACC00265
TXN0005583,normal,,ACC00142,ACC00424
TXN0005584,normal,,ACC00142,ACC00209
TXN0005585,normal,,ACC00142,ACC00265
TXN0005586,normal,,ACC00142,ACC00265
TXN0005587,normal,,ACC00313,ACC00142
TXN0005588,normal,,ACC00143,ACC00205
TXN0005589,normal,,ACC00359,ACC00143
TXN0005590,normal,,ACC00189,ACC00143
TXN0005591,normal,,ACC00143,ACC00070
TXN0005592,normal,,ACC00143,ACC00019
TXN0005593,normal,,ACC00143,ACC00381
TXN0005594,normal,,ACC00381,ACC00143
TXN0005595,normal,,ACC00120,ACC00143
TXN0005596,normal,,ACC00143,ACC00189
TXN0005597,normal,,ACC00185,ACC00143
TXN0005598,normal,,ACC00185,ACC00143
TXN0005599,normal,,ACC00189,ACC00143
TXN0005600,normal,,ACC00461,ACC00143
TXN0005601,normal,,ACC00359,ACC00143
TXN0005602,normal,,ACC00297,ACC00143
TXN0005603,normal,,ACC00143,ACC00308
TXN0005604,normal,,ACC00189,ACC00143
TXN0005605,normal,,ACC00143,ACC00216
TXN0005606,normal,,ACC00359,ACC00143
TXN0005607,normal,,ACC00124,ACC00143
TXN0005608,normal,,ACC00359,ACC00143
TXN0005609,normal,,ACC00143,ACC00124
TXN0005610,normal,,ACC00143,ACC00381
TXN0005611,normal,,ACC00070,ACC00143
TXN0005612,normal,,ACC00143,ACC00099
TXN0005613,normal,,ACC00143,ACC00381
TXN0005614,normal,,ACC00143,ACC00359
TXN0005615,normal,,ACC00143,ACC00189
TXN0005616,normal,,ACC00143,ACC00189
TXN0005617,normal,,ACC00143,ACC00359
TXN0005618,normal,,ACC00143,ACC00185
TXN0005619,normal,,ACC00143,ACC00359
TXN0005620,normal,,ACC00070,ACC00143
TXN0005621,normal,,ACC00143,ACC00382
TXN0005622,normal,,ACC00124,ACC00143
TXN0005623,normal,,ACC00308,ACC00143
TXN0005624,normal,,ACC00230,ACC00143
TXN0005625,normal,,ACC00361,ACC00143
TXN0005626,normal,,ACC00249,ACC00143
TXN0005627,normal,,ACC00143,ACC00124
TXN0005628,normal,,ACC00143,ACC00359
TXN0005629,normal,,ACC00392,ACC00143
TXN0005630,normal,,ACC00143,ACC00360
TXN0005631,normal,,ACC00143,ACC00392
TXN0005632,normal,,ACC00381,ACC00143
TXN0005633,normal,,ACC00143,ACC00392
TXN0005634,normal,,ACC00143,ACC00359
TXN0005635,normal,,ACC00143,ACC00189
TXN0005636,normal,,ACC00392,ACC00143
TXN0005637,normal,,ACC00359,ACC00143
TXN0005638,normal,,ACC00124,ACC00143
TXN0005639,normal,,ACC00143,ACC00189
TXN0005640,normal,,ACC00070,ACC00143
TXN0005641,normal,,ACC00143,ACC00381
TXN0005642,normal,,ACC00144,ACC00336
TXN0005643,normal,,ACC00144,ACC00023
TXN0005644,normal,,ACC00144,ACC00011
TXN0005645,normal,,ACC00081,ACC00144
TXN0005646,normal,,ACC00319,ACC00144
TXN0005647,normal,,ACC00144,ACC00023
TXN0005648,normal,,ACC00319,ACC00144
TXN0005649,normal,,ACC00023,ACC00144
TXN0005650,normal,,ACC00240,ACC00144
TXN0005651,normal,,ACC00123,ACC00144
TXN0005652,normal,,ACC00144,ACC00023
TXN0005653,normal,,ACC00389,ACC00144
TXN0005654,normal,,ACC00225,ACC00144
TXN0005655,normal,,ACC00144,ACC00081
TXN0005656,normal,,ACC00144,ACC00005
TXN0005657,normal,,ACC00319,ACC00144
TXN0005658,normal,,ACC00023,ACC00144
TXN0005659,normal,,ACC00319,ACC00144
TXN0005660,normal,,ACC00023,ACC00144
TXN0005661,normal,,ACC00319,ACC00144
TXN0005662,normal,,ACC00144,ACC00336
TXN0005663,normal,,ACC00144,ACC00225
TXN0005664,normal,,ACC00129,ACC00144
TXN0005665,normal,,ACC00144,ACC00351
TXN0005666,normal,,ACC00081,ACC00144
TXN0005667,normal,,ACC00144,ACC00336
TXN0005668,normal,,ACC00144,ACC00319
TXN0005669,normal,,ACC00144,ACC00351
TXN0005670,normal,,ACC00144,ACC00398
TXN0005671,normal,,ACC00144,ACC00081
TXN0005672,normal,,ACC00144,ACC00011
TXN0005673,normal,,ACC00144,ACC00105
TXN0005674,normal,,ACC00336,ACC00144
TXN0005675,normal,,ACC00144,ACC00351
TXN0005676,normal,,ACC00144,ACC00081
TXN0005677,normal,,ACC00144,ACC00336
TXN0005678,normal,,ACC00144,ACC00081
TXN0005679,normal,,ACC00144,ACC00081
TXN0005680,normal,,ACC00267,ACC00144
TXN0005681,normal,,ACC00023,ACC00144
TXN0005682,normal,,ACC00319,ACC00144
TXN0005683,normal,,ACC00144,ACC00039
TXN0005684,normal,,ACC00144,ACC00426
TXN0005685,normal,,ACC00225,ACC00144
TXN0005686,normal,,ACC00144,ACC00081
TXN0005687,normal,,ACC00105,ACC00144
TXN0005688,normal,,ACC00144,ACC00023
TXN0005689,normal,,ACC00145,ACC00133
TXN0005690,normal,,ACC00145,ACC00383
TXN0005691,normal,,ACC00145,ACC00372
TXN0005692,normal,,ACC00145,ACC00157
TXN0005693,normal,,ACC00145,ACC00115
TXN0005694,normal,,ACC00145,ACC00133
TXN0005695,normal,,ACC00145,ACC00012
TXN0005696,normal,,ACC00145,ACC00199
TXN0005697,normal,,ACC00372,ACC00145
TXN0005698,normal,,ACC00133,ACC00145
TXN0005699,normal,,ACC00372,ACC00145
TXN0005700,normal,,ACC00145,ACC00133
TXN0005701,normal,,ACC00347,ACC00145
TXN0005702,normal,,ACC00115,ACC00145
TXN0005703,normal,,ACC00383,ACC00145
TXN0005704,normal,,ACC00146,ACC00236
TXN0005705,normal,,ACC00146,ACC00225
TXN0005706,normal,,ACC00354,ACC00146
TXN0005707,normal,,ACC00400,ACC00146
TXN0005708,normal,,ACC00146,ACC00010
TXN0005709,normal,,ACC00146,ACC00416
TXN0005710,normal,,ACC00146,ACC00010
TXN0005711,normal,,ACC00146,ACC00072
TXN0005712,normal,,ACC00225,ACC00146
TXN0005713,normal,,ACC00489,ACC00146
TXN0005714,normal,,ACC00222,ACC00146
TXN0005715,normal,,ACC00146,ACC00328
TXN0005716,normal,,ACC00146,ACC00132
TXN0005717,normal,,ACC00146,ACC00073
TXN0005718,normal,,ACC00236,ACC00146
TXN0005719,normal,,ACC00146,ACC00089
TXN0005720,normal,,ACC00072,ACC00146
TXN0005721,normal,,ACC00146,ACC00225
TXN0005722,normal,,ACC00146,ACC00489
TXN0005723,normal,,ACC00146,ACC00489
TXN0005724,normal,,ACC00146,ACC00416
TXN0005725,normal,,ACC00146,ACC00354
TXN0005726,normal,,ACC00084,ACC00146
TXN0005727,normal,,ACC00236,ACC00146
TXN0005728,normal,,ACC00146,ACC00225
TXN0005729,normal,,ACC00146,ACC00236
TXN0005730,normal,,ACC00146,ACC00072
TXN0005731,normal,,ACC00489,ACC00146
TXN0005732,normal,,ACC00146,ACC00354
TXN0005733,normal,,ACC00072,ACC00146
TXN0005734,normal,,ACC00073,ACC00146
TXN0005735,normal,,ACC00236,ACC00146
TXN0005736,normal,,ACC00447,ACC00146
TXN0005737,normal,,ACC00354,ACC00146
TXN0005738,normal,,ACC00354,ACC00146
TXN0005739,normal,,ACC00146,ACC00027
TXN0005740,normal,,ACC00146,ACC00084
TXN0005741,normal,,ACC00146,ACC00300
TXN0005742,normal,,ACC00072,ACC00146
TXN0005743,normal,,ACC00489,ACC00146
TXN0005744,normal,,ACC00146,ACC00073
TXN0005745,normal,,ACC00147,ACC00420
TXN0005746,normal,,ACC00260,ACC00147
TXN0005747,normal,,ACC00260,ACC00147
TXN0005748,normal,,ACC00307,ACC00147
TXN0005749,normal,,ACC00147,ACC00210
TXN0005750,normal,,ACC00370,ACC00147
TXN0005751,normal,,ACC00210,ACC00147
TXN0005752,normal,,ACC00488,ACC00147
TXN0005753,normal,,ACC00210,ACC00147
TXN0005754,normal,,ACC00147,ACC00132
TXN0005755,normal,,ACC00147,ACC00239
TXN0005756,normal,,ACC00147,ACC00343
TXN0005757,normal,,ACC00307,ACC00147
TXN0005758,normal,,ACC00147,ACC00420
TXN0005759,normal,,ACC00147,ACC00420
TXN0005760,normal,,ACC00210,ACC00147
TXN0005761,normal,,ACC00147,ACC00260
TXN0005762,normal,,ACC00213,ACC00147
TXN0005763,normal,,ACC00147,ACC00420
TXN0005764,normal,,ACC00147,ACC00343
TXN0005765,normal,,ACC00147,ACC00260
TXN0005766,normal,,ACC00307,ACC00147
TXN0005767,normal,,ACC00147,ACC00030
TXN0005768,normal,,ACC00420,ACC00147
TXN0005769,normal,,ACC00343,ACC00147
TXN0005770,normal,,ACC00138,ACC00147
TXN0005771,normal,,ACC00329,ACC00148
TXN0005772,normal,,ACC00148,ACC00405
TXN0005773,normal,,ACC00350,ACC00148
TXN0005774,normal,,ACC00203,ACC00148
TXN0005775,normal,,ACC00148,ACC00329
TXN0005776,normal,,ACC00148,ACC00350
TXN0005777,normal,,ACC00405,ACC00148
TXN0005778,normal,,ACC00431,ACC00148
TXN0005779,normal,,ACC00359,ACC00148
TXN0005780,normal,,ACC00354,ACC00148
TXN0005781,normal,,ACC00359,ACC00148
TXN0005782,normal,,ACC00359,ACC00148
TXN0005783,normal,,ACC00148,ACC00350
TXN0005784,normal,,ACC00148,ACC00350
TXN0005785,normal,,ACC00198,ACC00148
TXN0005786,normal,,ACC00046,ACC00148
TXN0005787,normal,,ACC00148,ACC00134
TXN0005788,normal,,ACC00148,ACC00046
TXN0005789,normal,,ACC00148,ACC00217
TXN0005790,normal,,ACC00148,ACC00314
TXN0005791,normal,,ACC00195,ACC00148
TXN0005792,normal,,ACC00359,ACC00148
TXN0005793,normal,,ACC00148,ACC00359
TXN0005794,normal,,ACC00148,ACC00359
TXN0005795,normal,,ACC00405,ACC00148
TXN0005796,normal,,ACC00046,ACC00148
TXN0005797,normal,,ACC00271,ACC00149
TXN0005798,normal,,ACC00149,ACC00074
TXN0005799,normal,,ACC00149,ACC00280
TXN0005800,normal,,ACC00280,ACC00149
TXN0005801,normal,,ACC00477,ACC00149
TXN0005802,normal,,ACC00477,ACC00149
TXN0005803,normal,,ACC00074,ACC00149
TXN0005804,normal,,ACC00488,ACC00149
TXN0005805,normal,,ACC00149,ACC00115
TXN0005806,normal,,ACC00149,ACC00423
TXN0005807,normal,,ACC00149,ACC00074
TXN0005808,normal,,ACC00375,ACC00149
TXN0005809,normal,,ACC00404,ACC00149
TXN0005810,normal,,ACC00149,ACC00121
TXN0005811,normal,,ACC00074,ACC00149
TXN0005812,normal,,ACC00149,ACC00076
TXN0005813,normal,,ACC00088,ACC00149
TXN0005814,normal,,ACC00149,ACC00410
TXN0005815,normal,,ACC00149,ACC00257
TXN0005816,normal,,ACC00060,ACC00149
TXN0005817,normal,,ACC00410,ACC00149
TXN0005818,normal,,ACC00330,ACC00149
TXN0005819,normal,,ACC00149,ACC00280
TXN0005820,normal,,ACC00488,ACC00149
TXN0005821,normal,,ACC00149,ACC00184
TXN0005822,normal,,ACC00121,ACC00149
TXN0005823,normal,,ACC00280,ACC00149
TXN0005824,normal,,ACC00488,ACC00149
TXN0005825,normal,,ACC00115,ACC00149
TXN0005826,normal,,ACC00136,ACC00149
TXN0005827,normal,,ACC00149,ACC00074
TXN0005828,normal,,ACC00149,ACC00184
TXN0005829,normal,,ACC00149,ACC00410
TXN0005830,normal,,ACC00149,ACC00280
TXN0005831,normal,,ACC00115,ACC00149
TXN0005832,normal,,ACC00149,ACC00488
TXN0005833,normal,,ACC00149,ACC00114
TXN0005834,normal,,ACC00477,ACC00149
TXN0005835,normal,,ACC00488,ACC00149
TXN0005836,normal,,ACC00149,ACC00488
TXN0005837,normal,,ACC00149,ACC00121
TXN0005838,normal,,ACC00149,ACC00280
TXN0005839,normal,,ACC00477,ACC00149
TXN0005840,normal,,ACC00488,ACC00149
TXN0005841,normal,,ACC00149,ACC00280
TXN0005842,normal,,ACC00477,ACC00149
TXN0005843,normal,,ACC00115,ACC00149
TXN0005844,normal,,ACC00280,ACC00149
TXN0005845,normal,,ACC00410,ACC00149
TXN0005846,normal,,ACC00149,ACC00074
TXN0005847,normal,,ACC00121,ACC00149
TXN0005848,normal,,ACC00280,ACC00149
TXN0005849,normal,,ACC00006,ACC00149
TXN0005850,normal,,ACC00188,ACC00150
TXN0005851,normal,,ACC00024,ACC00150
TXN0005852,normal,,ACC00150,ACC00024
TXN0005853,normal,,ACC00362,ACC00150
TXN0005854,normal,,ACC00150,ACC00340
TXN0005855,normal,,ACC00150,ACC00206
TXN0005856,normal,,ACC00206,ACC00150
TXN0005857,normal,,ACC00150,ACC00206
TXN0005858,normal,,ACC00150,ACC00188
TXN0005859,normal,,ACC00150,ACC00206
TXN0005860,normal,,ACC00018,ACC00150
TXN0005861,normal,,ACC00229,ACC00150
TXN0005862,normal,,ACC00340,ACC00150
TXN0005863,normal,,ACC00229,ACC00150
TXN0005864,normal,,ACC00150,ACC00072
TXN0005865,normal,,ACC00150,ACC00340
TXN0005866,normal,,ACC00150,ACC00229
TXN0005867,normal,,ACC00220,ACC00150
TXN0005868,normal,,ACC00150,ACC00229
TXN0005869,normal,,ACC00309,ACC00150
TXN0005870,normal,,ACC00150,ACC00024
TXN0005871,normal,,ACC00188,ACC00150
TXN0005872,normal,,ACC00181,ACC00150
TXN0005873,normal,,ACC00150,ACC00072
TXN0005874,normal,,ACC00389,ACC00150
TXN0005875,normal,,ACC00150,ACC00067
TXN0005876,normal,,ACC00150,ACC00340
TXN0005877,normal,,ACC00150,ACC00272
TXN0005878,normal,,ACC00072,ACC00150
TXN0005879,normal,,ACC00150,ACC00024
TXN0005880,normal,,ACC00188,ACC00150
TXN0005881,normal,,ACC00150,ACC00340
TXN0005882,normal,,ACC00151,ACC00327
TXN0005883,normal,,ACC00189,ACC00151
TXN0005884,normal,,ACC00151,ACC00045
TXN0005885,normal,,ACC00422,ACC00151
TXN0005886,normal,,ACC00394,ACC00151
TXN0005887,normal,,ACC00151,ACC00059
TXN0005888,normal,,ACC00473,ACC00151
TXN0005889,normal,,ACC00151,ACC00059
TXN0005890,normal,,ACC00177,ACC00151
TXN0005891,normal,,ACC00151,ACC00059
TXN0005892,normal,,ACC00151,ACC00343
TXN0005893,normal,,ACC00151,ACC00327
TXN0005894,normal,,ACC00394,ACC00151
TXN0005895,normal,,ACC00151,ACC00394
TXN0005896,normal,,ACC00280,ACC00151
TXN0005897,normal,,ACC00151,ACC00054
TXN0005898,normal,,ACC00151,ACC00189
TXN0005899,normal,,ACC00189,ACC00151
TXN0005900,normal,,ACC00151,ACC00498
TXN0005901,normal,,ACC00151,ACC00394
TXN0005902,normal,,ACC00350,ACC00151
TXN0005903,normal,,ACC00151,ACC00327
TXN0005904,normal,,ACC00151,ACC00422
TXN0005905,normal,,ACC00151,ACC00113
TXN0005906,normal,,ACC00151,ACC00189
TXN0005907,normal,,ACC00177,ACC00151
TXN0005908,normal,,ACC00151,ACC00252
TXN0005909,normal,,ACC00151,ACC00189
TXN0005910,normal,,ACC00177,ACC00151
TXN0005911,normal,,ACC00151,ACC00045
TXN0005912,normal,,ACC00151,ACC00396
TXN0005913,normal,,ACC00151,ACC00045
TXN0005914,normal,,ACC00045,ACC00151
TXN0005915,normal,,ACC00422,ACC00151
TXN0005916,normal,,ACC00151,ACC00177
TXN0005917,normal,,ACC00350,ACC00151
TXN0005918,normal,,ACC00045,ACC00151
TXN0005919,normal,,ACC00059,ACC00151
TXN0005920,normal,,ACC00327,ACC00151
TXN0005921,normal,,ACC00151,ACC00420
TXN0005922,normal,,ACC00151,ACC00350
TXN0005923,normal,,ACC00151,ACC00422
TXN0005924,normal,,ACC00045,ACC00152
TXN0005925,normal,,ACC00080,ACC00152
TXN0005926,normal,,ACC00296,ACC00152
TXN0005927,normal,,ACC00152,ACC00323
TXN0005928,normal,,ACC00152,ACC00199
TXN0005929,normal,,ACC00176,ACC00152
TXN0005930,normal,,ACC00152,ACC00287
TXN0005931,normal,,ACC00152,ACC00176
TXN0005932,normal,,ACC00080,ACC00152
TXN0005933,normal,,ACC00152,ACC00287
TXN0005934,normal,,ACC00287,ACC00152
TXN0005935,normal,,ACC00199,ACC00152
TXN0005936,normal,,ACC00176,ACC00152
TXN0005937,normal,,ACC00168,ACC00152
TXN0005938,normal,,ACC00152,ACC00080
TXN0005939,normal,,ACC00152,ACC00045
TXN0005940,normal,,ACC00003,ACC00152
TXN0005941,normal,,ACC00287,ACC00152
TXN0005942,normal,,ACC00152,ACC00080
TXN0005943,normal,,ACC00152,ACC00249
TXN0005944,normal,,ACC00182,ACC00152
TXN0005945,normal,,ACC00199,ACC00152
TXN0005946,normal,,ACC00152,ACC00080
TXN0005947,normal,,ACC00152,ACC00045
TXN0005948,normal,,ACC00114,ACC00152
TXN0005949,normal,,ACC00199,ACC00152
TXN0005950,normal,,ACC00182,ACC00152
TXN0005951,normal,,ACC00012,ACC00153
TXN0005952,normal,,ACC00153,ACC00134
TXN0005953,normal,,ACC00250,ACC00153
TXN0005954,normal,,ACC00161,ACC00153
TXN0005955,normal,,ACC00153,ACC00442
TXN0005956,normal,,ACC00153,ACC00459
TXN0005957,normal,,ACC00153,ACC00164
TXN0005958,normal,,ACC00442,ACC00153
TXN0005959,normal,,ACC00153,ACC00250
TXN0005960,normal,,ACC00298,ACC00153
TXN0005961,normal,,ACC00164,ACC00153
TXN0005962,normal,,ACC00126,ACC00153
TXN0005963,normal,,ACC00153,ACC00250
TXN0005964,normal,,ACC00153,ACC00298
TXN0005965,normal,,ACC00416,ACC00153
TXN0005966,normal,,ACC00153,ACC00250
TXN0005967,normal,,ACC00153,ACC00250
TXN0005968,normal,,ACC00442,ACC00153
TXN0005969,normal,,ACC00153,ACC00134
TXN0005970,normal,,ACC00442,ACC00153
TXN0005971,normal,,ACC00298,ACC00153
TXN0005972,normal,,ACC00153,ACC00126
TXN0005973,normal,,ACC00153,ACC00045
TXN0005974,normal,,ACC00126,ACC00153
TXN0005975,normal,,ACC00153,ACC00045
TXN0005976,normal,,ACC00427,ACC00153
TXN0005977,normal,,ACC00153,ACC00416
TXN0005978,normal,,ACC00153,ACC00442
TXN0005979,normal,,ACC00045,ACC00153
TXN0005980,normal,,ACC00153,ACC00442
TXN0005981,normal,,ACC00250,ACC00153
TXN0005982,normal,,ACC00153,ACC00134
TXN0005983,normal,,ACC00153,ACC00250
TXN0005984,normal,,ACC00193,ACC00153
TXN0005985,normal,,ACC00153,ACC00250
TXN0005986,normal,,ACC00153,ACC00348
TXN0005987,normal,,ACC00250,ACC00153
TXN0005988,normal,,ACC00153,ACC00198
TXN0005989,normal,,ACC00154,ACC00142
TXN0005990,normal,,ACC00154,ACC00098
TXN0005991,normal,,ACC00142,ACC00154
TXN0005992,normal,,ACC00154,ACC00199
TXN0005993,normal,,ACC00154,ACC00206
TXN0005994,normal,,ACC00154,ACC00206
TXN0005995,normal,,ACC00067,ACC00154
TXN0005996,normal,,ACC00481,ACC00154
TXN0005997,normal,,ACC00391,ACC00154
TXN0005998,normal,,ACC00499,ACC00154
TXN0005999,normal,,ACC00154,ACC00028
TXN0006000,normal,,ACC00199,ACC00154
TXN0006001,normal,,ACC00154,ACC00199
TXN0006002,normal,,ACC00154,ACC00142
TXN0006003,normal,,ACC00481,ACC00154
TXN0006004,normal,,ACC00154,ACC00142
TXN0006005,normal,,ACC00154,ACC00142
TXN0006006,normal,,ACC00154,ACC00142
TXN0006007,normal,,ACC00154,ACC00199
TXN0006008,normal,,ACC00206,ACC00154
TXN0006009,normal,,ACC00154,ACC00391
TXN0006010,normal,,ACC00455,ACC00154
TXN0006011,normal,,ACC00430,ACC00154
TXN0006012,normal,,ACC00154,ACC00206
TXN0006013,normal,,ACC00142,ACC00154
TXN0006014,normal,,ACC00154,ACC00142
TXN0006015,normal,,ACC00154,ACC00382
TXN0006016,normal,,ACC00391,ACC00154
TXN0006017,normal,,ACC00382,ACC00154
TXN0006018,normal,,ACC00154,ACC00430
TXN0006019,normal,,ACC00154,ACC00206
TXN0006020,normal,,ACC00481,ACC00154
TXN0006021,normal,,ACC00430,ACC00154
TXN0006022,normal,,ACC00142,ACC00154
TXN0006023,normal,,ACC00199,ACC00154
TXN0006024,normal,,ACC00154,ACC00272
TXN0006025,normal,,ACC00154,ACC00199
TXN0006026,normal,,ACC00154,ACC00199
TXN0006027,normal,,ACC00051,ACC00154
TXN0006028,normal,,ACC00155,ACC00255
TXN0006029,normal,,ACC00155,ACC00218
TXN0006030,normal,,ACC00155,ACC00165
TXN0006031,normal,,ACC00155,ACC00202
TXN0006032,normal,,ACC00472,ACC00155
TXN0006033,normal,,ACC00218,ACC00155
TXN0006034,normal,,ACC00280,ACC00155
TXN0006035,normal,,ACC00155,ACC00165
TXN0006036,normal,,ACC00218,ACC00155
TXN0006037,normal,,ACC00202,ACC00155
TXN0006038,normal,,ACC00202,ACC00155
TXN0006039,normal,,ACC00076,ACC00155
TXN0006040,normal,,ACC00155,ACC00165
TXN0006041,normal,,ACC00034,ACC00155
TXN0006042,normal,,ACC00409,ACC00155
TXN0006043,normal,,ACC00060,ACC00155
TXN0006044,normal,,ACC00155,ACC00034
TXN0006045,normal,,ACC00155,ACC00143
TXN0006046,normal,,ACC00155,ACC00165
TXN0006047,normal,,ACC00155,ACC00202
TXN0006048,normal,,ACC00076,ACC00155
TXN0006049,normal,,ACC00155,ACC00354
TXN0006050,normal,,ACC00165,ACC00155
TXN0006051,normal,,ACC00034,ACC00155
TXN0006052,normal,,ACC00155,ACC00143
TXN0006053,normal,,ACC00354,ACC00155
TXN0006054,normal,,ACC00172,ACC00155
TXN0006055,normal,,ACC00155,ACC00354
TXN0006056,normal,,ACC00155,ACC00034
TXN0006057,normal,,ACC00165,ACC00155
TXN0006058,normal,,ACC00060,ACC00156
TXN0006059,normal,,ACC00156,ACC00360
TXN0006060,normal,,ACC00093,ACC00156
TXN0006061,normal,,ACC00090,ACC00156
TXN0006062,normal,,ACC00156,ACC00134
TXN0006063,normal,,ACC00156,ACC00060
TXN0006064,normal,,ACC00070,ACC00156
TXN0006065,normal,,ACC00090,ACC00156
TXN0006066,normal,,ACC00156,ACC00134
TXN0006067,normal,,ACC00060,ACC00156
TXN0006068,normal,,ACC00156,ACC00492
TXN0006069,normal,,ACC00156,ACC00354
TXN0006070,normal,,ACC00354,ACC00156
TXN0006071,normal,,ACC00156,ACC00090
TXN0006072,normal,,ACC00156,ACC00090
TXN0006073,normal,,ACC00060,ACC00156
TXN0006074,normal,,ACC00156,ACC00237
TXN0006075,normal,,ACC00360,ACC00156
TXN0006076,normal,,ACC00156,ACC00060
TXN0006077,normal,,ACC00090,ACC00156
TXN0006078,normal,,ACC00156,ACC00106
TXN0006079,normal,,ACC00156,ACC00058
TXN0006080,normal,,ACC00090,ACC00156
TXN0006081,normal,,ACC00156,ACC00354
TXN0006082,normal,,ACC00433,ACC00156
TXN0006083,normal,,ACC00360,ACC00156
TXN0006084,normal,,ACC00226,ACC00156
TXN0006085,normal,,ACC00360,ACC00156
TXN0006086,normal,,ACC00156,ACC00496
TXN0006087,normal,,ACC00134,ACC00156
TXN0006088,normal,,ACC00360,ACC00156
TXN0006089,normal,,ACC00360,ACC00156
TXN0006090,normal,,ACC00090,ACC00156
TXN0006091,normal,,ACC00360,ACC00156
TXN0006092,normal,,ACC00156,ACC00060
TXN0006093,normal,,ACC00156,ACC00265
TXN0006094,normal,,ACC00156,ACC00492
TXN0006095,normal,,ACC00415,ACC00156
TXN0006096,normal,,ACC00156,ACC00090
TXN0006097,normal,,ACC00156,ACC00496
TXN0006098,normal,,ACC00354,ACC00156
TXN0006099,normal,,ACC00156,ACC00304
TXN0006100,normal,,ACC00157,ACC00373
TXN0006101,normal,,ACC00157,ACC00373
TXN0006102,normal,,ACC00252,ACC00157
TXN0006103,normal,,ACC00147,ACC00157
TXN0006104,normal,,ACC00106,ACC00157
TXN0006105,normal,,ACC00157,ACC00059
TXN0006106,normal,,ACC00157,ACC00125
TXN0006107,normal,,ACC00098,ACC00157
TXN0006108,normal,,ACC00157,ACC00126
TXN0006109,normal,,ACC00157,ACC00483
TXN0006110,normal,,ACC00131,ACC00157
TXN0006111,normal,,ACC00131,ACC00157
TXN0006112,normal,,ACC00162,ACC00157
TXN0006113,normal,,ACC00157,ACC00277
TXN0006114,normal,,ACC00157,ACC00059
TXN0006115,normal,,ACC00382,ACC00157
TXN0006116,normal,,ACC00157,ACC00230
TXN0006117,normal,,ACC00432,ACC00157
TXN0006118,normal,,ACC00157,ACC00342
TXN0006119,normal,,ACC00157,ACC00106
TXN0006120,normal,,ACC00157,ACC00373
TXN0006121,normal,,ACC00444,ACC00157
TXN0006122,normal,,ACC00157,ACC00126
TXN0006123,normal,,ACC00059,ACC00157
TXN0006124,normal,,ACC00157,ACC00059
TXN0006125,normal,,ACC00157,ACC00020
TXN0006126,normal,,ACC00129,ACC00157
TXN0006127,normal,,ACC00157,ACC00131
TXN0006128,normal,,ACC00106,ACC00157
TXN0006129,normal,,ACC00157,ACC00098
TXN0006130,normal,,ACC00432,ACC00157
TXN0006131,normal,,ACC00252,ACC00157
TXN0006132,normal,,ACC00157,ACC00432
TXN0006133,normal,,ACC00157,ACC00126
TXN0006134,normal,,ACC00252,ACC00157
TXN0006135,normal,,ACC00131,ACC00157
TXN0006136,normal,,ACC00421,ACC00157
TXN0006137,normal,,ACC00373,ACC00157
TXN0006138,normal,,ACC00157,ACC00131
TXN0006139,normal,,ACC00157,ACC00098
TXN0006140,normal,,ACC00157,ACC00098
TXN0006141,normal,,ACC00157,ACC00106
TXN0006142,normal,,ACC00252,ACC00157
TXN0006143,normal,,ACC00157,ACC00325
TXN0006144,normal,,ACC00106,ACC00157
TXN0006145,normal,,ACC00048,ACC00157
TXN0006146,normal,,ACC00467,ACC00157
TXN0006147,normal,,ACC00157,ACC00059
TXN0006148,normal,,ACC00157,ACC00098
TXN0006149,normal,,ACC00059,ACC00157
TXN0006150,normal,,ACC00126,ACC00157
TXN0006151,normal,,ACC00157,ACC00131
TXN0006152,normal,,ACC00157,ACC00373
TXN0006153,normal,,ACC00158,ACC00439
TXN0006154,normal,,ACC00439,ACC00158
TXN0006155,normal,,ACC00076,ACC00158
TXN0006156,normal,,ACC00158,ACC00290
TXN0006157,normal,,ACC00158,ACC00277
TXN0006158,normal,,ACC00158,ACC00052
TXN0006159,normal,,ACC00440,ACC00158
TXN0006160,normal,,ACC00058,ACC00158
TXN0006161,normal,,ACC00290,ACC00158
TXN0006162,normal,,ACC00471,ACC00158
TXN0006163,normal,,ACC00277,ACC00158
TXN0006164,normal,,ACC00052,ACC00158
TXN0006165,normal,,ACC00158,ACC00290
TXN0006166,normal,,ACC00158,ACC00052
TXN0006167,normal,,ACC00158,ACC00058
TXN0006168,normal,,ACC00052,ACC00158
TXN0006169,normal,,ACC00158,ACC00439
TXN0006170,normal,,ACC00002,ACC00158
TXN0006171,normal,,ACC00158,ACC00489
TXN0006172,normal,,ACC00158,ACC00277
TXN0006173,normal,,ACC00052,ACC00158
TXN0006174,normal,,ACC00290,ACC00158
TXN0006175,normal,,ACC00158,ACC00012
TXN0006176,normal,,ACC00181,ACC00158
TXN0006177,normal,,ACC00181,ACC00158
TXN0006178,normal,,ACC00158,ACC00052
TXN0006179,normal,,ACC00158,ACC00223
TXN0006180,normal,,ACC00158,ACC00290
TXN0006181,normal,,ACC00290,ACC00158
TXN0006182,normal,,ACC00439,ACC00158
TXN0006183,normal,,ACC00177,ACC00158
TXN0006184,normal,,ACC00158,ACC00076
TXN0006185,normal,,ACC00159,ACC00321
TXN0006186,normal,,ACC00159,ACC00298
TXN0006187,normal,,ACC00262,ACC00159
TXN0006188,normal,,ACC00107,ACC00159
TXN0006189,normal,,ACC00246,ACC00159
TXN0006190,normal,,ACC00321,ACC00159
TXN0006191,normal,,ACC00159,ACC00107
TXN0006192,normal,,ACC00344,ACC00159
TXN0006193,normal,,ACC00028,ACC00159
TXN0006194,normal,,ACC00073,ACC00159
TXN0006195,normal,,ACC00310,ACC00159
TXN0006196,normal,,ACC00159,ACC00107
TXN0006197,normal,,ACC00287,ACC00159
TXN0006198,normal,,ACC00348,ACC00159
TXN0006199,normal,,ACC00159,ACC00107
TXN0006200,normal,,ACC00159,ACC00028
TXN0006201,normal,,ACC00245,ACC00159
TXN0006202,normal,,ACC00159,ACC00296
TXN0006203,normal,,ACC00160,ACC00432
TXN0006204,normal,,ACC00170,ACC00160
TXN0006205,normal,,ACC00219,ACC00160
TXN0006206,normal,,ACC00271,ACC00160
TXN0006207,normal,,ACC00432,ACC00160
TXN0006208,normal,,ACC00160,ACC00219
TXN0006209,normal,,ACC00160,ACC00043
TXN0006210,normal,,ACC00432,ACC00160
TXN0006211,normal,,ACC00160,ACC00182
TXN0006212,normal,,ACC00160,ACC00024
TXN0006213,normal,,ACC00160,ACC00024
TXN0006214,normal,,ACC00160,ACC00182
TXN0006215,normal,,ACC00160,ACC00432
TXN0006216,normal,,ACC00160,ACC00081
TXN0006217,normal,,ACC00160,ACC00170
TXN0006218,normal,,ACC00487,ACC00160
TXN0006219,normal,,ACC00170,ACC00160
TXN0006220,normal,,ACC00024,ACC00160
TXN0006221,normal,,ACC00160,ACC00170
TXN0006222,normal,,ACC00160,ACC00412
TXN0006223,normal,,ACC00363,ACC00160
TXN0006224,normal,,ACC00170,ACC00160
TXN0006225,normal,,ACC00160,ACC00024
TXN0006226,normal,,ACC00160,ACC00432
TXN0006227,normal,,ACC00472,ACC00160
TXN0006228,normal,,ACC00160,ACC00024
TXN0006229,normal,,ACC00081,ACC00160
TXN0006230,normal,,ACC00160,ACC00488
TXN0006231,normal,,ACC00160,ACC00426
TXN0006232,normal,,ACC00024,ACC00160
TXN0006233,normal,,ACC00102,ACC00160
TXN0006234,normal,,ACC00102,ACC00160
TXN0006235,normal,,ACC00160,ACC00432
TXN0006236,normal,,ACC00182,ACC00160
TXN0006237,normal,,ACC00160,ACC00081
TXN0006238,normal,,ACC00160,ACC00172
TXN0006239,normal,,ACC00160,ACC00182
TXN0006240,normal,,ACC00304,ACC00161
TXN0006241,normal,,ACC00161,ACC00452
TXN0006242,normal,,ACC00304,ACC00161
TXN0006243,normal,,ACC00161,ACC00050
TXN0006244,normal,,ACC00161,ACC00292
TXN0006245,normal,,ACC00161,ACC00258
TXN0006246,normal,,ACC00356,ACC00161
TXN0006247,normal,,ACC00161,ACC00341
TXN0006248,normal,,ACC00341,ACC00161
TXN0006249,normal,,ACC00200,ACC00161
TXN0006250,normal,,ACC00161,ACC00034
TXN0006251,normal,,ACC00356,ACC00161
TXN0006252,normal,,ACC00161,ACC00258
TXN0006253,normal,,ACC00161,ACC00304
TXN0006254,normal,,ACC00356,ACC00161
TXN0006255,normal,,ACC00304,ACC00161
TXN0006256,normal,,ACC00450,ACC00161
TXN0006257,normal,,ACC00304,ACC00161
TXN0006258,normal,,ACC00162,ACC00223
TXN0006259,normal,,ACC00003,ACC00162
TXN0006260,normal,,ACC00015,ACC00162
TXN0006261,normal,,ACC00255,ACC00162
TXN0006262,normal,,ACC00162,ACC00223
TXN0006263,normal,,ACC00167,ACC00162
TXN0006264,normal,,ACC00162,ACC00133
TXN0006265,normal,,ACC00162,ACC00167
TXN0006266,normal,,ACC00162,ACC00020
TXN0006267,normal,,ACC00403,ACC00162
TXN0006268,normal,,ACC00162,ACC00403
TXN0006269,normal,,ACC00162,ACC00354
TXN0006270,normal,,ACC00162,ACC00403
TXN0006271,normal,,ACC00255,ACC00162
TXN0006272,normal,,ACC00403,ACC00162
TXN0006273,normal,,ACC00403,ACC00162
TXN0006274,normal,,ACC00255,ACC00162
TXN0006275,normal,,ACC00162,ACC00476
TXN0006276,normal,,ACC00162,ACC00043
TXN0006277,normal,,ACC00162,ACC00255
TXN0006278,normal,,ACC00255,ACC00162
TXN0006279,normal,,ACC00162,ACC00028
TXN0006280,normal,,ACC00020,ACC00162
TXN0006281,normal,,ACC00409,ACC00162
TXN0006282,normal,,ACC00162,ACC00469
TXN0006283,normal,,ACC00223,ACC00162
TXN0006284,normal,,ACC00043,ACC00162
TXN0006285,normal,,ACC00015,ACC00162
TXN0006286,normal,,ACC00162,ACC00255
TXN0006287,normal,,ACC00020,ACC00162
TXN0006288,normal,,ACC00403,ACC00162
TXN0006289,normal,,ACC00409,ACC00162
TXN0006290,normal,,ACC00223,ACC00162
TXN0006291,normal,,ACC00162,ACC00351
TXN0006292,normal,,ACC00223,ACC00162
TXN0006293,normal,,ACC00162,ACC00020
TXN0006294,normal,,ACC00162,ACC00403
TXN0006295,normal,,ACC00162,ACC00020
TXN0006296,normal,,ACC00162,ACC00409
TXN0006297,normal,,ACC00409,ACC00162
TXN0006298,normal,,ACC00403,ACC00162
TXN0006299,normal,,ACC00167,ACC00162
TXN0006300,normal,,ACC00162,ACC00409
TXN0006301,normal,,ACC00162,ACC00409
TXN0006302,normal,,ACC00412,ACC00163
TXN0006303,normal,,ACC00163,ACC00170
TXN0006304,normal,,ACC00163,ACC00327
TXN0006305,normal,,ACC00163,ACC00241
TXN0006306,normal,,ACC00097,ACC00163
TXN0006307,normal,,ACC00163,ACC00130
TXN0006308,normal,,ACC00081,ACC00163
TXN0006309,normal,,ACC00163,ACC00300
TXN0006310,normal,,ACC00163,ACC00104
TXN0006311,normal,,ACC00130,ACC00163
TXN0006312,normal,,ACC00048,ACC00163
TXN0006313,normal,,ACC00163,ACC00170
TXN0006314,normal,,ACC00081,ACC00163
TXN0006315,normal,,ACC00163,ACC00048
TXN0006316,normal,,ACC00130,ACC00163
TXN0006317,normal,,ACC00241,ACC00163
TXN0006318,normal,,ACC00163,ACC00144
TXN0006319,normal,,ACC00042,ACC00163
TXN0006320,normal,,ACC00170,ACC00163
TXN0006321,normal,,ACC00048,ACC00163
TXN0006322,normal,,ACC00163,ACC00097
TXN0006323,normal,,ACC00130,ACC00163
TXN0006324,normal,,ACC00164,ACC00199
TXN0006325,normal,,ACC00003,ACC00164
TXN0006326,normal,,ACC00221,ACC00164
TXN0006327,normal,,ACC00164,ACC00168
TXN0006328,normal,,ACC00168,ACC00164
TXN0006329,normal,,ACC00003,ACC00164
TXN0006330,normal,,ACC00164,ACC00199
TXN0006331,normal,,ACC00164,ACC00340
TXN0006332,normal,,ACC00164,ACC00014
TXN0006333,normal,,ACC00164,ACC00168
TXN0006334,normal,,ACC00168,ACC00164
TXN0006335,normal,,ACC00164,ACC00353
TXN0006336,normal,,ACC00280,ACC00164
TXN0006337,normal,,ACC00168,ACC00164
TXN0006338,normal,,ACC00164,ACC00199
TXN0006339,normal,,ACC00164,ACC00395
TXN0006340,normal,,ACC00293,ACC00164
TXN0006341,normal,,ACC00293,ACC00164
TXN0006342,normal,,ACC00164,ACC00228
TXN0006343,normal,,ACC00164,ACC00003
TXN0006344,normal,,ACC00075,ACC00164
TXN0006345,normal,,ACC00165,ACC00275
TXN0006346,normal,,ACC00140,ACC00165
TXN0006347,normal,,ACC00165,ACC00295
TXN0006348,normal,,ACC00486,ACC00165
TXN0006349,normal,,ACC00140,ACC00165
TXN0006350,normal,,ACC00284,ACC00165
TXN0006351,normal,,ACC00410,ACC00165
TXN0006352,normal,,ACC00486,ACC00165
TXN0006353,normal,,ACC00421,ACC00165
TXN0006354,normal,,ACC00165,ACC00295
TXN0006355,normal,,ACC00421,ACC00165
TXN0006356,normal,,ACC00486,ACC00165
TXN0006357,normal,,ACC00165,ACC00421
TXN0006358,normal,,ACC00165,ACC00082
TXN0006359,normal,,ACC00165,ACC00140
TXN0006360,normal,,ACC00284,ACC00165
TXN0006361,normal,,ACC00165,ACC00486
TXN0006362,normal,,ACC00165,ACC00140
TXN0006363,normal,,ACC00140,ACC00165
TXN0006364,normal,,ACC00165,ACC00023
TXN0006365,normal,,ACC00410,ACC00165
TXN0006366,normal,,ACC00023,ACC00165
TXN0006367,normal,,ACC00165,ACC00486
TXN0006368,normal,,ACC00165,ACC00295
TXN0006369,normal,,ACC00165,ACC00023
TXN0006370,normal,,ACC00485,ACC00165
TXN0006371,normal,,ACC00343,ACC00165
TXN0006372,normal,,ACC00165,ACC00421
TXN0006373,normal,,ACC00486,ACC00165
TXN0006374,normal,,ACC00165,ACC00410
TXN0006375,normal,,ACC00165,ACC00421
TXN0006376,normal,,ACC00165,ACC00023
TXN0006377,normal,,ACC00165,ACC00486
TXN0006378,normal,,ACC00213,ACC00165
TXN0006379,normal,,ACC00165,ACC00486
TXN0006380,normal,,ACC00165,ACC00295
TXN0006381,normal,,ACC00165,ACC00410
TXN0006382,normal,,ACC00165,ACC00295
TXN0006383,normal,,ACC00067,ACC00165
TXN0006384,normal,,ACC00335,ACC00165
TXN0006385,normal,,ACC00165,ACC00162
TXN0006386,normal,,ACC00140,ACC00165
TXN0006387,normal,,ACC00165,ACC00485
TXN0006388,normal,,ACC00165,ACC00463
TXN0006389,normal,,ACC00323,ACC00166
TXN0006390,normal,,ACC00166,ACC00274
TXN0006391,normal,,ACC00466,ACC00166
TXN0006392,normal,,ACC00343,ACC00166
TXN0006393,normal,,ACC00346,ACC00166
TXN0006394,normal,,ACC00166,ACC00146
TXN0006395,normal,,ACC00166,ACC00386
TXN0006396,normal,,ACC00099,ACC00166
TXN0006397,normal,,ACC00166,ACC00208
TXN0006398,normal,,ACC00208,ACC00166
TXN0006399,normal,,ACC00323,ACC00166
TXN0006400,normal,,ACC00495,ACC00166
TXN0006401,normal,,ACC00031,ACC00166
TXN0006402,normal,,ACC00031,ACC00166
TXN0006403,normal,,ACC00166,ACC00466
TXN0006404,normal,,ACC00274,ACC00166
TXN0006405,normal,,ACC00466,ACC00166
TXN0006406,normal,,ACC00466,ACC00166
TXN0006407,normal,,ACC00166,ACC00466
TXN0006408,normal,,ACC00166,ACC00343
TXN0006409,normal,,ACC00166,ACC00323
TXN0006410,normal,,ACC00343,ACC00166
TXN0006411,normal,,ACC00166,ACC00349
TXN0006412,normal,,ACC00166,ACC00274
TXN0006413,normal,,ACC00031,ACC00166
TXN0006414,normal,,ACC00166,ACC00323
TXN0006415,normal,,ACC00166,ACC00323
TXN0006416,normal,,ACC00166,ACC00349
TXN0006417,normal,,ACC00323,ACC00166
TXN0006418,normal,,ACC00166,ACC00343
TXN0006419,normal,,ACC00166,ACC00031
TXN0006420,normal,,ACC00123,ACC00166
TXN0006421,normal,,ACC00466,ACC00166
TXN0006422,normal,,ACC00166,ACC00319
TXN0006423,normal,,ACC00166,ACC00274
TXN0006424,normal,,ACC00343,ACC00166
TXN0006425,normal,,ACC00166,ACC00343
TXN0006426,normal,,ACC00466,ACC00166
TXN0006427,normal,,ACC00166,ACC00031
TXN0006428,normal,,ACC00166,ACC00274
TXN0006429,normal,,ACC00343,ACC00166
TXN0006430,normal,,ACC00166,ACC00208
TXN0006431,normal,,ACC00166,ACC00031
TXN0006432,normal,,ACC00167,ACC00257
TXN0006433,normal,,ACC00227,ACC00167
TXN0006434,normal,,ACC00417,ACC00167
TXN0006435,normal,,ACC00436,ACC00167
TXN0006436,normal,,ACC00457,ACC00167
TXN0006437,normal,,ACC00382,ACC00167
TXN0006438,normal,,ACC00167,ACC00124
TXN0006439,normal,,ACC00280,ACC00167
TXN0006440,normal,,ACC00167,ACC00436
TXN0006441,normal,,ACC00167,ACC00436
TXN0006442,normal,,ACC00170,ACC00167
TXN0006443,normal,,ACC00167,ACC00385
TXN0006444,normal,,ACC00167,ACC00382
TXN0006445,normal,,ACC00167,ACC00382
TXN0006446,normal,,ACC00124,ACC00167
TXN0006447,normal,,ACC00167,ACC00320
TXN0006448,normal,,ACC00320,ACC00167
TXN0006449,normal,,ACC00167,ACC00320
TXN0006450,normal,,ACC00198,ACC00167
TXN0006451,normal,,ACC00382,ACC00167
TXN0006452,normal,,ACC00227,ACC00167
TXN0006453,normal,,ACC00167,ACC00311
TXN0006454,normal,,ACC00330,ACC00167
TXN0006455,normal,,ACC00167,ACC00320
TXN0006456,normal,,ACC00330,ACC00167
TXN0006457,normal,,ACC00407,ACC00167
TXN0006458,normal,,ACC00167,ACC00227
TXN0006459,normal,,ACC00320,ACC00167
TXN0006460,normal,,ACC00311,ACC00167
TXN0006461,normal,,ACC00436,ACC00167
TXN0006462,normal,,ACC00167,ACC00311
TXN0006463,normal,,ACC00407,ACC00167
TXN0006464,normal,,ACC00046,ACC00167
TXN0006465,normal,,ACC00167,ACC00246
TXN0006466,normal,,ACC00167,ACC00193
TXN0006467,normal,,ACC00227,ACC00167
TXN0006468,normal,,ACC00167,ACC00370
TXN0006469,normal,,ACC00320,ACC00167
TXN0006470,normal,,ACC00167,ACC00124
TXN0006471,normal,,ACC00167,ACC00227
TXN0006472,normal,,ACC00167,ACC00311
TXN0006473,normal,,ACC00227,ACC00167
TXN0006474,normal,,ACC00320,ACC00167
TXN0006475,normal,,ACC00167,ACC00382
TXN0006476,normal,,ACC00167,ACC00430
TXN0006477,normal,,ACC00167,ACC00311
TXN0006478,normal,,ACC00167,ACC00330
TXN0006479,normal,,ACC00168,ACC00077
TXN0006480,normal,,ACC00168,ACC00272
TXN0006481,normal,,ACC00077,ACC00168
TXN0006482,normal,,ACC00168,ACC00428
TXN0006483,normal,,ACC00168,ACC00298
TXN0006484,normal,,ACC00168,ACC00428
TXN0006485,normal,,ACC00272,ACC00168
TXN0006486,normal,,ACC00168,ACC00443
TXN0006487,normal,,ACC00298,ACC00168
TXN0006488,normal,,ACC00168,ACC00327
TXN0006489,normal,,ACC00077,ACC00168
TXN0006490,normal,,ACC00473,ACC00168
TXN0006491,normal,,ACC00168,ACC00485
TXN0006492,normal,,ACC00168,ACC00132
TXN0006493,normal,,ACC00458,ACC00168
TXN0006494,normal,,ACC00327,ACC00168
TXN0006495,normal,,ACC00168,ACC00036
TXN0006496,normal,,ACC00428,ACC00168
TXN0006497,normal,,ACC00036,ACC00168
TXN0006498,normal,,ACC00272,ACC00168
TXN0006499,normal,,ACC00458,ACC00168
TXN0006500,normal,,ACC00168,ACC00458
TXN0006501,normal,,ACC00168,ACC00036
TXN0006502,normal,,ACC00077,ACC00168
TXN0006503,normal,,ACC00298,ACC00168
TXN0006504,normal,,ACC00168,ACC00428
TXN0006505,normal,,ACC00036,ACC00168
TXN0006506,normal,,ACC00255,ACC00168
TXN0006507,normal,,ACC00168,ACC00327
TXN0006508,normal,,ACC00077,ACC00168
TXN0006509,normal,,ACC00168,ACC00269
TXN0006510,normal,,ACC00221,ACC00168
TXN0006511,normal,,ACC00298,ACC00168
TXN0006512,normal,,ACC00168,ACC00272
TXN0006513,normal,,ACC00168,ACC00272
TXN0006514,normal,,ACC00428,ACC00168
TXN0006515,normal,,ACC00298,ACC00168
TXN0006516,normal,,ACC00168,ACC00327
TXN0006517,normal,,ACC00168,ACC00036
TXN0006518,normal,,ACC00168,ACC00048
TXN0006519,normal,,ACC00327,ACC00168
TXN0006520,normal,,ACC00036,ACC00168
TXN0006521,normal,,ACC00168,ACC00479
TXN0006522,normal,,ACC00168,ACC00036
TXN0006523,normal,,ACC00428,ACC00168
TXN0006524,normal,,ACC00298,ACC00168
TXN0006525,normal,,ACC00428,ACC00168
TXN0006526,normal,,ACC00215,ACC00168
TXN0006527,normal,,ACC00168,ACC00327
TXN0006528,normal,,ACC00215,ACC00168
TXN0006529,normal,,ACC00036,ACC00168
TXN0006530,normal,,ACC00215,ACC00168
TXN0006531,normal,,ACC00168,ACC00105
TXN0006532,normal,,ACC00168,ACC00458
TXN0006533,normal,,ACC00077,ACC00168
TXN0006534,normal,,ACC00428,ACC00168
TXN0006535,normal,,ACC00298,ACC00168
TXN0006536,normal,,ACC00085,ACC00168
TXN0006537,normal,,ACC00168,ACC00272
TXN0006538,normal,,ACC00272,ACC00168
TXN0006539,normal,,ACC00169,ACC00349
TXN0006540,normal,,ACC00150,ACC00169
TXN0006541,normal,,ACC00349,ACC00169
TXN0006542,normal,,ACC00169,ACC00489
TXN0006543,normal,,ACC00169,ACC00441
TXN0006544,normal,,ACC00022,ACC00169
TXN0006545,normal,,ACC00193,ACC00169
TXN0006546,normal,,ACC00150,ACC00169
TXN0006547,normal,,ACC00111,ACC00169
TXN0006548,normal,,ACC00169,ACC00229
TXN0006549,normal,,ACC00280,ACC00169
TXN0006550,normal,,ACC00169,ACC00458
TXN0006551,normal,,ACC00315,ACC00169
TXN0006552,normal,,ACC00150,ACC00169
TXN0006553,normal,,ACC00150,ACC00169
TXN0006554,normal,,ACC00169,ACC00441
TXN0006555,normal,,ACC00279,ACC00169
TXN0006556,normal,,ACC00150,ACC00169
TXN0006557,normal,,ACC00169,ACC00079
TXN0006558,normal,,ACC00349,ACC00169
TXN0006559,normal,,ACC00169,ACC00349
TXN0006560,normal,,ACC00169,ACC00349
TXN0006561,normal,,ACC00022,ACC00169
TXN0006562,normal,,ACC00349,ACC00169
TXN0006563,normal,,ACC00169,ACC00150
TXN0006564,normal,,ACC00157,ACC00170
TXN0006565,normal,,ACC00170,ACC00261
TXN0006566,normal,,ACC00162,ACC00170
TXN0006567,normal,,ACC00170,ACC00157
TXN0006568,normal,,ACC00008,ACC00170
TXN0006569,normal,,ACC00193,ACC00170
TXN0006570,normal,,ACC00170,ACC00002
TXN0006571,normal,,ACC00105,ACC00170
TXN0006572,normal,,ACC00261,ACC00170
TXN0006573,normal,,ACC00170,ACC00250
TXN0006574,normal,,ACC00170,ACC00095
TXN0006575,normal,,ACC00170,ACC00439
TXN0006576,normal,,ACC00157,ACC00170
TXN0006577,normal,,ACC00170,ACC00250
TXN0006578,normal,,ACC00360,ACC00170
TXN0006579,normal,,ACC00170,ACC00250
TXN0006580,normal,,ACC00170,ACC00008
TXN0006581,normal,,ACC00357,ACC00170
TXN0006582,normal,,ACC00357,ACC00170
TXN0006583,normal,,ACC00170,ACC00008
TXN0006584,normal,,ACC00170,ACC00157
TXN0006585,normal,,ACC00095,ACC00170
TXN0006586,normal,,ACC00157,ACC00170
TXN0006587,normal,,ACC00170,ACC00013
TXN0006588,normal,,ACC00170,ACC00261
TXN0006589,normal,,ACC00170,ACC00157
TXN0006590,normal,,ACC00010,ACC00170
TXN0006591,normal,,ACC00357,ACC00170
TXN0006592,normal,,ACC00170,ACC00087
TXN0006593,normal,,ACC00360,ACC00170
TXN0006594,normal,,ACC00157,ACC00170
TXN0006595,normal,,ACC00170,ACC00388
TXN0006596,normal,,ACC00121,ACC00170
TXN0006597,normal,,ACC00170,ACC00360
TXN0006598,normal,,ACC00170,ACC00008
TXN0006599,normal,,ACC00170,ACC00261
TXN0006600,normal,,ACC00193,ACC00170
TXN0006601,normal,,ACC00170,ACC00019
TXN0006602,normal,,ACC00170,ACC00157
TXN0006603,normal,,ACC00039,ACC00171
TXN0006604,normal,,ACC00480,ACC00171
TXN0006605,normal,,ACC00171,ACC00039
TXN0006606,normal,,ACC00171,ACC00106
TXN0006607,normal,,ACC00171,ACC00106
TXN0006608,normal,,ACC00487,ACC00171
TXN0006609,normal,,ACC00171,ACC00039
TXN0006610,normal,,ACC00171,ACC00106
TXN0006611,normal,,ACC00487,ACC00171
TXN0006612,normal,,ACC00171,ACC00039
TXN0006613,normal,,ACC00186,ACC00171
TXN0006614,normal,,ACC00175,ACC00171
TXN0006615,normal,,ACC00171,ACC00039
TXN0006616,normal,,ACC00171,ACC00052
TXN0006617,normal,,ACC00039,ACC00171
TXN0006618,normal,,ACC00171,ACC00039
TXN0006619,normal,,ACC00201,ACC00171
TXN0006620,normal,,ACC00171,ACC00144
TXN0006621,normal,,ACC00175,ACC00171
TXN0006622,normal,,ACC00114,ACC00171
TXN0006623,normal,,ACC00132,ACC00171
TXN0006624,normal,,ACC00171,ACC00426
TXN0006625,normal,,ACC00171,ACC00114
TXN0006626,normal,,ACC00375,ACC00171
TXN0006627,normal,,ACC00114,ACC00171
TXN0006628,normal,,ACC00188,ACC00171
TXN0006629,normal,,ACC00171,ACC00026
TXN0006630,normal,,ACC00370,ACC00171
TXN0006631,normal,,ACC00219,ACC00171
TXN0006632,normal,,ACC00171,ACC00175
TXN0006633,normal,,ACC00171,ACC00314
TXN0006634,normal,,ACC00171,ACC00416
TXN0006635,normal,,ACC00375,ACC00171
TXN0006636,normal,,ACC00171,ACC00114
TXN0006637,normal,,ACC00171,ACC00375
TXN0006638,normal,,ACC00171,ACC00416
TXN0006639,normal,,ACC00375,ACC00171
TXN0006640,normal,,ACC00171,ACC00416
TXN0006641,normal,,ACC00487,ACC00171
TXN0006642,normal,,ACC00175,ACC00171
TXN0006643,normal,,ACC00171,ACC00487
TXN0006644,normal,,ACC00171,ACC00416
TXN0006645,normal,,ACC00106,ACC00171
TXN0006646,normal,,ACC00039,ACC00171
TXN0006647,normal,,ACC00106,ACC00171
TXN0006648,normal,,ACC00171,ACC00052
TXN0006649,normal,,ACC00171,ACC00052
TXN0006650,normal,,ACC00171,ACC00375
TXN0006651,normal,,ACC00375,ACC00171
TXN0006652,normal,,ACC00052,ACC00171
TXN0006653,normal,,ACC00171,ACC00375
TXN0006654,normal,,ACC00171,ACC00106
TXN0006655,normal,,ACC00416,ACC00171
TXN0006656,normal,,ACC00171,ACC00052
TXN0006657,normal,,ACC00039,ACC00171
TXN0006658,normal,,ACC00171,ACC00252
TXN0006659,normal,,ACC00171,ACC00039
TXN0006660,normal,,ACC00379,ACC00172
TXN0006661,normal,,ACC00207,ACC00172
TXN0006662,normal,,ACC00172,ACC00207
TXN0006663,normal,,ACC00172,ACC00245
TXN0006664,normal,,ACC00127,ACC00172
TXN0006665,normal,,ACC00172,ACC00245
TXN0006666,normal,,ACC00172,ACC00239
TXN0006667,normal,,ACC00207,ACC00172
TXN0006668,normal,,ACC00172,ACC00328
TXN0006669,normal,,ACC00172,ACC00487
TXN0006670,normal,,ACC00379,ACC00172
TXN0006671,normal,,ACC00239,ACC00172
TXN0006672,normal,,ACC00172,ACC00328
TXN0006673,normal,,ACC00172,ACC00328
TXN0006674,normal,,ACC00379,ACC00172
TXN0006675,normal,,ACC00416,ACC00172
TXN0006676,normal,,ACC00173,ACC00350
TXN0006677,normal,,ACC00173,ACC00407
TXN0006678,normal,,ACC00173,ACC00004
TXN0006679,normal,,ACC00445,ACC00173
TXN0006680,normal,,ACC00173,ACC00138
TXN0006681,normal,,ACC00173,ACC00350
TXN0006682,normal,,ACC00173,ACC00138
TXN0006683,normal,,ACC00445,ACC00173
TXN0006684,normal,,ACC00004,ACC00173
TXN0006685,normal,,ACC00173,ACC00445
TXN0006686,normal,,ACC00173,ACC00138
TXN0006687,normal,,ACC00173,ACC00096
TXN0006688,normal,,ACC00173,ACC00445
TXN0006689,normal,,ACC00262,ACC00173
TXN0006690,normal,,ACC00445,ACC00173
TXN0006691,normal,,ACC00173,ACC00445
TXN0006692,normal,,ACC00173,ACC00122
TXN0006693,normal,,ACC00350,ACC00173
TXN0006694,normal,,ACC00082,ACC00173
TXN0006695,normal,,ACC00173,ACC00407
TXN0006696,normal,,ACC00173,ACC00350
TXN0006697,normal,,ACC00173,ACC00122
TXN0006698,normal,,ACC00445,ACC00173
TXN0006699,normal,,ACC00245,ACC00173
TXN0006700,normal,,ACC00004,ACC00173
TXN0006701,normal,,ACC00173,ACC00082
TXN0006702,normal,,ACC00173,ACC00082
TXN0006703,normal,,ACC00173,ACC00350
TXN0006704,normal,,ACC00173,ACC00122
TXN0006705,normal,,ACC00173,ACC00407
TXN0006706,normal,,ACC00173,ACC00004
TXN0006707,normal,,ACC00173,ACC00445
TXN0006708,normal,,ACC00173,ACC00350
TXN0006709,normal,,ACC00096,ACC00173
TXN0006710,normal,,ACC00082,ACC00173
TXN0006711,normal,,ACC00173,ACC00004
TXN0006712,normal,,ACC00350,ACC00173
TXN0006713,normal,,ACC00350,ACC00173
TXN0006714,normal,,ACC00138,ACC00173
TXN0006715,normal,,ACC00173,ACC00082
TXN0006716,normal,,ACC00173,ACC00407
TXN0006717,normal,,ACC00173,ACC00004
TXN0006718,normal,,ACC00173,ACC00407
TXN0006719,normal,,ACC00350,ACC00173
TXN0006720,normal,,ACC00173,ACC00096
TXN0006721,normal,,ACC00067,ACC00174
TXN0006722,normal,,ACC00361,ACC00174
TXN0006723,normal,,ACC00174,ACC00361
TXN0006724,normal,,ACC00247,ACC00174
TXN0006725,normal,,ACC00036,ACC00174
TXN0006726,normal,,ACC00125,ACC00174
TXN0006727,normal,,ACC00286,ACC00174
TXN0006728,normal,,ACC00174,ACC00114
TXN0006729,normal,,ACC00219,ACC00174
TXN0006730,normal,,ACC00286,ACC00174
TXN0006731,normal,,ACC00174,ACC00099
TXN0006732,normal,,ACC00098,ACC00174
TXN0006733,normal,,ACC00174,ACC00036
TXN0006734,normal,,ACC00174,ACC00201
TXN0006735,normal,,ACC00417,ACC00174
TXN0006736,normal,,ACC00286,ACC00174
TXN0006737,normal,,ACC00226,ACC00174
TXN0006738,normal,,ACC00174,ACC00333
TXN0006739,normal,,ACC00174,ACC00114
TXN0006740,normal,,ACC00333,ACC00174
TXN0006741,normal,,ACC00008,ACC00174
TXN0006742,normal,,ACC00114,ACC00174
TXN0006743,normal,,ACC00384,ACC00174
TXN0006744,normal,,ACC00174,ACC00361
TXN0006745,normal,,ACC00247,ACC00174
TXN0006746,normal,,ACC00174,ACC00476
TXN0006747,normal,,ACC00174,ACC00476
TXN0006748,normal,,ACC00352,ACC00174
TXN0006749,normal,,ACC00174,ACC00476
TXN0006750,normal,,ACC00174,ACC00036
TXN0006751,normal,,ACC00476,ACC00174
TXN0006752,normal,,ACC00413,ACC00174
TXN0006753,normal,,ACC00174,ACC00286
TXN0006754,normal,,ACC00174,ACC00247
TXN0006755,normal,,ACC00174,ACC00286
TXN0006756,normal,,ACC00174,ACC00233
TXN0006757,normal,,ACC00174,ACC00333
TXN0006758,normal,,ACC00174,ACC00247
TXN0006759,normal,,ACC00036,ACC00174
TXN0006760,normal,,ACC00333,ACC00174
TXN0006761,normal,,ACC00247,ACC00174
TXN0006762,normal,,ACC00174,ACC00333
TXN0006763,normal,,ACC00174,ACC00247
TXN0006764,normal,,ACC00361,ACC00174
TXN0006765,normal,,ACC00361,ACC00174
TXN0006766,normal,,ACC00286,ACC00174
TXN0006767,normal,,ACC00174,ACC00247
TXN0006768,normal,,ACC00174,ACC00333
TXN0006769,normal,,ACC00174,ACC00114
TXN0006770,normal,,ACC00483,ACC00175
TXN0006771,normal,,ACC00175,ACC00180
TXN0006772,normal,,ACC00175,ACC00312
TXN0006773,normal,,ACC00175,ACC00216
TXN0006774,normal,,ACC00483,ACC00175
TXN0006775,normal,,ACC00483,ACC00175
TXN0006776,normal,,ACC00230,ACC00175
TXN0006777,normal,,ACC00230,ACC00175
TXN0006778,normal,,ACC00175,ACC00102
TXN0006779,normal,,ACC00175,ACC00271
TXN0006780,normal,,ACC00271,ACC00175
TXN0006781,normal,,ACC00180,ACC00175
TXN0006782,normal,,ACC00175,ACC00180
TXN0006783,normal,,ACC00108,ACC00175
TXN0006784,normal,,ACC00175,ACC00216
TXN0006785,normal,,ACC00444,ACC00175
TXN0006786,normal,,ACC00175,ACC00444
TXN0006787,normal,,ACC00230,ACC00175
TXN0006788,normal,,ACC00126,ACC00175
TXN0006789,normal,,ACC00175,ACC00180
TXN0006790,normal,,ACC00271,ACC00175
TXN0006791,normal,,ACC00108,ACC00175
TXN0006792,normal,,ACC00175,ACC00102
TXN0006793,normal,,ACC00180,ACC00175
TXN0006794,normal,,ACC00309,ACC00175
TXN0006795,normal,,ACC00478,ACC00175
TXN0006796,normal,,ACC00271,ACC00175
TXN0006797,normal,,ACC00483,ACC00175
TXN0006798,normal,,ACC00175,ACC00271
TXN0006799,normal,,ACC00175,ACC00271
TXN0006800,normal,,ACC00175,ACC00180
TXN0006801,normal,,ACC00175,ACC00271
TXN0006802,normal,,ACC00230,ACC00175
TXN0006803,normal,,ACC00175,ACC00230
TXN0006804,normal,,ACC00175,ACC00334
TXN0006805,normal,,ACC00175,ACC00271
TXN0006806,normal,,ACC00175,ACC00360
TXN0006807,normal,,ACC00471,ACC00175
TXN0006808,normal,,ACC00216,ACC00175
TXN0006809,normal,,ACC00230,ACC00175
TXN0006810,normal,,ACC00175,ACC00108
TXN0006811,normal,,ACC00175,ACC00097
TXN0006812,normal,,ACC00008,ACC00175
TXN0006813,normal,,ACC00444,ACC00175
TXN0006814,normal,,ACC00271,ACC00175
TXN0006815,normal,,ACC00180,ACC00175
TXN0006816,normal,,ACC00230,ACC00175
TXN0006817,normal,,ACC00175,ACC00444
TXN0006818,normal,,ACC00369,ACC00175
TXN0006819,normal,,ACC00469,ACC00175
TXN0006820,normal,,ACC00175,ACC00108
TXN0006821,normal,,ACC00102,ACC00175
TXN0006822,normal,,ACC00175,ACC00216
TXN0006823,normal,,ACC00175,ACC00444
TXN0006824,normal,,ACC00175,ACC00411
TXN0006825,normal,,ACC00175,ACC00271
TXN0006826,normal,,ACC00039,ACC00176
TXN0006827,normal,,ACC00310,ACC00176
TXN0006828,normal,,ACC00310,ACC00176
TXN0006829,normal,,ACC00422,ACC00176
TXN0006830,normal,,ACC00027,ACC00176
TXN0006831,normal,,ACC00387,ACC00176
TXN0006832,normal,,ACC00310,ACC00176
TXN0006833,normal,,ACC00176,ACC00485
TXN0006834,normal,,ACC00071,ACC00176
TXN0006835,normal,,ACC00485,ACC00176
TXN0006836,normal,,ACC00176,ACC00347
TXN0006837,normal,,ACC00485,ACC00176
TXN0006838,normal,,ACC00448,ACC00176
TXN0006839,normal,,ACC00176,ACC00422
TXN0006840,normal,,ACC00039,ACC00176
TXN0006841,normal,,ACC00347,ACC00176
TXN0006842,normal,,ACC00485,ACC00176
TXN0006843,normal,,ACC00347,ACC00176
TXN0006844,normal,,ACC00176,ACC00347
TXN0006845,normal,,ACC00383,ACC00176
TXN0006846,normal,,ACC00485,ACC00176
TXN0006847,normal,,ACC00422,ACC00176
TXN0006848,normal,,ACC00176,ACC00485
TXN0006849,normal,,ACC00448,ACC00176
TXN0006850,normal,,ACC00176,ACC00310
TXN0006851,normal,,ACC00485,ACC00176
TXN0006852,normal,,ACC00404,ACC00176
TXN0006853,normal,,ACC00039,ACC00176
TXN0006854,normal,,ACC00176,ACC00448
TXN0006855,normal,,ACC00422,ACC00176
TXN0006856,normal,,ACC00350,ACC00176
TXN0006857,normal,,ACC00176,ACC00387
TXN0006858,normal,,ACC00422,ACC00176
TXN0006859,normal,,ACC00176,ACC00231
TXN0006860,normal,,ACC00184,ACC00177
TXN0006861,normal,,ACC00341,ACC00177
TXN0006862,normal,,ACC00184,ACC00177
TXN0006863,normal,,ACC00408,ACC00177
TXN0006864,normal,,ACC00177,ACC00298
TXN0006865,normal,,ACC00169,ACC00177
TXN0006866,normal,,ACC00423,ACC00177
TXN0006867,normal,,ACC00336,ACC00177
TXN0006868,normal,,ACC00184,ACC00177
TXN0006869,normal,,ACC00314,ACC00177
TXN0006870,normal,,ACC00169,ACC00177
TXN0006871,normal,,ACC00399,ACC00177
TXN0006872,normal,,ACC00268,ACC00177
TXN0006873,normal,,ACC00177,ACC00233
TXN0006874,normal,,ACC00177,ACC00364
TXN0006875,normal,,ACC00177,ACC00184
TXN0006876,normal,,ACC00177,ACC00268
TXN0006877,normal,,ACC00177,ACC00298
TXN0006878,normal,,ACC00366,ACC00177
TXN0006879,normal,,ACC00177,ACC00169
TXN0006880,normal,,ACC00177,ACC00298
TXN0006881,normal,,ACC00169,ACC00177
TXN0006882,normal,,ACC00177,ACC00408
TXN0006883,normal,,ACC00298,ACC00177
TXN0006884,normal,,ACC00268,ACC00177
TXN0006885,normal,,ACC00184,ACC00177
TXN0006886,normal,,ACC00427,ACC00177
TXN0006887,normal,,ACC00177,ACC00298
TXN0006888,normal,,ACC00408,ACC00177
TXN0006889,normal,,ACC00177,ACC00028
TXN0006890,normal,,ACC00177,ACC00116
TXN0006891,normal,,ACC00169,ACC00177
TXN0006892,normal,,ACC00011,ACC00177
TXN0006893,normal,,ACC00423,ACC00177
TXN0006894,normal,,ACC00177,ACC00408
TXN0006895,normal,,ACC00177,ACC00169
TXN0006896,normal,,ACC00177,ACC00013
TXN0006897,normal,,ACC00298,ACC00177
TXN0006898,normal,,ACC00177,ACC00298
TXN0006899,normal,,ACC00408,ACC00177
TXN0006900,normal,,ACC00108,ACC00177
TXN0006901,normal,,ACC00233,ACC00177
TXN0006902,normal,,ACC00028,ACC00177
TXN0006903,normal,,ACC00402,ACC00178
TXN0006904,normal,,ACC00433,ACC00178
TXN0006905,normal,,ACC00265,ACC00178
TXN0006906,normal,,ACC00015,ACC00178
TXN0006907,normal,,ACC00015,ACC00178
TXN0006908,normal,,ACC00178,ACC00116
TXN0006909,normal,,ACC00491,ACC00178
TXN0006910,normal,,ACC00178,ACC00462
TXN0006911,normal,,ACC00178,ACC00015
TXN0006912,normal,,ACC00178,ACC00233
TXN0006913,normal,,ACC00178,ACC00275
TXN0006914,normal,,ACC00178,ACC00445
TXN0006915,normal,,ACC00178,ACC00445
TXN0006916,normal,,ACC00445,ACC00178
TXN0006917,normal,,ACC00280,ACC00178
TXN0006918,normal,,ACC00128,ACC00178
TXN0006919,normal,,ACC00178,ACC00280
TXN0006920,normal,,ACC00178,ACC00491
TXN0006921,normal,,ACC00182,ACC00178
TXN0006922,normal,,ACC00178,ACC00116
TXN0006923,normal,,ACC00280,ACC00178
TXN0006924,normal,,ACC00491,ACC00178
TXN0006925,normal,,ACC00178,ACC00280
TXN0006926,normal,,ACC00177,ACC00178
TXN0006927,normal,,ACC00178,ACC00445
TXN0006928,normal,,ACC00178,ACC00491
TXN0006929,normal,,ACC00178,ACC00280
TXN0006930,normal,,ACC00178,ACC00491
TXN0006931,normal,,ACC00178,ACC00128
TXN0006932,normal,,ACC00280,ACC00178
TXN0006933,normal,,ACC00178,ACC00128
TXN0006934,normal,,ACC00178,ACC00280
TXN0006935,normal,,ACC00178,ACC00445
TXN0006936,normal,,ACC00352,ACC00178
TXN0006937,normal,,ACC00445,ACC00178
TXN0006938,normal,,ACC00178,ACC00015
TXN0006939,normal,,ACC00491,ACC00178
TXN0006940,normal,,ACC00178,ACC00280
TXN0006941,normal,,ACC00178,ACC00352
TXN0006942,normal,,ACC00179,ACC00004
TXN0006943,normal,,ACC00179,ACC00115
TXN0006944,normal,,ACC00132,ACC00179
TXN0006945,normal,,ACC00179,ACC00054
TXN0006946,normal,,ACC00115,ACC00179
TXN0006947,normal,,ACC00203,ACC00179
TXN0006948,normal,,ACC00132,ACC00179
TXN0006949,normal,,ACC00179,ACC00203
TXN0006950,normal,,ACC00179,ACC00004
TXN0006951,normal,,ACC00179,ACC00054
TXN0006952,normal,,ACC00004,ACC00179
TXN0006953,normal,,ACC00179,ACC00187
TXN0006954,normal,,ACC00410,ACC00179
TXN0006955,normal,,ACC00179,ACC00159
TXN0006956,normal,,ACC00208,ACC00179
TXN0006957,normal,,ACC00203,ACC00179
TXN0006958,normal,,ACC00292,ACC00179
TXN0006959,normal,,ACC00137,ACC00179
TXN0006960,normal,,ACC00203,ACC00179
TXN0006961,normal,,ACC00054,ACC00179
TXN0006962,normal,,ACC00179,ACC00132
TXN0006963,normal,,ACC00050,ACC00179
TXN0006964,normal,,ACC00179,ACC00004
TXN0006965,normal,,ACC00179,ACC00115
TXN0006966,normal,,ACC00208,ACC00179
TXN0006967,normal,,ACC00179,ACC00004
TXN0006968,normal,,ACC00179,ACC00004
TXN0006969,normal,,ACC00115,ACC00179
TXN0006970,normal,,ACC00179,ACC00410
TXN0006971,normal,,ACC00179,ACC00285
TXN0006972,normal,,ACC00208,ACC00179
TXN0006973,normal,,ACC00179,ACC00137
TXN0006974,normal,,ACC00115,ACC00179
TXN0006975,normal,,ACC00115,ACC00179
TXN0006976,normal,,ACC00179,ACC00137
TXN0006977,normal,,ACC00410,ACC00179
TXN0006978,normal,,ACC00179,ACC00304
TXN0006979,normal,,ACC00179,ACC00004
TXN0006980,normal,,ACC00179,ACC00289
TXN0006981,normal,,ACC00115,ACC00179
TXN0006982,normal,,ACC00115,ACC00179
TXN0006983,normal,,ACC00179,ACC00137
TXN0006984,normal,,ACC00054,ACC00179
TXN0006985,normal,,ACC00179,ACC00208
TXN0006986,normal,,ACC00458,ACC00180
TXN0006987,normal,,ACC00187,ACC00180
TXN0006988,normal,,ACC00179,ACC00180
TXN0006989,normal,,ACC00436,ACC00180
TXN0006990,normal,,ACC00186,ACC00180
TXN0006991,normal,,ACC00180,ACC00235
TXN0006992,normal,,ACC00180,ACC00436
TXN0006993,normal,,ACC00180,ACC00187
TXN0006994,normal,,ACC00187,ACC00180
TXN0006995,normal,,ACC00180,ACC00260
TXN0006996,normal,,ACC00260,ACC00180
TXN0006997,normal,,ACC00180,ACC00436
TXN0006998,normal,,ACC00178,ACC00180
TXN0006999,normal,,ACC00186,ACC00180
TXN0007000,normal,,ACC00180,ACC00186
TXN0007001,normal,,ACC00495,ACC00180
TXN0007002,normal,,ACC00436,ACC00180
TXN0007003,normal,,ACC00179,ACC00180
TXN0007004,normal,,ACC00180,ACC00260
TXN0007005,normal,,ACC00179,ACC00180
TXN0007006,normal,,ACC00235,ACC00180
TXN0007007,normal,,ACC00260,ACC00180
TXN0007008,normal,,ACC00180,ACC00179
TXN0007009,normal,,ACC00231,ACC00180
TXN0007010,normal,,ACC00186,ACC00180
TXN0007011,normal,,ACC00436,ACC00180
TXN0007012,normal,,ACC00180,ACC00235
TXN0007013,normal,,ACC00180,ACC00434
TXN0007014,normal,,ACC00049,ACC00180
TXN0007015,normal,,ACC00180,ACC00235
TXN0007016,normal,,ACC00396,ACC00181
TXN0007017,normal,,ACC00457,ACC00181
TXN0007018,normal,,ACC00181,ACC00424
TXN0007019,normal,,ACC00181,ACC00436
TXN0007020,normal,,ACC00181,ACC00421
TXN0007021,normal,,ACC00136,ACC00181
TXN0007022,normal,,ACC00008,ACC00181
TXN0007023,normal,,ACC00181,ACC00136
TXN0007024,normal,,ACC00181,ACC00396
TXN0007025,normal,,ACC00181,ACC00008
TXN0007026,normal,,ACC00181,ACC00421
TXN0007027,normal,,ACC00181,ACC00457
TXN0007028,normal,,ACC00421,ACC00181
TXN0007029,normal,,ACC00136,ACC00181
TXN0007030,normal,,ACC00181,ACC00269
TXN0007031,normal,,ACC00457,ACC00181
TXN0007032,normal,,ACC00181,ACC00008
TXN0007033,normal,,ACC00260,ACC00181
TXN0007034,normal,,ACC00457,ACC00181
TXN0007035,normal,,ACC00396,ACC00181
TXN0007036,normal,,ACC00181,ACC00457
TXN0007037,normal,,ACC00008,ACC00181
TXN0007038,normal,,ACC00181,ACC00042
TXN0007039,normal,,ACC00181,ACC00008
TXN0007040,normal,,ACC00136,ACC00181
TXN0007041,normal,,ACC00181,ACC00136
TXN0007042,normal,,ACC00457,ACC00181
TXN0007043,normal,,ACC00396,ACC00181
TXN0007044,normal,,ACC00181,ACC00421
TXN0007045,normal,,ACC00181,ACC00378
TXN0007046,normal,,ACC00181,ACC00347
TXN0007047,normal,,ACC00181,ACC00457
TXN0007048,normal,,ACC00008,ACC00181
TXN0007049,normal,,ACC00181,ACC00457
TXN0007050,normal,,ACC00049,ACC00181
TXN0007051,normal,,ACC00457,ACC00181
TXN0007052,normal,,ACC00181,ACC00260
TXN0007053,normal,,ACC00260,ACC00181
TXN0007054,normal,,ACC00181,ACC00260
TXN0007055,normal,,ACC00181,ACC00042
TXN0007056,normal,,ACC00347,ACC00181
TXN0007057,normal,,ACC00181,ACC00260
TXN0007058,normal,,ACC00181,ACC00136
TXN0007059,normal,,ACC00181,ACC00347
TXN0007060,normal,,ACC00181,ACC00347
TXN0007061,normal,,ACC00181,ACC00008
TXN0007062,normal,,ACC00136,ACC00181
TXN0007063,normal,,ACC00347,ACC00181
TXN0007064,normal,,ACC00341,ACC00181
TXN0007065,normal,,ACC00181,ACC00347
TXN0007066,normal,,ACC00260,ACC00181
TXN0007067,normal,,ACC00260,ACC00181
TXN0007068,normal,,ACC00008,ACC00181
TXN0007069,normal,,ACC00042,ACC00181
TXN0007070,normal,,ACC00042,ACC00181
TXN0007071,normal,,ACC00418,ACC00182
TXN0007072,normal,,ACC00182,ACC00461
TXN0007073,normal,,ACC00413,ACC00182
TXN0007074,normal,,ACC00182,ACC00122
TXN0007075,normal,,ACC00393,ACC00182
TXN0007076,normal,,ACC00122,ACC00182
TXN0007077,normal,,ACC00209,ACC00182
TXN0007078,normal,,ACC00460,ACC00182
TXN0007079,normal,,ACC00182,ACC00002
TXN0007080,normal,,ACC00413,ACC00182
TXN0007081,normal,,ACC00182,ACC00393
TXN0007082,normal,,ACC00209,ACC00182
TXN0007083,normal,,ACC00413,ACC00182
TXN0007084,normal,,ACC00256,ACC00182
TXN0007085,normal,,ACC00182,ACC00461
TXN0007086,normal,,ACC00182,ACC00209
TXN0007087,normal,,ACC00182,ACC00425
TXN0007088,normal,,ACC00182,ACC00122
TXN0007089,normal,,ACC00418,ACC00182
TXN0007090,normal,,ACC00079,ACC00182
TXN0007091,normal,,ACC00209,ACC00182
TXN0007092,normal,,ACC00461,ACC00182
TXN0007093,normal,,ACC00024,ACC00182
TXN0007094,normal,,ACC00182,ACC00461
TXN0007095,normal,,ACC00182,ACC00418
TXN0007096,normal,,ACC00182,ACC00461
TXN0007097,normal,,ACC00460,ACC00182
TXN0007098,normal,,ACC00461,ACC00182
TXN0007099,normal,,ACC00095,ACC00182
TXN0007100,normal,,ACC00460,ACC00182
TXN0007101,normal,,ACC00182,ACC00460
TXN0007102,normal,,ACC00182,ACC00024
TXN0007103,normal,,ACC00182,ACC00413
TXN0007104,normal,,ACC00182,ACC00461
TXN0007105,normal,,ACC00182,ACC00393
TXN0007106,normal,,ACC00460,ACC00182
TXN0007107,normal,,ACC00182,ACC00461
TXN0007108,normal,,ACC00460,ACC00182
TXN0007109,normal,,ACC00183,ACC00486
TXN0007110,normal,,ACC00183,ACC00100
TXN0007111,normal,,ACC00183,ACC00259
TXN0007112,normal,,ACC00154,ACC00183
TXN0007113,normal,,ACC00420,ACC00183
TXN0007114,normal,,ACC00183,ACC00154
TXN0007115,normal,,ACC00183,ACC00486
TXN0007116,normal,,ACC00259,ACC00183
TXN0007117,normal,,ACC00144,ACC00183
TXN0007118,normal,,ACC00183,ACC00223
TXN0007119,normal,,ACC00285,ACC00183
TXN0007120,normal,,ACC00223,ACC00183
TXN0007121,normal,,ACC00183,ACC00154
TXN0007122,normal,,ACC00183,ACC00080
TXN0007123,normal,,ACC00183,ACC00486
TXN0007124,normal,,ACC00183,ACC00259
TXN0007125,normal,,ACC00100,ACC00183
TXN0007126,normal,,ACC00183,ACC00080
TXN0007127,normal,,ACC00183,ACC00033
TXN0007128,normal,,ACC00033,ACC00183
TXN0007129,normal,,ACC00144,ACC00183
TXN0007130,normal,,ACC00154,ACC00183
TXN0007131,normal,,ACC00033,ACC00183
TXN0007132,normal,,ACC00053,ACC00183
TXN0007133,normal,,ACC00183,ACC00449
TXN0007134,normal,,ACC00183,ACC00100
TXN0007135,normal,,ACC00154,ACC00183
TXN0007136,normal,,ACC00183,ACC00380
TXN0007137,normal,,ACC00183,ACC00259
TXN0007138,normal,,ACC00167,ACC00183
TXN0007139,normal,,ACC00080,ACC00183
TXN0007140,normal,,ACC00183,ACC00326
TXN0007141,normal,,ACC00183,ACC00259
TXN0007142,normal,,ACC00183,ACC00100
TXN0007143,normal,,ACC00154,ACC00183
TXN0007144,normal,,ACC00100,ACC00183
TXN0007145,normal,,ACC00183,ACC00144
TXN0007146,normal,,ACC00183,ACC00154
TXN0007147,normal,,ACC00486,ACC00183
TXN0007148,normal,,ACC00183,ACC00154
TXN0007149,normal,,ACC00183,ACC00154
TXN0007150,normal,,ACC00183,ACC00154
TXN0007151,normal,,ACC00183,ACC00054
TXN0007152,normal,,ACC00183,ACC00154
TXN0007153,normal,,ACC00338,ACC00183
TXN0007154,normal,,ACC00259,ACC00183
TXN0007155,normal,,ACC00089,ACC00183
TXN0007156,normal,,ACC00183,ACC00144
TXN0007157,normal,,ACC00183,ACC00154
TXN0007158,normal,,ACC00183,ACC00259
TXN0007159,normal,,ACC00183,ACC00259
TXN0007160,normal,,ACC00183,ACC00033
TXN0007161,normal,,ACC00033,ACC00183
TXN0007162,normal,,ACC00033,ACC00183
TXN0007163,normal,,ACC00183,ACC00100
TXN0007164,normal,,ACC00183,ACC00486
TXN0007165,normal,,ACC00100,ACC00183
TXN0007166,normal,,ACC00183,ACC00224
TXN0007167,normal,,ACC00033,ACC00183
TXN0007168,normal,,ACC00184,ACC00325
TXN0007169,normal,,ACC00184,ACC00054
TXN0007170,normal,,ACC00184,ACC00054
TXN0007171,normal,,ACC00184,ACC00495
TXN0007172,normal,,ACC00054,ACC00184
TXN0007173,normal,,ACC00006,ACC00184
TXN0007174,normal,,ACC00184,ACC00210
TXN0007175,normal,,ACC00217,ACC00184
TXN0007176,normal,,ACC00485,ACC00184
TXN0007177,normal,,ACC00184,ACC00333
TXN0007178,normal,,ACC00333,ACC00184
TXN0007179,normal,,ACC00325,ACC00184
TXN0007180,normal,,ACC00495,ACC00184
TXN0007181,normal,,ACC00495,ACC00184
TXN0007182,normal,,ACC00495,ACC00184
TXN0007183,normal,,ACC00223,ACC00184
TXN0007184,normal,,ACC00184,ACC00282
TXN0007185,normal,,ACC00440,ACC00184
TXN0007186,normal,,ACC00184,ACC00495
TXN0007187,normal,,ACC00217,ACC00184
TXN0007188,normal,,ACC00184,ACC00325
TXN0007189,normal,,ACC00054,ACC00184
TXN0007190,normal,,ACC00184,ACC00217
TXN0007191,normal,,ACC00184,ACC00440
TXN0007192,normal,,ACC00184,ACC00006
TXN0007193,normal,,ACC00325,ACC00184
TXN0007194,normal,,ACC00167,ACC00184
TXN0007195,normal,,ACC00184,ACC00006
TXN0007196,normal,,ACC00218,ACC00184
TXN0007197,normal,,ACC00054,ACC00184
TXN0007198,normal,,ACC00184,ACC00325
TXN0007199,normal,,ACC00184,ACC00006
TXN0007200,normal,,ACC00306,ACC00184
TXN0007201,normal,,ACC00006,ACC00184
TXN0007202,normal,,ACC00184,ACC00167
TXN0007203,normal,,ACC00167,ACC00184
TXN0007204,normal,,ACC00184,ACC00217
TXN0007205,normal,,ACC00184,ACC00054
TXN0007206,normal,,ACC00160,ACC00184
TXN0007207,normal,,ACC00184,ACC00440
TXN0007208,normal,,ACC00185,ACC00192
TXN0007209,normal,,ACC00007,ACC00185
TXN0007210,normal,,ACC00185,ACC00108
TXN0007211,normal,,ACC00359,ACC00185
TXN0007212,normal,,ACC00007,ACC00185
TXN0007213,normal,,ACC00185,ACC00327
TXN0007214,normal,,ACC00185,ACC00489
TXN0007215,normal,,ACC00185,ACC00489
TXN0007216,normal,,ACC00185,ACC00319
TXN0007217,normal,,ACC00185,ACC00203
TXN0007218,normal,,ACC00185,ACC00489
TXN0007219,normal,,ACC00243,ACC00185
TXN0007220,normal,,ACC00185,ACC00456
TXN0007221,normal,,ACC00185,ACC00359
TXN0007222,normal,,ACC00192,ACC00185
TXN0007223,normal,,ACC00007,ACC00185
TXN0007224,normal,,ACC00192,ACC00185
TXN0007225,normal,,ACC00418,ACC00185
TXN0007226,normal,,ACC00239,ACC00186
TXN0007227,normal,,ACC00186,ACC00275
TXN0007228,normal,,ACC00252,ACC00186
TXN0007229,normal,,ACC00275,ACC00186
TXN0007230,normal,,ACC00355,ACC00186
TXN0007231,normal,,ACC00186,ACC00268
TXN0007232,normal,,ACC00186,ACC00275
TXN0007233,normal,,ACC00186,ACC00275
TXN0007234,normal,,ACC00364,ACC00186
TXN0007235,normal,,ACC00275,ACC00186
TXN0007236,normal,,ACC00186,ACC00437
TXN0007237,normal,,ACC00239,ACC00186
TXN0007238,normal,,ACC00186,ACC00414
TXN0007239,normal,,ACC00252,ACC00186
TXN0007240,normal,,ACC00195,ACC00186
TXN0007241,normal,,ACC00032,ACC00186
TXN0007242,normal,,ACC00187,ACC00387
TXN0007243,normal,,ACC00228,ACC00187
TXN0007244,normal,,ACC00187,ACC00202
TXN0007245,normal,,ACC00187,ACC00228
TXN0007246,normal,,ACC00310,ACC00187
TXN0007247,normal,,ACC00187,ACC00310
TXN0007248,normal,,ACC00272,ACC00187
TXN0007249,normal,,ACC00111,ACC00187
TXN0007250,normal,,ACC00202,ACC00187
TXN0007251,normal,,ACC00387,ACC00187
TXN0007252,normal,,ACC00187,ACC00054
TXN0007253,normal,,ACC00054,ACC00187
TXN0007254,normal,,ACC00187,ACC00387
TXN0007255,normal,,ACC00054,ACC00187
TXN0007256,normal,,ACC00202,ACC00187
TXN0007257,normal,,ACC00187,ACC00310
TXN0007258,normal,,ACC00387,ACC00187
TXN0007259,normal,,ACC00187,ACC00310
TXN0007260,normal,,ACC00123,ACC00187
TXN0007261,normal,,ACC00228,ACC00187
TXN0007262,normal,,ACC00157,ACC00187
TXN0007263,normal,,ACC00187,ACC00157
TXN0007264,normal,,ACC00187,ACC00111
TXN0007265,normal,,ACC00187,ACC00228
TXN0007266,normal,,ACC00031,ACC00187
TXN0007267,normal,,ACC00187,ACC00272
TXN0007268,normal,,ACC00187,ACC00111
TXN0007269,normal,,ACC00054,ACC00187
TXN0007270,normal,,ACC00187,ACC00107
TXN0007271,normal,,ACC00187,ACC00387
TXN0007272,normal,,ACC00187,ACC00378
TXN0007273,normal,,ACC00157,ACC00187
TXN0007274,normal,,ACC00136,ACC00187
TXN0007275,normal,,ACC00272,ACC00187
TXN0007276,normal,,ACC00187,ACC00272
TXN0007277,normal,,ACC00187,ACC00054
TXN0007278,normal,,ACC00187,ACC00054
TXN0007279,normal,,ACC00187,ACC00228
TXN0007280,normal,,ACC00187,ACC00348
TXN0007281,normal,,ACC00230,ACC00187
TXN0007282,normal,,ACC00187,ACC00272
TXN0007283,normal,,ACC00272,ACC00187
TXN0007284,normal,,ACC00187,ACC00233
TXN0007285,normal,,ACC00187,ACC00228
TXN0007286,normal,,ACC00188,ACC00186
TXN0007287,normal,,ACC00343,ACC00188
TXN0007288,normal,,ACC00188,ACC00186
TXN0007289,normal,,ACC00343,ACC00188
TXN0007290,normal,,ACC00188,ACC00135
TXN0007291,normal,,ACC00188,ACC00247
TXN0007292,normal,,ACC00188,ACC00093
TXN0007293,normal,,ACC00115,ACC00188
TXN0007294,normal,,ACC00194,ACC00188
TXN0007295,normal,,ACC00194,ACC00188
TXN0007296,normal,,ACC00188,ACC00343
TXN0007297,normal,,ACC00186,ACC00188
TXN0007298,normal,,ACC00115,ACC00188
TXN0007299,normal,,ACC00188,ACC00395
TXN0007300,normal,,ACC00247,ACC00188
TXN0007301,normal,,ACC00093,ACC00188
TXN0007302,normal,,ACC00188,ACC00432
TXN0007303,normal,,ACC00186,ACC00188
TXN0007304,normal,,ACC00188,ACC00186
TXN0007305,normal,,ACC00188,ACC00247
TXN0007306,normal,,ACC00188,ACC00186
TXN0007307,normal,,ACC00188,ACC00186
TXN0007308,normal,,ACC00293,ACC00188
TXN0007309,normal,,ACC00188,ACC00293
TXN0007310,normal,,ACC00188,ACC00247
TXN0007311,normal,,ACC00039,ACC00188
TXN0007312,normal,,ACC00188,ACC00115
TXN0007313,normal,,ACC00093,ACC00188
TXN0007314,normal,,ACC00048,ACC00188
TXN0007315,normal,,ACC00188,ACC00115
TXN0007316,normal,,ACC00194,ACC00188
TXN0007317,normal,,ACC00014,ACC00188
TXN0007318,normal,,ACC00188,ACC00186
TXN0007319,normal,,ACC00246,ACC00188
TXN0007320,normal,,ACC00178,ACC00188
TXN0007321,normal,,ACC00188,ACC00287
TXN0007322,normal,,ACC00014,ACC00189
TXN0007323,normal,,ACC00189,ACC00060
TXN0007324,normal,,ACC00189,ACC00153
TXN0007325,normal,,ACC00189,ACC00001
TXN0007326,normal,,ACC00189,ACC00126
TXN0007327,normal,,ACC00189,ACC00046
TXN0007328,normal,,ACC00189,ACC00014
TXN0007329,normal,,ACC00232,ACC00189
TXN0007330,normal,,ACC00189,ACC00497
TXN0007331,normal,,ACC00189,ACC00311
TXN0007332,normal,,ACC00001,ACC00189
TXN0007333,normal,,ACC00497,ACC00189
TXN0007334,normal,,ACC00189,ACC00497
TXN0007335,normal,,ACC00001,ACC00189
TXN0007336,normal,,ACC00261,ACC00189
TXN0007337,normal,,ACC00100,ACC00189
TXN0007338,normal,,ACC00311,ACC00189
TXN0007339,normal,,ACC00189,ACC00001
TXN0007340,normal,,ACC00402,ACC00189
TXN0007341,normal,,ACC00497,ACC00189
TXN0007342,normal,,ACC00014,ACC00189
TXN0007343,normal,,ACC00497,ACC00189
TXN0007344,normal,,ACC00189,ACC00048
TXN0007345,normal,,ACC00497,ACC00189
TXN0007346,normal,,ACC00048,ACC00189
TXN0007347,normal,,ACC00189,ACC00001
TXN0007348,normal,,ACC00048,ACC00189
TXN0007349,normal,,ACC00189,ACC00020
TXN0007350,normal,,ACC00168,ACC00189
TXN0007351,normal,,ACC00402,ACC00189
TXN0007352,normal,,ACC00189,ACC00464
TXN0007353,normal,,ACC00189,ACC00232
TXN0007354,normal,,ACC00189,ACC00402
TXN0007355,normal,,ACC00311,ACC00189
TXN0007356,normal,,ACC00402,ACC00189
TXN0007357,normal,,ACC00048,ACC00189
TXN0007358,normal,,ACC00014,ACC00189
TXN0007359,normal,,ACC00232,ACC00189
TXN0007360,normal,,ACC00048,ACC00189
TXN0007361,normal,,ACC00189,ACC00048
TXN0007362,normal,,ACC00189,ACC00215
TXN0007363,normal,,ACC00232,ACC00189
TXN0007364,normal,,ACC00189,ACC00254
TXN0007365,normal,,ACC00190,ACC00018
TXN0007366,normal,,ACC00190,ACC00383
TXN0007367,normal,,ACC00018,ACC00190
TXN0007368,normal,,ACC00190,ACC00104
TXN0007369,normal,,ACC00486,ACC00190
TXN0007370,normal,,ACC00190,ACC00101
TXN0007371,normal,,ACC00190,ACC00101
TXN0007372,normal,,ACC00192,ACC00190
TXN0007373,normal,,ACC00486,ACC00190
TXN0007374,normal,,ACC00018,ACC00190
TXN0007375,normal,,ACC00172,ACC00190
TXN0007376,normal,,ACC00190,ACC00022
TXN0007377,normal,,ACC00190,ACC00018
TXN0007378,normal,,ACC00190,ACC00060
TXN0007379,normal,,ACC00190,ACC00167
TXN0007380,normal,,ACC00190,ACC00018
TXN0007381,normal,,ACC00190,ACC00486
TXN0007382,normal,,ACC00101,ACC00190
TXN0007383,normal,,ACC00413,ACC00190
TXN0007384,normal,,ACC00018,ACC00190
TXN0007385,normal,,ACC00190,ACC00008
TXN0007386,normal,,ACC00190,ACC00104
TXN0007387,normal,,ACC00101,ACC00190
TXN0007388,normal,,ACC00060,ACC00190
TXN0007389,normal,,ACC00005,ACC00190
TXN0007390,normal,,ACC00172,ACC00190
TXN0007391,normal,,ACC00190,ACC00172
TXN0007392,normal,,ACC00341,ACC00190
TXN0007393,normal,,ACC00190,ACC00018
TXN0007394,normal,,ACC00190,ACC00060
TXN0007395,normal,,ACC00190,ACC00104
TXN0007396,normal,,ACC00190,ACC00192
TXN0007397,normal,,ACC00172,ACC00190
TXN0007398,normal,,ACC00190,ACC00068
TXN0007399,normal,,ACC00190,ACC00290
TXN0007400,normal,,ACC00190,ACC00486
TXN0007401,normal,,ACC00413,ACC00190
TXN0007402,normal,,ACC00104,ACC00190
TXN0007403,normal,,ACC00190,ACC00192
TXN0007404,normal,,ACC00190,ACC00101
TXN0007405,normal,,ACC00190,ACC00413
TXN0007406,normal,,ACC00191,ACC00294
TXN0007407,normal,,ACC00191,ACC00264
TXN0007408,normal,,ACC00191,ACC00330
TXN0007409,normal,,ACC00191,ACC00330
TXN0007410,normal,,ACC00192,ACC00191
TXN0007411,normal,,ACC00191,ACC00264
TXN0007412,normal,,ACC00294,ACC00191
TXN0007413,normal,,ACC00191,ACC00375
TXN0007414,normal,,ACC00191,ACC00442
TXN0007415,normal,,ACC00330,ACC00191
TXN0007416,normal,,ACC00191,ACC00347
TXN0007417,normal,,ACC00330,ACC00191
TXN0007418,normal,,ACC00442,ACC00191
TXN0007419,normal,,ACC00330,ACC00191
TXN0007420,normal,,ACC00191,ACC00400
TXN0007421,normal,,ACC00191,ACC00347
TXN0007422,normal,,ACC00191,ACC00264
TXN0007423,normal,,ACC00191,ACC00095
TXN0007424,normal,,ACC00103,ACC00191
TXN0007425,normal,,ACC00347,ACC00191
TXN0007426,normal,,ACC00375,ACC00191
TXN0007427,normal,,ACC00330,ACC00191
TXN0007428,normal,,ACC00191,ACC00375
TXN0007429,normal,,ACC00191,ACC00355
TXN0007430,normal,,ACC00347,ACC00191
TXN0007431,normal,,ACC00400,ACC00191
TXN0007432,normal,,ACC00317,ACC00191
TXN0007433,normal,,ACC00294,ACC00191
TXN0007434,normal,,ACC00330,ACC00191
TXN0007435,normal,,ACC00294,ACC00191
TXN0007436,normal,,ACC00191,ACC00347
TXN0007437,normal,,ACC00191,ACC00264
TXN0007438,normal,,ACC00191,ACC00330
TXN0007439,normal,,ACC00191,ACC00103
TXN0007440,normal,,ACC00191,ACC00298
TXN0007441,normal,,ACC00192,ACC00464
TXN0007442,normal,,ACC00192,ACC00266
TXN0007443,normal,,ACC00123,ACC00192
TXN0007444,normal,,ACC00234,ACC00192
TXN0007445,normal,,ACC00192,ACC00234
TXN0007446,normal,,ACC00267,ACC00192
TXN0007447,normal,,ACC00254,ACC00192
TXN0007448,normal,,ACC00192,ACC00234
TXN0007449,normal,,ACC00398,ACC00192
TXN0007450,normal,,ACC00192,ACC00464
TXN0007451,normal,,ACC00192,ACC00190
TXN0007452,normal,,ACC00192,ACC00300
TXN0007453,normal,,ACC00281,ACC00192
TXN0007454,normal,,ACC00192,ACC00300
TXN0007455,normal,,ACC00192,ACC00381
TXN0007456,normal,,ACC00356,ACC00192
TXN0007457,normal,,ACC00192,ACC00254
TXN0007458,normal,,ACC00464,ACC00192
TXN0007459,normal,,ACC00300,ACC00192
TXN0007460,normal,,ACC00192,ACC00190
TXN0007461,normal,,ACC00325,ACC00192
TXN0007462,normal,,ACC00192,ACC00037
TXN0007463,normal,,ACC00193,ACC00302
TXN0007464,normal,,ACC00193,ACC00302
TXN0007465,normal,,ACC00193,ACC00243
TXN0007466,normal,,ACC00193,ACC00302
TXN0007467,normal,,ACC00390,ACC00193
TXN0007468,normal,,ACC00089,ACC00193
TXN0007469,normal,,ACC00193,ACC00243
TXN0007470,normal,,ACC00193,ACC00056
TXN0007471,normal,,ACC00450,ACC00193
TXN0007472,normal,,ACC00078,ACC00193
TXN0007473,normal,,ACC00193,ACC00078
TXN0007474,normal,,ACC00193,ACC00302
TXN0007475,normal,,ACC00193,ACC00078
TXN0007476,normal,,ACC00090,ACC00193
TXN0007477,normal,,ACC00193,ACC00268
TXN0007478,normal,,ACC00180,ACC00193
TXN0007479,normal,,ACC00014,ACC00193
TXN0007480,normal,,ACC00193,ACC00090
TXN0007481,normal,,ACC00193,ACC00090
TXN0007482,normal,,ACC00193,ACC00056
TXN0007483,normal,,ACC00089,ACC00193
TXN0007484,normal,,ACC00194,ACC00120
TXN0007485,normal,,ACC00194,ACC00112
TXN0007486,normal,,ACC00194,ACC00120
TXN0007487,normal,,ACC00307,ACC00194
TXN0007488,normal,,ACC00194,ACC00349
TXN0007489,normal,,ACC00194,ACC00222
TXN0007490,normal,,ACC00409,ACC00194
TXN0007491,normal,,ACC00194,ACC00182
TXN0007492,normal,,ACC00120,ACC00194
TXN0007493,normal,,ACC00194,ACC00085
TXN0007494,normal,,ACC00488,ACC00194
TXN0007495,normal,,ACC00194,ACC00120
TXN0007496,normal,,ACC00194,ACC00488
TXN0007497,normal,,ACC00194,ACC00367
TXN0007498,normal,,ACC00194,ACC00488
TXN0007499,normal,,ACC00194,ACC00409
TXN0007500,normal,,ACC00182,ACC00194
TXN0007501,normal,,ACC00194,ACC00349
TXN0007502,normal,,ACC00194,ACC00139
TXN0007503,normal,,ACC00194,ACC00488
TXN0007504,normal,,ACC00194,ACC00349
TXN0007505,normal,,ACC00194,ACC00139
TXN0007506,normal,,ACC00409,ACC00194
TXN0007507,normal,,ACC00139,ACC00194
TXN0007508,normal,,ACC00139,ACC00194
TXN0007509,normal,,ACC00194,ACC00349
TXN0007510,normal,,ACC00120,ACC00194
TXN0007511,normal,,ACC00182,ACC00194
TXN0007512,normal,,ACC00120,ACC00194
TXN0007513,normal,,ACC00488,ACC00194
TXN0007514,normal,,ACC00194,ACC00312
TXN0007515,normal,,ACC00194,ACC00409
TXN0007516,normal,,ACC00194,ACC00349
TXN0007517,normal,,ACC00139,ACC00194
TXN0007518,normal,,ACC00194,ACC00450
TXN0007519,normal,,ACC00194,ACC00042
TXN0007520,normal,,ACC00194,ACC00042
TXN0007521,normal,,ACC00120,ACC00194
TXN0007522,normal,,ACC00222,ACC00194
TXN0007523,normal,,ACC00194,ACC00139
TXN0007524,normal,,ACC00250,ACC00194
TXN0007525,normal,,ACC00194,ACC00222
TXN0007526,normal,,ACC00194,ACC00222
TXN0007527,normal,,ACC00194,ACC00182
TXN0007528,normal,,ACC00257,ACC00194
TXN0007529,normal,,ACC00349,ACC00194
TXN0007530,normal,,ACC00194,ACC00139
TXN0007531,normal,,ACC00120,ACC00194
TXN0007532,normal,,ACC00195,ACC00387
TXN0007533,normal,,ACC00110,ACC00195
TXN0007534,normal,,ACC00342,ACC00195
TXN0007535,normal,,ACC00016,ACC00195
TXN0007536,normal,,ACC00195,ACC00496
TXN0007537,normal,,ACC00263,ACC00195
TXN0007538,normal,,ACC00110,ACC00195
TXN0007539,normal,,ACC00448,ACC00195
TXN0007540,normal,,ACC00195,ACC00448
TXN0007541,normal,,ACC00376,ACC00195
TXN0007542,normal,,ACC00448,ACC00195
TXN0007543,normal,,ACC00295,ACC00195
TXN0007544,normal,,ACC00195,ACC00073
TXN0007545,normal,,ACC00195,ACC00295
TXN0007546,normal,,ACC00003,ACC00195
TXN0007547,normal,,ACC00448,ACC00195
TXN0007548,normal,,ACC00195,ACC00247
TXN0007549,normal,,ACC00448,ACC00195
TXN0007550,normal,,ACC00295,ACC00195
TXN0007551,normal,,ACC00169,ACC00195
TXN0007552,normal,,ACC00223,ACC00195
TXN0007553,normal,,ACC00295,ACC00195
TXN0007554,normal,,ACC00195,ACC00110
TXN0007555,normal,,ACC00073,ACC00195
TXN0007556,normal,,ACC00195,ACC00448
TXN0007557,normal,,ACC00110,ACC00195
TXN0007558,normal,,ACC00376,ACC00195
TXN0007559,normal,,ACC00152,ACC00195
TXN0007560,normal,,ACC00195,ACC00295
TXN0007561,normal,,ACC00195,ACC00263
TXN0007562,normal,,ACC00448,ACC00195
TXN0007563,normal,,ACC00099,ACC00195
TXN0007564,normal,,ACC00195,ACC00496
TXN0007565,normal,,ACC00376,ACC00195
TXN0007566,normal,,ACC00195,ACC00110
TXN0007567,normal,,ACC00195,ACC00295
TXN0007568,normal,,ACC00195,ACC00496
TXN0007569,normal,,ACC00195,ACC00364
TXN0007570,normal,,ACC00311,ACC00195
TXN0007571,normal,,ACC00496,ACC00195
TXN0007572,normal,,ACC00196,ACC00134
TXN0007573,normal,,ACC00134,ACC00196
TXN0007574,normal,,ACC00069,ACC00196
TXN0007575,normal,,ACC00196,ACC00184
TXN0007576,normal,,ACC00448,ACC00196
TXN0007577,normal,,ACC00196,ACC00448
TXN0007578,normal,,ACC00196,ACC00445
TXN0007579,normal,,ACC00196,ACC00125
TXN0007580,normal,,ACC00057,ACC00196
TXN0007581,normal,,ACC00196,ACC00042
TXN0007582,normal,,ACC00196,ACC00445
TXN0007583,normal,,ACC00196,ACC00445
TXN0007584,normal,,ACC00196,ACC00329
TXN0007585,normal,,ACC00196,ACC00413
TXN0007586,normal,,ACC00196,ACC00306
TXN0007587,normal,,ACC00196,ACC00329
TXN0007588,normal,,ACC00196,ACC00439
TXN0007589,normal,,ACC00196,ACC00445
TXN0007590,normal,,ACC00284,ACC00196
TXN0007591,normal,,ACC00481,ACC00196
TXN0007592,normal,,ACC00196,ACC00454
TXN0007593,normal,,ACC00196,ACC00448
TXN0007594,normal,,ACC00196,ACC00448
TXN0007595,normal,,ACC00196,ACC00109
TXN0007596,normal,,ACC00196,ACC00481
TXN0007597,normal,,ACC00184,ACC00196
TXN0007598,normal,,ACC00184,ACC00196
TXN0007599,normal,,ACC00196,ACC00184
TXN0007600,normal,,ACC00196,ACC00134
TXN0007601,normal,,ACC00196,ACC00481
TXN0007602,normal,,ACC00125,ACC00196
TXN0007603,normal,,ACC00448,ACC00196
TXN0007604,normal,,ACC00125,ACC00196
TXN0007605,normal,,ACC00125,ACC00196
TXN0007606,normal,,ACC00196,ACC00481
TXN0007607,normal,,ACC00196,ACC00448
TXN0007608,normal,,ACC00445,ACC00196
TXN0007609,normal,,ACC00445,ACC00196
TXN0007610,normal,,ACC00125,ACC00196
TXN0007611,normal,,ACC00196,ACC00481
TXN0007612,normal,,ACC00329,ACC00196
TXN0007613,normal,,ACC00196,ACC00109
TXN0007614,normal,,ACC00196,ACC00445
TXN0007615,normal,,ACC00196,ACC00448
TXN0007616,normal,,ACC00329,ACC00196
TXN0007617,normal,,ACC00196,ACC00125
TXN0007618,normal,,ACC00196,ACC00190
TXN0007619,normal,,ACC00329,ACC00196
TXN0007620,normal,,ACC00196,ACC00329
TXN0007621,normal,,ACC00329,ACC00196
TXN0007622,normal,,ACC00196,ACC00329
TXN0007623,normal,,ACC00481,ACC00196
TXN0007624,normal,,ACC00196,ACC00109
TXN0007625,normal,,ACC00196,ACC00481
TXN0007626,normal,,ACC00196,ACC00448
TXN0007627,normal,,ACC00184,ACC00196
TXN0007628,normal,,ACC00445,ACC00196
TXN0007629,normal,,ACC00196,ACC00184
TXN0007630,normal,,ACC00196,ACC00329
TXN0007631,normal,,ACC00197,ACC00318
TXN0007632,normal,,ACC00197,ACC00260
TXN0007633,normal,,ACC00248,ACC00197
TXN0007634,normal,,ACC00260,ACC00197
TXN0007635,normal,,ACC00197,ACC00165
TXN0007636,normal,,ACC00197,ACC00124
TXN0007637,normal,,ACC00197,ACC00165
TXN0007638,normal,,ACC00260,ACC00197
TXN0007639,normal,,ACC00248,ACC00197
TXN0007640,normal,,ACC00197,ACC00351
TXN0007641,normal,,ACC00248,ACC00197
TXN0007642,normal,,ACC00362,ACC00197
TXN0007643,normal,,ACC00124,ACC00197
TXN0007644,normal,,ACC00357,ACC00197
TXN0007645,normal,,ACC00197,ACC00248
TXN0007646,normal,,ACC00342,ACC00197
TXN0007647,normal,,ACC00197,ACC00165
TXN0007648,normal,,ACC00357,ACC00197
TXN0007649,normal,,ACC00124,ACC00197
TXN0007650,normal,,ACC00197,ACC00097
TXN0007651,normal,,ACC00065,ACC00197
TXN0007652,normal,,ACC00318,ACC00197
TXN0007653,normal,,ACC00197,ACC00357
TXN0007654,normal,,ACC00260,ACC00197
TXN0007655,normal,,ACC00097,ACC00197
TXN0007656,normal,,ACC00165,ACC00197
TXN0007657,normal,,ACC00124,ACC00197
TXN0007658,normal,,ACC00248,ACC00197
TXN0007659,normal,,ACC00197,ACC00318
TXN0007660,normal,,ACC00357,ACC00197
TXN0007661,normal,,ACC00152,ACC00197
TXN0007662,normal,,ACC00197,ACC00357
TXN0007663,normal,,ACC00097,ACC00197
TXN0007664,normal,,ACC00165,ACC00197
TXN0007665,normal,,ACC00260,ACC00197
TXN0007666,normal,,ACC00197,ACC00124
TXN0007667,normal,,ACC00197,ACC00318
TXN0007668,normal,,ACC00197,ACC00318
TXN0007669,normal,,ACC00124,ACC00198
TXN0007670,normal,,ACC00198,ACC00461
TXN0007671,normal,,ACC00198,ACC00400
TXN0007672,normal,,ACC00323,ACC00198
TXN0007673,normal,,ACC00198,ACC00059
TXN0007674,normal,,ACC00482,ACC00198
TXN0007675,normal,,ACC00177,ACC00198
TXN0007676,normal,,ACC00198,ACC00307
TXN0007677,normal,,ACC00198,ACC00129
TXN0007678,normal,,ACC00198,ACC00110
TXN0007679,normal,,ACC00323,ACC00198
TXN0007680,normal,,ACC00129,ACC00198
TXN0007681,normal,,ACC00461,ACC00198
TXN0007682,normal,,ACC00385,ACC00198
TXN0007683,normal,,ACC00198,ACC00129
TXN0007684,normal,,ACC00323,ACC00198
TXN0007685,normal,,ACC00323,ACC00198
TXN0007686,normal,,ACC00198,ACC00177
TXN0007687,normal,,ACC00198,ACC00027
TXN0007688,normal,,ACC00461,ACC00198
TXN0007689,normal,,ACC00198,ACC00177
TXN0007690,normal,,ACC00198,ACC00482
TXN0007691,normal,,ACC00482,ACC00198
TXN0007692,normal,,ACC00199,ACC00431
TXN0007693,normal,,ACC00404,ACC00199
TXN0007694,normal,,ACC00199,ACC00210
TXN0007695,normal,,ACC00199,ACC00154
TXN0007696,normal,,ACC00354,ACC00199
TXN0007697,normal,,ACC00431,ACC00199
TXN0007698,normal,,ACC00199,ACC00194
TXN0007699,normal,,ACC00205,ACC00199
TXN0007700,normal,,ACC00199,ACC00399
TXN0007701,normal,,ACC00354,ACC00199
TXN0007702,normal,,ACC00199,ACC00445
TXN0007703,normal,,ACC00199,ACC00399
TXN0007704,normal,,ACC00332,ACC00199
TXN0007705,normal,,ACC00004,ACC00199
TXN0007706,normal,,ACC00294,ACC00199
TXN0007707,normal,,ACC00205,ACC00199
TXN0007708,normal,,ACC00205,ACC00199
TXN0007709,normal,,ACC00404,ACC00199
TXN0007710,normal,,ACC00344,ACC00200
TXN0007711,normal,,ACC00386,ACC00200
TXN0007712,normal,,ACC00200,ACC00346
TXN0007713,normal,,ACC00200,ACC00346
TXN0007714,normal,,ACC00450,ACC00200
TXN0007715,normal,,ACC00162,ACC00200
TXN0007716,normal,,ACC00162,ACC00200
TXN0007717,normal,,ACC00062,ACC00200
TXN0007718,normal,,ACC00311,ACC00200
TXN0007719,normal,,ACC00298,ACC00200
TXN0007720,normal,,ACC00200,ACC00351
TXN0007721,normal,,ACC00200,ACC00344
TXN0007722,normal,,ACC00346,ACC00200
TXN0007723,normal,,ACC00161,ACC00200
TXN0007724,normal,,ACC00277,ACC00200
TXN0007725,normal,,ACC00002,ACC00200
TXN0007726,normal,,ACC00199,ACC00200
TXN0007727,normal,,ACC00165,ACC00200
TXN0007728,normal,,ACC00201,ACC00338
TXN0007729,normal,,ACC00116,ACC00201
TXN0007730,normal,,ACC00087,ACC00201
TXN0007731,normal,,ACC00201,ACC00116
TXN0007732,normal,,ACC00357,ACC00201
TXN0007733,normal,,ACC00182,ACC00201
TXN0007734,normal,,ACC00064,ACC00201
TXN0007735,normal,,ACC00201,ACC00006
TXN0007736,normal,,ACC00201,ACC00481
TXN0007737,normal,,ACC00201,ACC00087
TXN0007738,normal,,ACC00201,ACC00064
TXN0007739,normal,,ACC00006,ACC00201
TXN0007740,normal,,ACC00201,ACC00064
TXN0007741,normal,,ACC00201,ACC00482
TXN0007742,normal,,ACC00087,ACC00201
TXN0007743,normal,,ACC00182,ACC00201
TXN0007744,normal,,ACC00087,ACC00201
TXN0007745,normal,,ACC00201,ACC00499
TXN0007746,normal,,ACC00219,ACC00201
TXN0007747,normal,,ACC00201,ACC00010
TXN0007748,normal,,ACC00064,ACC00201
TXN0007749,normal,,ACC00201,ACC00404
TXN0007750,normal,,ACC00201,ACC00219
TXN0007751,normal,,ACC00380,ACC00201
TXN0007752,normal,,ACC00201,ACC00064
TXN0007753,normal,,ACC00201,ACC00006
TXN0007754,normal,,ACC00366,ACC00201
TXN0007755,normal,,ACC00366,ACC00201
TXN0007756,normal,,ACC00201,ACC00182
TXN0007757,normal,,ACC00010,ACC00201
TXN0007758,normal,,ACC00201,ACC00116
TXN0007759,normal,,ACC00201,ACC00006
TXN0007760,normal,,ACC00006,ACC00201
TXN0007761,normal,,ACC00201,ACC00087
TXN0007762,normal,,ACC00453,ACC00201
TXN0007763,normal,,ACC00064,ACC00201
TXN0007764,normal,,ACC00478,ACC00201
TXN0007765,normal,,ACC00201,ACC00182
TXN0007766,normal,,ACC00201,ACC00219
TXN0007767,normal,,ACC00201,ACC00349
TXN0007768,normal,,ACC00087,ACC00201
TXN0007769,normal,,ACC00201,ACC00087
TXN0007770,normal,,ACC00064,ACC00201
TXN0007771,normal,,ACC00201,ACC00116
TXN0007772,normal,,ACC00201,ACC00314
TXN0007773,normal,,ACC00245,ACC00201
TXN0007774,normal,,ACC00202,ACC00313
TXN0007775,normal,,ACC00202,ACC00313
TXN0007776,normal,,ACC00202,ACC00225
TXN0007777,normal,,ACC00225,ACC00202
TXN0007778,normal,,ACC00202,ACC00348
TXN0007779,normal,,ACC00202,ACC00051
TXN0007780,normal,,ACC00202,ACC00023
TXN0007781,normal,,ACC00115,ACC00202
TXN0007782,normal,,ACC00202,ACC00121
TXN0007783,normal,,ACC00313,ACC00202
TXN0007784,normal,,ACC00482,ACC00202
TXN0007785,normal,,ACC00202,ACC00237
TXN0007786,normal,,ACC00202,ACC00404
TXN0007787,normal,,ACC00272,ACC00202
TXN0007788,normal,,ACC00202,ACC00374
TXN0007789,normal,,ACC00307,ACC00202
TXN0007790,normal,,ACC00051,ACC00202
TXN0007791,normal,,ACC00051,ACC00202
TXN0007792,normal,,ACC00202,ACC00225
TXN0007793,normal,,ACC00313,ACC00202
TXN0007794,normal,,ACC00202,ACC00482
TXN0007795,normal,,ACC00202,ACC00115
TXN0007796,normal,,ACC00499,ACC00202
TXN0007797,normal,,ACC00307,ACC00202
TXN0007798,normal,,ACC00202,ACC00115
TXN0007799,normal,,ACC00313,ACC00202
TXN0007800,normal,,ACC00115,ACC00202
TXN0007801,normal,,ACC00202,ACC00051
TXN0007802,normal,,ACC00361,ACC00202
TXN0007803,normal,,ACC00307,ACC00202
TXN0007804,normal,,ACC00203,ACC00227
TXN0007805,normal,,ACC00203,ACC00149
TXN0007806,normal,,ACC00203,ACC00321
TXN0007807,normal,,ACC00452,ACC00203
TXN0007808,normal,,ACC00393,ACC00203
TXN0007809,normal,,ACC00203,ACC00144
TXN0007810,normal,,ACC00203,ACC00189
TXN0007811,normal,,ACC00185,ACC00203
TXN0007812,normal,,ACC00091,ACC00203
TXN0007813,normal,,ACC00232,ACC00203
TXN0007814,normal,,ACC00335,ACC00203
TXN0007815,normal,,ACC00117,ACC00203
TXN0007816,normal,,ACC00084,ACC00203
TXN0007817,normal,,ACC00244,ACC00203
TXN0007818,normal,,ACC00393,ACC00203
TXN0007819,normal,,ACC00203,ACC00185
TXN0007820,normal,,ACC00091,ACC00203
TXN0007821,normal,,ACC00144,ACC00203
TXN0007822,normal,,ACC00203,ACC00185
TXN0007823,normal,,ACC00149,ACC00203
TXN0007824,normal,,ACC00321,ACC00203
TXN0007825,normal,,ACC00203,ACC00149
TXN0007826,normal,,ACC00203,ACC00149
TXN0007827,normal,,ACC00185,ACC00203
TXN0007828,normal,,ACC00203,ACC00248
TXN0007829,normal,,ACC00335,ACC00203
TXN0007830,normal,,ACC00335,ACC00203
TXN0007831,normal,,ACC00203,ACC00185
TXN0007832,normal,,ACC00203,ACC00393
TXN0007833,normal,,ACC00203,ACC00185
TXN0007834,normal,,ACC00413,ACC00203
TXN0007835,normal,,ACC00203,ACC00185
TXN0007836,normal,,ACC00203,ACC00321
TXN0007837,normal,,ACC00203,ACC00144
TXN0007838,normal,,ACC00203,ACC00335
TXN0007839,normal,,ACC00032,ACC00203
TXN0007840,normal,,ACC00203,ACC00149
TXN0007841,normal,,ACC00259,ACC00203
TXN0007842,normal,,ACC00203,ACC00091
TXN0007843,normal,,ACC00203,ACC00091
TXN0007844,normal,,ACC00325,ACC00203
TXN0007845,normal,,ACC00144,ACC00203
TXN0007846,normal,,ACC00091,ACC00203
TXN0007847,normal,,ACC00457,ACC00203
TXN0007848,normal,,ACC00248,ACC00203
TXN0007849,normal,,ACC00441,ACC00204
TXN0007850,normal,,ACC00204,ACC00263
TXN0007851,normal,,ACC00055,ACC00204
TXN0007852,normal,,ACC00204,ACC00055
TXN0007853,normal,,ACC00011,ACC00204
TXN0007854,normal,,ACC00189,ACC00204
TXN0007855,normal,,ACC00204,ACC00441
TXN0007856,normal,,ACC00022,ACC00204
TXN0007857,normal,,ACC00204,ACC00390
TXN0007858,normal,,ACC00263,ACC00204
TXN0007859,normal,,ACC00204,ACC00338
TXN0007860,normal,,ACC00003,ACC00204
TXN0007861,normal,,ACC00204,ACC00171
TXN0007862,normal,,ACC00204,ACC00137
TXN0007863,normal,,ACC00204,ACC00454
TXN0007864,normal,,ACC00204,ACC00441
TXN0007865,normal,,ACC00204,ACC00441
TXN0007866,normal,,ACC00263,ACC00204
TXN0007867,normal,,ACC00177,ACC00205
TXN0007868,normal,,ACC00205,ACC00177
TXN0007869,normal,,ACC00205,ACC00253
TXN0007870,normal,,ACC00314,ACC00205
TXN0007871,normal,,ACC00213,ACC00205
TXN0007872,normal,,ACC00177,ACC00205
TXN0007873,normal,,ACC00087,ACC00205
TXN0007874,normal,,ACC00253,ACC00205
TXN0007875,normal,,ACC00205,ACC00177
TXN0007876,normal,,ACC00205,ACC00377
TXN0007877,normal,,ACC00205,ACC00314
TXN0007878,normal,,ACC00025,ACC00205
TXN0007879,normal,,ACC00205,ACC00159
TXN0007880,normal,,ACC00087,ACC00205
TXN0007881,normal,,ACC00205,ACC00476
TXN0007882,normal,,ACC00261,ACC00205
TXN0007883,normal,,ACC00314,ACC00205
TXN0007884,normal,,ACC00130,ACC00205
TXN0007885,normal,,ACC00205,ACC00213
TXN0007886,normal,,ACC00081,ACC00205
TXN0007887,normal,,ACC00087,ACC00205
TXN0007888,normal,,ACC00205,ACC00177
TXN0007889,normal,,ACC00205,ACC00169
TXN0007890,normal,,ACC00159,ACC00205
TXN0007891,normal,,ACC00205,ACC00213
TXN0007892,normal,,ACC00159,ACC00205
TXN0007893,normal,,ACC00205,ACC00087
TXN0007894,normal,,ACC00205,ACC00087
TXN0007895,normal,,ACC00476,ACC00205
TXN0007896,normal,,ACC00205,ACC00087
TXN0007897,normal,,ACC00253,ACC00205
TXN0007898,normal,,ACC00205,ACC00253
TXN0007899,normal,,ACC00025,ACC00205
TXN0007900,normal,,ACC00087,ACC00205
TXN0007901,normal,,ACC00160,ACC00205
TXN0007902,normal,,ACC00205,ACC00025
TXN0007903,normal,,ACC00159,ACC00205
TXN0007904,normal,,ACC00205,ACC00377
TXN0007905,normal,,ACC00205,ACC00314
TXN0007906,normal,,ACC00205,ACC00253
TXN0007907,normal,,ACC00087,ACC00205
TXN0007908,normal,,ACC00087,ACC00205
TXN0007909,normal,,ACC00132,ACC00205
TXN0007910,normal,,ACC00206,ACC00354
TXN0007911,normal,,ACC00257,ACC00206
TXN0007912,normal,,ACC00206,ACC00120
TXN0007913,normal,,ACC00395,ACC00206
TXN0007914,normal,,ACC00206,ACC00395
TXN0007915,normal,,ACC00206,ACC00411
TXN0007916,normal,,ACC00411,ACC00206
TXN0007917,normal,,ACC00157,ACC00206
TXN0007918,normal,,ACC00206,ACC00442
TXN0007919,normal,,ACC00442,ACC00206
TXN0007920,normal,,ACC00149,ACC00206
TXN0007921,normal,,ACC00059,ACC00206
TXN0007922,normal,,ACC00411,ACC00206
TXN0007923,normal,,ACC00206,ACC00306
TXN0007924,normal,,ACC00206,ACC00411
TXN0007925,normal,,ACC00149,ACC00206
TXN0007926,normal,,ACC00421,ACC00206
TXN0007927,normal,,ACC00206,ACC00396
TXN0007928,normal,,ACC00206,ACC00032
TXN0007929,normal,,ACC00206,ACC00257
TXN0007930,normal,,ACC00257,ACC00206
TXN0007931,normal,,ACC00149,ACC00206
TXN0007932,normal,,ACC00206,ACC00157
TXN0007933,normal,,ACC00207,ACC00379
TXN0007934,normal,,ACC00052,ACC00207
TXN0007935,normal,,ACC00207,ACC00495
TXN0007936,normal,,ACC00207,ACC00379
TXN0007937,normal,,ACC00207,ACC00229
TXN0007938,normal,,ACC00374,ACC00207
TXN0007939,normal,,ACC00215,ACC00207
TXN0007940,normal,,ACC00207,ACC00448
TXN0007941,normal,,ACC00207,ACC00116
TXN0007942,normal,,ACC00249,ACC00207
TXN0007943,normal,,ACC00052,ACC00207
TXN0007944,normal,,ACC00207,ACC00116
TXN0007945,normal,,ACC00207,ACC00116
TXN0007946,normal,,ACC00207,ACC00330
TXN0007947,normal,,ACC00357,ACC00207
TXN0007948,normal,,ACC00416,ACC00207
TXN0007949,normal,,ACC00330,ACC00207
TXN0007950,normal,,ACC00207,ACC00379
TXN0007951,normal,,ACC00376,ACC00207
TXN0007952,normal,,ACC00357,ACC00207
TXN0007953,normal,,ACC00207,ACC00190
TXN0007954,normal,,ACC00207,ACC00379
TXN0007955,normal,,ACC00052,ACC00207
TXN0007956,normal,,ACC00207,ACC00229
TXN0007957,normal,,ACC00207,ACC00379
TXN0007958,normal,,ACC00428,ACC00207
TXN0007959,normal,,ACC00330,ACC00207
TXN0007960,normal,,ACC00207,ACC00052
TXN0007961,normal,,ACC00207,ACC00379
TXN0007962,normal,,ACC00229,ACC00207
TXN0007963,normal,,ACC00207,ACC00215
TXN0007964,normal,,ACC00330,ACC00207
TXN0007965,normal,,ACC00207,ACC00222
TXN0007966,normal,,ACC00330,ACC00207
TXN0007967,normal,,ACC00215,ACC00207
TXN0007968,normal,,ACC00207,ACC00379
TXN0007969,normal,,ACC00052,ACC00207
TXN0007970,normal,,ACC00193,ACC00207
TXN0007971,normal,,ACC00207,ACC00281
TXN0007972,normal,,ACC00207,ACC00116
TXN0007973,normal,,ACC00208,ACC00045
TXN0007974,normal,,ACC00208,ACC00394
TXN0007975,normal,,ACC00208,ACC00164
TXN0007976,normal,,ACC00045,ACC00208
TXN0007977,normal,,ACC00208,ACC00045
TXN0007978,normal,,ACC00378,ACC00208
TXN0007979,normal,,ACC00041,ACC00208
TXN0007980,normal,,ACC00208,ACC00043
TXN0007981,normal,,ACC00043,ACC00208
TXN0007982,normal,,ACC00196,ACC00208
TXN0007983,normal,,ACC00422,ACC00208
TXN0007984,normal,,ACC00208,ACC00258
TXN0007985,normal,,ACC00208,ACC00045
TXN0007986,normal,,ACC00208,ACC00465
TXN0007987,normal,,ACC00208,ACC00164
TXN0007988,normal,,ACC00208,ACC00045
TXN0007989,normal,,ACC00164,ACC00208
TXN0007990,normal,,ACC00045,ACC00208
TXN0007991,normal,,ACC00208,ACC00164
TXN0007992,normal,,ACC00208,ACC00043
TXN0007993,normal,,ACC00208,ACC00043
TXN0007994,normal,,ACC00164,ACC00208
TXN0007995,normal,,ACC00208,ACC00164
TXN0007996,normal,,ACC00208,ACC00394
TXN0007997,normal,,ACC00465,ACC00208
TXN0007998,normal,,ACC00208,ACC00394
TXN0007999,normal,,ACC00465,ACC00208
TXN0008000,normal,,ACC00208,ACC00394
TXN0008001,normal,,ACC00208,ACC00491
TXN0008002,normal,,ACC00208,ACC00106
TXN0008003,normal,,ACC00209,ACC00352
TXN0008004,normal,,ACC00352,ACC00209
TXN0008005,normal,,ACC00209,ACC00352
TXN0008006,normal,,ACC00068,ACC00209
TXN0008007,normal,,ACC00433,ACC00209
TXN0008008,normal,,ACC00212,ACC00209
TXN0008009,normal,,ACC00164,ACC00209
TXN0008010,normal,,ACC00209,ACC00433
TXN0008011,normal,,ACC00209,ACC00065
TXN0008012,normal,,ACC00209,ACC00068
TXN0008013,normal,,ACC00209,ACC00212
TXN0008014,normal,,ACC00164,ACC00209
TXN0008015,normal,,ACC00227,ACC00209
TXN0008016,normal,,ACC00494,ACC00209
TXN0008017,normal,,ACC00209,ACC00385
TXN0008018,normal,,ACC00352,ACC00209
TXN0008019,normal,,ACC00209,ACC00433
TXN0008020,normal,,ACC00263,ACC00209
TXN0008021,normal,,ACC00462,ACC00209
TXN0008022,normal,,ACC00209,ACC00164
TXN0008023,normal,,ACC00209,ACC00212
TXN0008024,normal,,ACC00355,ACC00209
TXN0008025,normal,,ACC00209,ACC00068
TXN0008026,normal,,ACC00164,ACC00209
TXN0008027,normal,,ACC00209,ACC00352
TXN0008028,normal,,ACC00070,ACC00209
TXN0008029,normal,,ACC00209,ACC00212
TXN0008030,normal,,ACC00209,ACC00420
TXN0008031,normal,,ACC00209,ACC00120
TXN0008032,normal,,ACC00385,ACC00209
TXN0008033,normal,,ACC00068,ACC00209
TXN0008034,normal,,ACC00227,ACC00209
TXN0008035,normal,,ACC00209,ACC00164
TXN0008036,normal,,ACC00352,ACC00209
TXN0008037,normal,,ACC00209,ACC00470
TXN0008038,normal,,ACC00209,ACC00212
TXN0008039,normal,,ACC00209,ACC00385
TXN0008040,normal,,ACC00068,ACC00209
TXN0008041,normal,,ACC00322,ACC00209
TXN0008042,normal,,ACC00209,ACC00068
TXN0008043,normal,,ACC00209,ACC00385
TXN0008044,normal,,ACC00212,ACC00209
TXN0008045,normal,,ACC00209,ACC00065
TXN0008046,normal,,ACC00209,ACC00392
TXN0008047,normal,,ACC00212,ACC00209
TXN0008048,normal,,ACC00209,ACC00433
TXN0008049,normal,,ACC00209,ACC00170
TXN0008050,normal,,ACC00209,ACC00134
TXN0008051,normal,,ACC00068,ACC00209
TXN0008052,normal,,ACC00209,ACC00115
TXN0008053,normal,,ACC00209,ACC00065
TXN0008054,normal,,ACC00352,ACC00209
TXN0008055,normal,,ACC00209,ACC00068
TXN0008056,normal,,ACC00212,ACC00209
TXN0008057,normal,,ACC00209,ACC00068
TXN0008058,normal,,ACC00483,ACC00209
TXN0008059,normal,,ACC00352,ACC00209
TXN0008060,normal,,ACC00164,ACC00209
TXN0008061,normal,,ACC00385,ACC00209
TXN0008062,normal,,ACC00367,ACC00209
TXN0008063,normal,,ACC00210,ACC00160
TXN0008064,normal,,ACC00210,ACC00297
TXN0008065,normal,,ACC00017,ACC00210
TXN0008066,normal,,ACC00268,ACC00210
TXN0008067,normal,,ACC00210,ACC00297
TXN0008068,normal,,ACC00210,ACC00202
TXN0008069,normal,,ACC00297,ACC00210
TXN0008070,normal,,ACC00210,ACC00026
TXN0008071,normal,,ACC00268,ACC00210
TXN0008072,normal,,ACC00210,ACC00464
TXN0008073,normal,,ACC00210,ACC00170
TXN0008074,normal,,ACC00268,ACC00210
TXN0008075,normal,,ACC00359,ACC00210
TXN0008076,normal,,ACC00210,ACC00170
TXN0008077,normal,,ACC00210,ACC00170
TXN0008078,normal,,ACC00210,ACC00170
TXN0008079,normal,,ACC00394,ACC00210
TXN0008080,normal,,ACC00210,ACC00297
TXN0008081,normal,,ACC00017,ACC00210
TXN0008082,normal,,ACC00210,ACC00297
TXN0008083,normal,,ACC00297,ACC00210
TXN0008084,normal,,ACC00170,ACC00210
TXN0008085,normal,,ACC00297,ACC00210
TXN0008086,normal,,ACC00210,ACC00447
TXN0008087,normal,,ACC00210,ACC00447
TXN0008088,normal,,ACC00175,ACC00210
TXN0008089,normal,,ACC00156,ACC00211
TXN0008090,normal,,ACC00278,ACC00211
TXN0008091,normal,,ACC00332,ACC00211
TXN0008092,normal,,ACC00211,ACC00278
TXN0008093,normal,,ACC00211,ACC00214
TXN0008094,normal,,ACC00211,ACC00110
TXN0008095,normal,,ACC00339,ACC00211
TXN0008096,normal,,ACC00279,ACC00211
TXN0008097,normal,,ACC00211,ACC00439
TXN0008098,normal,,ACC00279,ACC00211
TXN0008099,normal,,ACC00211,ACC00162
TXN0008100,normal,,ACC00214,ACC00211
TXN0008101,normal,,ACC00439,ACC00211
TXN0008102,normal,,ACC00278,ACC00211
TXN0008103,normal,,ACC00211,ACC00392
TXN0008104,normal,,ACC00211,ACC00332
TXN0008105,normal,,ACC00332,ACC00211
TXN0008106,normal,,ACC00211,ACC00278
TXN0008107,normal,,ACC00332,ACC00211
TXN0008108,normal,,ACC00211,ACC00439
TXN0008109,normal,,ACC00212,ACC00224
TXN0008110,normal,,ACC00325,ACC00212
TXN0008111,normal,,ACC00212,ACC00053
TXN0008112,normal,,ACC00277,ACC00212
TXN0008113,normal,,ACC00496,ACC00212
TXN0008114,normal,,ACC00447,ACC00212
TXN0008115,normal,,ACC00212,ACC00468
TXN0008116,normal,,ACC00212,ACC00194
TXN0008117,normal,,ACC00212,ACC00494
TXN0008118,normal,,ACC00370,ACC00212
TXN0008119,normal,,ACC00468,ACC00212
TXN0008120,normal,,ACC00212,ACC00447
TXN0008121,normal,,ACC00212,ACC00468
TXN0008122,normal,,ACC00212,ACC00496
TXN0008123,normal,,ACC00212,ACC00468
TXN0008124,normal,,ACC00370,ACC00212
TXN0008125,normal,,ACC00224,ACC00212
TXN0008126,normal,,ACC00212,ACC00499
TXN0008127,normal,,ACC00308,ACC00212
TXN0008128,normal,,ACC00340,ACC00212
TXN0008129,normal,,ACC00277,ACC00212
TXN0008130,normal,,ACC00212,ACC00447
TXN0008131,normal,,ACC00212,ACC00221
TXN0008132,normal,,ACC00277,ACC00212
TXN0008133,normal,,ACC00034,ACC00212
TXN0008134,normal,,ACC00194,ACC00212
TXN0008135,normal,,ACC00212,ACC00277
TXN0008136,normal,,ACC00468,ACC00212
TXN0008137,normal,,ACC00212,ACC00447
TXN0008138,normal,,ACC00212,ACC00194
TXN0008139,normal,,ACC00277,ACC00212
TXN0008140,normal,,ACC00053,ACC00212
TXN0008141,normal,,ACC00212,ACC00447
TXN0008142,normal,,ACC00245,ACC00212
TXN0008143,normal,,ACC00468,ACC00212
TXN0008144,normal,,ACC00212,ACC00053
TXN0008145,normal,,ACC00212,ACC00447
TXN0008146,normal,,ACC00212,ACC00447
TXN0008147,normal,,ACC00370,ACC00212
TXN0008148,normal,,ACC00113,ACC00212
TXN0008149,normal,,ACC00212,ACC00445
TXN0008150,normal,,ACC00212,ACC00496
TXN0008151,normal,,ACC00212,ACC00159
TXN0008152,normal,,ACC00294,ACC00212
TXN0008153,normal,,ACC00212,ACC00496
TXN0008154,normal,,ACC00468,ACC00212
TXN0008155,normal,,ACC00053,ACC00212
TXN0008156,normal,,ACC00212,ACC00370
TXN0008157,normal,,ACC00370,ACC00212
TXN0008158,normal,,ACC00212,ACC00194
TXN0008159,normal,,ACC00425,ACC00213
TXN0008160,normal,,ACC00193,ACC00213
TXN0008161,normal,,ACC00213,ACC00353
TXN0008162,normal,,ACC00234,ACC00213
TXN0008163,normal,,ACC00213,ACC00013
TXN0008164,normal,,ACC00425,ACC00213
TXN0008165,normal,,ACC00213,ACC00058
TXN0008166,normal,,ACC00213,ACC00353
TXN0008167,normal,,ACC00213,ACC00098
TXN0008168,normal,,ACC00213,ACC00353
TXN0008169,normal,,ACC00234,ACC00213
TXN0008170,normal,,ACC00213,ACC00013
TXN0008171,normal,,ACC00213,ACC00013
TXN0008172,normal,,ACC00476,ACC00213
TXN0008173,normal,,ACC00301,ACC00213
TXN0008174,normal,,ACC00213,ACC00185
TXN0008175,normal,,ACC00213,ACC00027
TXN0008176,normal,,ACC00058,ACC00213
TXN0008177,normal,,ACC00213,ACC00318
TXN0008178,normal,,ACC00213,ACC00193
TXN0008179,normal,,ACC00193,ACC00213
TXN0008180,normal,,ACC00213,ACC00158
TXN0008181,normal,,ACC00433,ACC00213
TXN0008182,normal,,ACC00043,ACC00213
TXN0008183,normal,,ACC00353,ACC00213
TXN0008184,normal,,ACC00213,ACC00193
TXN0008185,normal,,ACC00213,ACC00098
TXN0008186,normal,,ACC00213,ACC00033
TXN0008187,normal,,ACC00353,ACC00213
TXN0008188,normal,,ACC00033,ACC00213
TXN0008189,normal,,ACC00213,ACC00425
TXN0008190,normal,,ACC00213,ACC00058
TXN0008191,normal,,ACC00234,ACC00213
TXN0008192,normal,,ACC00213,ACC00215
TXN0008193,normal,,ACC00058,ACC00213
TXN0008194,normal,,ACC00058,ACC00213
TXN0008195,normal,,ACC00425,ACC00213
TXN0008196,normal,,ACC00028,ACC00213
TXN0008197,normal,,ACC00213,ACC00013
TXN0008198,normal,,ACC00234,ACC00213
TXN0008199,normal,,ACC00033,ACC00213
TXN0008200,normal,,ACC00213,ACC00059
TXN0008201,normal,,ACC00213,ACC00139
TXN0008202,normal,,ACC00213,ACC00013
TXN0008203,normal,,ACC00353,ACC00213
TXN0008204,normal,,ACC00213,ACC00201
TXN0008205,normal,,ACC00161,ACC00213
TXN0008206,normal,,ACC00213,ACC00193
TXN0008207,normal,,ACC00318,ACC00213
TXN0008208,normal,,ACC00213,ACC00234
TXN0008209,normal,,ACC00213,ACC00093
TXN0008210,normal,,ACC00316,ACC00213
TXN0008211,normal,,ACC00353,ACC00213
TXN0008212,normal,,ACC00013,ACC00213
TXN0008213,normal,,ACC00213,ACC00425
TXN0008214,normal,,ACC00213,ACC00425
TXN0008215,normal,,ACC00097,ACC00214
TXN0008216,normal,,ACC00214,ACC00084
TXN0008217,normal,,ACC00214,ACC00245
TXN0008218,normal,,ACC00214,ACC00084
TXN0008219,normal,,ACC00479,ACC00214
TXN0008220,normal,,ACC00149,ACC00214
TXN0008221,normal,,ACC00214,ACC00097
TXN0008222,normal,,ACC00214,ACC00097
TXN0008223,normal,,ACC00214,ACC00149
TXN0008224,normal,,ACC00214,ACC00461
TXN0008225,normal,,ACC00214,ACC00261
TXN0008226,normal,,ACC00214,ACC00149
TXN0008227,normal,,ACC00214,ACC00341
TXN0008228,normal,,ACC00214,ACC00245
TXN0008229,normal,,ACC00245,ACC00214
TXN0008230,normal,,ACC00214,ACC00245
TXN0008231,normal,,ACC00250,ACC00214
TXN0008232,normal,,ACC00214,ACC00011
TXN0008233,normal,,ACC00245,ACC00214
TXN0008234,normal,,ACC00180,ACC00214
TXN0008235,normal,,ACC00214,ACC00261
TXN0008236,normal,,ACC00097,ACC00214
TXN0008237,normal,,ACC00214,ACC00149
TXN0008238,normal,,ACC00214,ACC00053
TXN0008239,normal,,ACC00214,ACC00149
TXN0008240,normal,,ACC00214,ACC00250
TXN0008241,normal,,ACC00214,ACC00245
TXN0008242,normal,,ACC00214,ACC00261
TXN0008243,normal,,ACC00261,ACC00214
TXN0008244,normal,,ACC00335,ACC00214
TXN0008245,normal,,ACC00461,ACC00214
TXN0008246,normal,,ACC00214,ACC00149
TXN0008247,normal,,ACC00214,ACC00461
TXN0008248,normal,,ACC00461,ACC00214
TXN0008249,normal,,ACC00214,ACC00461
TXN0008250,normal,,ACC00084,ACC00214
TXN0008251,normal,,ACC00214,ACC00097
TXN0008252,normal,,ACC00214,ACC00250
TXN0008253,normal,,ACC00214,ACC00461
TXN0008254,normal,,ACC00214,ACC00084
TXN0008255,normal,,ACC00214,ACC00250
TXN0008256,normal,,ACC00494,ACC00214
TXN0008257,normal,,ACC00214,ACC00149
TXN0008258,normal,,ACC00215,ACC00368
TXN0008259,normal,,ACC00217,ACC00215
TXN0008260,normal,,ACC00215,ACC00075
TXN0008261,normal,,ACC00224,ACC00215
TXN0008262,normal,,ACC00215,ACC00326
TXN0008263,normal,,ACC00217,ACC00215
TXN0008264,normal,,ACC00152,ACC00215
TXN0008265,normal,,ACC00215,ACC00217
TXN0008266,normal,,ACC00097,ACC00215
TXN0008267,normal,,ACC00215,ACC00152
TXN0008268,normal,,ACC00215,ACC00195
TXN0008269,normal,,ACC00215,ACC00031
TXN0008270,normal,,ACC00031,ACC00215
TXN0008271,normal,,ACC00215,ACC00326
TXN0008272,normal,,ACC00215,ACC00302
TXN0008273,normal,,ACC00215,ACC00195
TXN0008274,normal,,ACC00215,ACC00217
TXN0008275,normal,,ACC00031,ACC00215
TXN0008276,normal,,ACC00075,ACC00215
TXN0008277,normal,,ACC00215,ACC00152
TXN0008278,normal,,ACC00075,ACC00215
TXN0008279,normal,,ACC00215,ACC00224
TXN0008280,normal,,ACC00326,ACC00215
TXN0008281,normal,,ACC00372,ACC00215
TXN0008282,normal,,ACC00215,ACC00131
TXN0008283,normal,,ACC00215,ACC00224
TXN0008284,normal,,ACC00075,ACC00215
TXN0008285,normal,,ACC00075,ACC00215
TXN0008286,normal,,ACC00326,ACC00215
TXN0008287,normal,,ACC00031,ACC00215
TXN0008288,normal,,ACC00210,ACC00215
TXN0008289,normal,,ACC00215,ACC00152
TXN0008290,normal,,ACC00215,ACC00055
TXN0008291,normal,,ACC00215,ACC00326
TXN0008292,normal,,ACC00302,ACC00215
TXN0008293,normal,,ACC00215,ACC00224
TXN0008294,normal,,ACC00152,ACC00215
TXN0008295,normal,,ACC00215,ACC00217
TXN0008296,normal,,ACC00326,ACC00215
TXN0008297,normal,,ACC00215,ACC00031
TXN0008298,normal,,ACC00215,ACC00224
TXN0008299,normal,,ACC00215,ACC00195
TXN0008300,normal,,ACC00152,ACC00215
TXN0008301,normal,,ACC00215,ACC00075
TXN0008302,normal,,ACC00224,ACC00215
TXN0008303,normal,,ACC00215,ACC00326
TXN0008304,normal,,ACC00075,ACC00215
TXN0008305,normal,,ACC00323,ACC00215
TXN0008306,normal,,ACC00215,ACC00224
TXN0008307,normal,,ACC00215,ACC00302
TXN0008308,normal,,ACC00195,ACC00215
TXN0008309,normal,,ACC00462,ACC00215
TXN0008310,normal,,ACC00152,ACC00215
TXN0008311,normal,,ACC00215,ACC00326
TXN0008312,normal,,ACC00278,ACC00216
TXN0008313,normal,,ACC00216,ACC00418
TXN0008314,normal,,ACC00109,ACC00216
TXN0008315,normal,,ACC00216,ACC00418
TXN0008316,normal,,ACC00189,ACC00216
TXN0008317,normal,,ACC00216,ACC00109
TXN0008318,normal,,ACC00216,ACC00392
TXN0008319,normal,,ACC00138,ACC00216
TXN0008320,normal,,ACC00216,ACC00097
TXN0008321,normal,,ACC00216,ACC00418
TXN0008322,normal,,ACC00216,ACC00109
TXN0008323,normal,,ACC00056,ACC00216
TXN0008324,normal,,ACC00216,ACC00418
TXN0008325,normal,,ACC00138,ACC00216
TXN0008326,normal,,ACC00428,ACC00216
TXN0008327,normal,,ACC00109,ACC00216
TXN0008328,normal,,ACC00216,ACC00278
TXN0008329,normal,,ACC00383,ACC00216
TXN0008330,normal,,ACC00428,ACC00216
TXN0008331,normal,,ACC00216,ACC00065
TXN0008332,normal,,ACC00216,ACC00383
TXN0008333,normal,,ACC00109,ACC00216
TXN0008334,normal,,ACC00109,ACC00216
TXN0008335,normal,,ACC00216,ACC00418
TXN0008336,normal,,ACC00383,ACC00216
TXN0008337,normal,,ACC00216,ACC00036
TXN0008338,normal,,ACC00189,ACC00216
TXN0008339,normal,,ACC00052,ACC00216
TXN0008340,normal,,ACC00216,ACC00036
TXN0008341,normal,,ACC00278,ACC00216
TXN0008342,normal,,ACC00216,ACC00036
TXN0008343,normal,,ACC00216,ACC00121
TXN0008344,normal,,ACC00278,ACC00216
TXN0008345,normal,,ACC00189,ACC00216
TXN0008346,normal,,ACC00216,ACC00189
TXN0008347,normal,,ACC00296,ACC00216
TXN0008348,normal,,ACC00216,ACC00418
TXN0008349,normal,,ACC00216,ACC00183
TXN0008350,normal,,ACC00216,ACC00383
TXN0008351,normal,,ACC00216,ACC00138
TXN0008352,normal,,ACC00216,ACC00316
TXN0008353,normal,,ACC00216,ACC00418
TXN0008354,normal,,ACC00428,ACC00216
TXN0008355,normal,,ACC00216,ACC00428
TXN0008356,normal,,ACC00216,ACC00383
TXN0008357,normal,,ACC00138,ACC00216
TXN0008358,normal,,ACC00278,ACC00216
TXN0008359,normal,,ACC00383,ACC00216
TXN0008360,normal,,ACC00428,ACC00216
TXN0008361,normal,,ACC00217,ACC00148
TXN0008362,normal,,ACC00217,ACC00344
TXN0008363,normal,,ACC00004,ACC00217
TXN0008364,normal,,ACC00004,ACC00217
TXN0008365,normal,,ACC00217,ACC00351
TXN0008366,normal,,ACC00217,ACC00151
TXN0008367,normal,,ACC00256,ACC00217
TXN0008368,normal,,ACC00134,ACC00217
TXN0008369,normal,,ACC00004,ACC00217
TXN0008370,normal,,ACC00217,ACC00256
TXN0008371,normal,,ACC00313,ACC00217
TXN0008372,normal,,ACC00256,ACC00217
TXN0008373,normal,,ACC00151,ACC00217
TXN0008374,normal,,ACC00217,ACC00313
TXN0008375,normal,,ACC00217,ACC00199
TXN0008376,normal,,ACC00313,ACC00217
TXN0008377,normal,,ACC00199,ACC00217
TXN0008378,normal,,ACC00265,ACC00217
TXN0008379,normal,,ACC00199,ACC00217
TXN0008380,normal,,ACC00217,ACC00151
TXN0008381,normal,,ACC00217,ACC00001
TXN0008382,normal,,ACC00199,ACC00217
TXN0008383,normal,,ACC00147,ACC00218
TXN0008384,normal,,ACC00218,ACC00098
TXN0008385,normal,,ACC00449,ACC00218
TXN0008386,normal,,ACC00361,ACC00218
TXN0008387,normal,,ACC00418,ACC00218
TXN0008388,normal,,ACC00098,ACC00218
TXN0008389,normal,,ACC00362,ACC00218
TXN0008390,normal,,ACC00029,ACC00218
TXN0008391,normal,,ACC00147,ACC00218
TXN0008392,normal,,ACC00147,ACC00218
TXN0008393,normal,,ACC00218,ACC00422
TXN0008394,normal,,ACC00218,ACC00418
TXN0008395,normal,,ACC00218,ACC00451
TXN0008396,normal,,ACC00218,ACC00147
TXN0008397,normal,,ACC00218,ACC00098
TXN0008398,normal,,ACC00219,ACC00291
TXN0008399,normal,,ACC00219,ACC00316
TXN0008400,normal,,ACC00316,ACC00219
TXN0008401,normal,,ACC00416,ACC00219
TXN0008402,normal,,ACC00316,ACC00219
TXN0008403,normal,,ACC00234,ACC00219
TXN0008404,normal,,ACC00219,ACC00322
TXN0008405,normal,,ACC00291,ACC00219
TXN0008406,normal,,ACC00322,ACC00219
TXN0008407,normal,,ACC00219,ACC00302
TXN0008408,normal,,ACC00219,ACC00494
TXN0008409,normal,,ACC00064,ACC00219
TXN0008410,normal,,ACC00316,ACC00219
TXN0008411,normal,,ACC00219,ACC00378
TXN0008412,normal,,ACC00219,ACC00316
TXN0008413,normal,,ACC00064,ACC00219
TXN0008414,normal,,ACC00316,ACC00219
TXN0008415,normal,,ACC00260,ACC00219
TXN0008416,normal,,ACC00322,ACC00219
TXN0008417,normal,,ACC00219,ACC00260
TXN0008418,normal,,ACC00416,ACC00219
TXN0008419,normal,,ACC00064,ACC00219
TXN0008420,normal,,ACC00416,ACC00219
TXN0008421,normal,,ACC00219,ACC00028
TXN0008422,normal,,ACC00219,ACC00064
TXN0008423,normal,,ACC00219,ACC00262
TXN0008424,normal,,ACC00153,ACC00219
TXN0008425,normal,,ACC00316,ACC00219
TXN0008426,normal,,ACC00219,ACC00291
TXN0008427,normal,,ACC00322,ACC00219
TXN0008428,normal,,ACC00219,ACC00281
TXN0008429,normal,,ACC00260,ACC00219
TXN0008430,normal,,ACC00219,ACC00416
TXN0008431,normal,,ACC00153,ACC00219
TXN0008432,normal,,ACC00085,ACC00219
TXN0008433,normal,,ACC00219,ACC00291
TXN0008434,normal,,ACC00155,ACC00219
TXN0008435,normal,,ACC00260,ACC00219
TXN0008436,normal,,ACC00219,ACC00302
TXN0008437,normal,,ACC00416,ACC00219
TXN0008438,normal,,ACC00219,ACC00322
TXN0008439,normal,,ACC00416,ACC00219
TXN0008440,normal,,ACC00260,ACC00219
TXN0008441,normal,,ACC00302,ACC00219
TXN0008442,normal,,ACC00322,ACC00219
TXN0008443,normal,,ACC00291,ACC00219
TXN0008444,normal,,ACC00291,ACC00219
TXN0008445,normal,,ACC00302,ACC00219
TXN0008446,normal,,ACC00322,ACC00219
TXN0008447,normal,,ACC00219,ACC00322
TXN0008448,normal,,ACC00302,ACC00219
TXN0008449,normal,,ACC00219,ACC00416
TXN0008450,normal,,ACC00322,ACC00219
TXN0008451,normal,,ACC00035,ACC00219
TXN0008452,normal,,ACC00219,ACC00302
TXN0008453,normal,,ACC00052,ACC00220
TXN0008454,normal,,ACC00220,ACC00157
TXN0008455,normal,,ACC00226,ACC00220
TXN0008456,normal,,ACC00220,ACC00281
TXN0008457,normal,,ACC00220,ACC00408
TXN0008458,normal,,ACC00186,ACC00220
TXN0008459,normal,,ACC00220,ACC00186
TXN0008460,normal,,ACC00052,ACC00220
TXN0008461,normal,,ACC00069,ACC00220
TXN0008462,normal,,ACC00220,ACC00281
TXN0008463,normal,,ACC00220,ACC00052
TXN0008464,normal,,ACC00359,ACC00220
TXN0008465,normal,,ACC00408,ACC00220
TXN0008466,normal,,ACC00052,ACC00220
TXN0008467,normal,,ACC00220,ACC00069
TXN0008468,normal,,ACC00220,ACC00052
TXN0008469,normal,,ACC00220,ACC00052
TXN0008470,normal,,ACC00005,ACC00220
TXN0008471,normal,,ACC00220,ACC00408
TXN0008472,normal,,ACC00220,ACC00420
TXN0008473,normal,,ACC00220,ACC00420
TXN0008474,normal,,ACC00420,ACC00220
TXN0008475,normal,,ACC00186,ACC00220
TXN0008476,normal,,ACC00408,ACC00220
TXN0008477,normal,,ACC00226,ACC00220
TXN0008478,normal,,ACC00359,ACC00220
TXN0008479,normal,,ACC00220,ACC00408
TXN0008480,normal,,ACC00345,ACC00220
TXN0008481,normal,,ACC00220,ACC00236
TXN0008482,normal,,ACC00069,ACC00220
TXN0008483,normal,,ACC00221,ACC00238
TXN0008484,normal,,ACC00221,ACC00409
TXN0008485,normal,,ACC00221,ACC00375
TXN0008486,normal,,ACC00221,ACC00238
TXN0008487,normal,,ACC00221,ACC00280
TXN0008488,normal,,ACC00221,ACC00052
TXN0008489,normal,,ACC00221,ACC00375
TXN0008490,normal,,ACC00221,ACC00325
TXN0008491,normal,,ACC00406,ACC00221
TXN0008492,normal,,ACC00221,ACC00384
TXN0008493,normal,,ACC00221,ACC00160
TXN0008494,normal,,ACC00280,ACC00221
TXN0008495,normal,,ACC00476,ACC00221
TXN0008496,normal,,ACC00221,ACC00316
TXN0008497,normal,,ACC00221,ACC00238
TXN0008498,normal,,ACC00238,ACC00221
TXN0008499,normal,,ACC00384,ACC00221
TXN0008500,normal,,ACC00280,ACC00221
TXN0008501,normal,,ACC00221,ACC00342
TXN0008502,normal,,ACC00364,ACC00221
TXN0008503,normal,,ACC00221,ACC00238
TXN0008504,normal,,ACC00221,ACC00475
TXN0008505,normal,,ACC00221,ACC00475
TXN0008506,normal,,ACC00221,ACC00325
TXN0008507,normal,,ACC00221,ACC00364
TXN0008508,normal,,ACC00221,ACC00176
TXN0008509,normal,,ACC00221,ACC00238
TXN0008510,normal,,ACC00364,ACC00221
TXN0008511,normal,,ACC00221,ACC00256
TXN0008512,normal,,ACC00221,ACC00278
TXN0008513,normal,,ACC00221,ACC00289
TXN0008514,normal,,ACC00221,ACC00364
TXN0008515,normal,,ACC00222,ACC00015
TXN0008516,normal,,ACC00099,ACC00222
TXN0008517,normal,,ACC00248,ACC00222
TXN0008518,normal,,ACC00496,ACC00222
TXN0008519,normal,,ACC00222,ACC00381
TXN0008520,normal,,ACC00342,ACC00222
TXN0008521,normal,,ACC00222,ACC00374
TXN0008522,normal,,ACC00222,ACC00496
TXN0008523,normal,,ACC00235,ACC00222
TXN0008524,normal,,ACC00222,ACC00381
TXN0008525,normal,,ACC00381,ACC00222
TXN0008526,normal,,ACC00222,ACC00047
TXN0008527,normal,,ACC00222,ACC00015
TXN0008528,normal,,ACC00222,ACC00342
TXN0008529,normal,,ACC00235,ACC00222
TXN0008530,normal,,ACC00222,ACC00400
TXN0008531,normal,,ACC00222,ACC00010
TXN0008532,normal,,ACC00490,ACC00222
TXN0008533,normal,,ACC00222,ACC00497
TXN0008534,normal,,ACC00222,ACC00342
TXN0008535,normal,,ACC00381,ACC00222
TXN0008536,normal,,ACC00222,ACC00484
TXN0008537,normal,,ACC00222,ACC00361
TXN0008538,normal,,ACC00342,ACC00222
TXN0008539,normal,,ACC00222,ACC00381
TXN0008540,normal,,ACC00381,ACC00222
TXN0008541,normal,,ACC00342,ACC00222
TXN0008542,normal,,ACC00222,ACC00130
TXN0008543,normal,,ACC00222,ACC00361
TXN0008544,normal,,ACC00222,ACC00342
TXN0008545,normal,,ACC00222,ACC00381
TXN0008546,normal,,ACC00342,ACC00222
TXN0008547,normal,,ACC00484,ACC00222
TXN0008548,normal,,ACC00222,ACC00059
TXN0008549,normal,,ACC00222,ACC00093
TXN0008550,normal,,ACC00361,ACC00222
TXN0008551,normal,,ACC00222,ACC00201
TXN0008552,normal,,ACC00484,ACC00222
TXN0008553,normal,,ACC00222,ACC00015
TXN0008554,normal,,ACC00015,ACC00222
TXN0008555,normal,,ACC00363,ACC00222
TXN0008556,normal,,ACC00496,ACC00222
TXN0008557,normal,,ACC00201,ACC00222
TXN0008558,normal,,ACC00222,ACC00256
TXN0008559,normal,,ACC00222,ACC00263
TXN0008560,normal,,ACC00222,ACC00015
TXN0008561,normal,,ACC00201,ACC00222
TXN0008562,normal,,ACC00201,ACC00222
TXN0008563,normal,,ACC00235,ACC00222
TXN0008564,normal,,ACC00222,ACC00342
TXN0008565,normal,,ACC00474,ACC00222
TXN0008566,normal,,ACC00138,ACC00222
TXN0008567,normal,,ACC00496,ACC00222
TXN0008568,normal,,ACC00222,ACC00381
TXN0008569,normal,,ACC00303,ACC00222
TXN0008570,normal,,ACC00381,ACC00222
TXN0008571,normal,,ACC00332,ACC00222
TXN0008572,normal,,ACC00222,ACC00496
TXN0008573,normal,,ACC00222,ACC00484
TXN0008574,normal,,ACC00222,ACC00235
TXN0008575,normal,,ACC00223,ACC00091
TXN0008576,normal,,ACC00223,ACC00091
TXN0008577,normal,,ACC00082,ACC00223
TXN0008578,normal,,ACC00223,ACC00107
TXN0008579,normal,,ACC00223,ACC00125
TXN0008580,normal,,ACC00495,ACC00223
TXN0008581,normal,,ACC00082,ACC00223
TXN0008582,normal,,ACC00223,ACC00106
TXN0008583,normal,,ACC00223,ACC00024
TXN0008584,normal,,ACC00091,ACC00223
TXN0008585,normal,,ACC00223,ACC00024
TXN0008586,normal,,ACC00223,ACC00373
TXN0008587,normal,,ACC00362,ACC00223
TXN0008588,normal,,ACC00223,ACC00154
TXN0008589,normal,,ACC00223,ACC00221
TXN0008590,normal,,ACC00223,ACC00024
TXN0008591,normal,,ACC00223,ACC00428
TXN0008592,normal,,ACC00223,ACC00106
TXN0008593,normal,,ACC00486,ACC00224
TXN0008594,normal,,ACC00496,ACC00224
TXN0008595,normal,,ACC00486,ACC00224
TXN0008596,normal,,ACC00224,ACC00294
TXN0008597,normal,,ACC00224,ACC00294
TXN0008598,normal,,ACC00272,ACC00224
TXN0008599,normal,,ACC00224,ACC00282
TXN0008600,normal,,ACC00458,ACC00224
TXN0008601,normal,,ACC00224,ACC00022
TXN0008602,normal,,ACC00455,ACC00224
TXN0008603,normal,,ACC00219,ACC00224
TXN0008604,normal,,ACC00224,ACC00486
TXN0008605,normal,,ACC00224,ACC00455
TXN0008606,normal,,ACC00224,ACC00262
TXN0008607,normal,,ACC00224,ACC00294
TXN0008608,normal,,ACC00224,ACC00294
TXN0008609,normal,,ACC00219,ACC00224
TXN0008610,normal,,ACC00224,ACC00144
TXN0008611,normal,,ACC00455,ACC00224
TXN0008612,normal,,ACC00272,ACC00224
TXN0008613,normal,,ACC00119,ACC00224
TXN0008614,normal,,ACC00224,ACC00219
TXN0008615,normal,,ACC00224,ACC00496
TXN0008616,normal,,ACC00224,ACC00486
TXN0008617,normal,,ACC00144,ACC00224
TXN0008618,normal,,ACC00224,ACC00489
TXN0008619,normal,,ACC00357,ACC00224
TXN0008620,normal,,ACC00340,ACC00224
TXN0008621,normal,,ACC00224,ACC00496
TXN0008622,normal,,ACC00224,ACC00272
TXN0008623,normal,,ACC00224,ACC00119
TXN0008624,normal,,ACC00455,ACC00224
TXN0008625,normal,,ACC00224,ACC00272
TXN0008626,normal,,ACC00224,ACC00119
TXN0008627,normal,,ACC00098,ACC00224
TXN0008628,normal,,ACC00224,ACC00486
TXN0008629,normal,,ACC00294,ACC00224
TXN0008630,normal,,ACC00224,ACC00455
TXN0008631,normal,,ACC00224,ACC00496
TXN0008632,normal,,ACC00224,ACC00455
TXN0008633,normal,,ACC00119,ACC00224
TXN0008634,normal,,ACC00486,ACC00224
TXN0008635,normal,,ACC00203,ACC00225
TXN0008636,normal,,ACC00498,ACC00225
TXN0008637,normal,,ACC00342,ACC00225
TXN0008638,normal,,ACC00297,ACC00225
TXN0008639,normal,,ACC00115,ACC00225
TXN0008640,normal,,ACC00225,ACC00029
TXN0008641,normal,,ACC00147,ACC00225
TXN0008642,normal,,ACC00029,ACC00225
TXN0008643,normal,,ACC00044,ACC00225
TXN0008644,normal,,ACC00225,ACC00297
TXN0008645,normal,,ACC00498,ACC00225
TXN0008646,normal,,ACC00225,ACC00203
TXN0008647,normal,,ACC00225,ACC00044
TXN0008648,normal,,ACC00225,ACC00203
TXN0008649,normal,,ACC00225,ACC00342
TXN0008650,normal,,ACC00225,ACC00203
TXN0008651,normal,,ACC00225,ACC00052
TXN0008652,normal,,ACC00044,ACC00225
TXN0008653,normal,,ACC00225,ACC00203
TXN0008654,normal,,ACC00225,ACC00498
TXN0008655,normal,,ACC00029,ACC00225
TXN0008656,normal,,ACC00297,ACC00225
TXN0008657,normal,,ACC00203,ACC00225
TXN0008658,normal,,ACC00203,ACC00225
TXN0008659,normal,,ACC00203,ACC00225
TXN0008660,normal,,ACC00066,ACC00225
TXN0008661,normal,,ACC00147,ACC00225
TXN0008662,normal,,ACC00225,ACC00498
TXN0008663,normal,,ACC00297,ACC00225
TXN0008664,normal,,ACC00225,ACC00147
TXN0008665,normal,,ACC00297,ACC00225
TXN0008666,normal,,ACC00044,ACC00225
TXN0008667,normal,,ACC00225,ACC00147
TXN0008668,normal,,ACC00297,ACC00225
TXN0008669,normal,,ACC00225,ACC00498
TXN0008670,normal,,ACC00225,ACC00342
TXN0008671,normal,,ACC00225,ACC00498
TXN0008672,normal,,ACC00297,ACC00225
TXN0008673,normal,,ACC00225,ACC00342
TXN0008674,normal,,ACC00342,ACC00225
TXN0008675,normal,,ACC00029,ACC00225
TXN0008676,normal,,ACC00225,ACC00041
TXN0008677,normal,,ACC00396,ACC00225
TXN0008678,normal,,ACC00297,ACC00225
TXN0008679,normal,,ACC00225,ACC00137
TXN0008680,normal,,ACC00225,ACC00166
TXN0008681,normal,,ACC00225,ACC00297
TXN0008682,normal,,ACC00106,ACC00226
TXN0008683,normal,,ACC00228,ACC00226
TXN0008684,normal,,ACC00106,ACC00226
TXN0008685,normal,,ACC00226,ACC00456
TXN0008686,normal,,ACC00228,ACC00226
TXN0008687,normal,,ACC00226,ACC00468
TXN0008688,normal,,ACC00391,ACC00226
TXN0008689,normal,,ACC00375,ACC00226
TXN0008690,normal,,ACC00391,ACC00226
TXN0008691,normal,,ACC00226,ACC00407
TXN0008692,normal,,ACC00226,ACC00228
TXN0008693,normal,,ACC00226,ACC00228
TXN0008694,normal,,ACC00226,ACC00228
TXN0008695,normal,,ACC00485,ACC00226
TXN0008696,normal,,ACC00485,ACC00226
TXN0008697,normal,,ACC00226,ACC00204
TXN0008698,normal,,ACC00226,ACC00231
TXN0008699,normal,,ACC00226,ACC00189
TXN0008700,normal,,ACC00228,ACC00226
TXN0008701,normal,,ACC00106,ACC00226
TXN0008702,normal,,ACC00204,ACC00226
TXN0008703,normal,,ACC00367,ACC00226
TXN0008704,normal,,ACC00226,ACC00228
TXN0008705,normal,,ACC00226,ACC00485
TXN0008706,normal,,ACC00468,ACC00226
TXN0008707,normal,,ACC00485,ACC00226
TXN0008708,normal,,ACC00485,ACC00226
TXN0008709,normal,,ACC00437,ACC00227
TXN0008710,normal,,ACC00328,ACC00227
TXN0008711,normal,,ACC00234,ACC00227
TXN0008712,normal,,ACC00234,ACC00227
TXN0008713,normal,,ACC00227,ACC00129
TXN0008714,normal,,ACC00227,ACC00092
TXN0008715,normal,,ACC00227,ACC00328
TXN0008716,normal,,ACC00227,ACC00253
TXN0008717,normal,,ACC00253,ACC00227
TXN0008718,normal,,ACC00227,ACC00328
TXN0008719,normal,,ACC00159,ACC00227
TXN0008720,normal,,ACC00445,ACC00227
TXN0008721,normal,,ACC00227,ACC00253
TXN0008722,normal,,ACC00227,ACC00425
TXN0008723,normal,,ACC00227,ACC00326
TXN0008724,normal,,ACC00249,ACC00227
TXN0008725,normal,,ACC00227,ACC00234
TXN0008726,normal,,ACC00227,ACC00442
TXN0008727,normal,,ACC00437,ACC00227
TXN0008728,normal,,ACC00425,ACC00227
TXN0008729,normal,,ACC00437,ACC00227
TXN0008730,normal,,ACC00227,ACC00437
TXN0008731,normal,,ACC00227,ACC00001
TXN0008732,normal,,ACC00227,ACC00002
TXN0008733,normal,,ACC00002,ACC00227
TXN0008734,normal,,ACC00253,ACC00227
TXN0008735,normal,,ACC00227,ACC00234
TXN0008736,normal,,ACC00141,ACC00227
TXN0008737,normal,,ACC00425,ACC00227
TXN0008738,normal,,ACC00378,ACC00227
TXN0008739,normal,,ACC00002,ACC00227
TXN0008740,normal,,ACC00227,ACC00002
TXN0008741,normal,,ACC00227,ACC00328
TXN0008742,normal,,ACC00253,ACC00227
TXN0008743,normal,,ACC00121,ACC00227
TXN0008744,normal,,ACC00253,ACC00227
TXN0008745,normal,,ACC00253,ACC00227
TXN0008746,normal,,ACC00159,ACC00227
TXN0008747,normal,,ACC00227,ACC00459
TXN0008748,normal,,ACC00227,ACC00253
TXN0008749,normal,,ACC00437,ACC00227
TXN0008750,normal,,ACC00227,ACC00459
TXN0008751,normal,,ACC00390,ACC00227
TXN0008752,normal,,ACC00227,ACC00234
TXN0008753,normal,,ACC00227,ACC00002
TXN0008754,normal,,ACC00227,ACC00253
TXN0008755,normal,,ACC00234,ACC00227
TXN0008756,normal,,ACC00253,ACC00227
TXN0008757,normal,,ACC00328,ACC00227
TXN0008758,normal,,ACC00425,ACC00227
TXN0008759,normal,,ACC00227,ACC00253
TXN0008760,normal,,ACC00428,ACC00228
TXN0008761,normal,,ACC00220,ACC00228
TXN0008762,normal,,ACC00228,ACC00314
TXN0008763,normal,,ACC00314,ACC00228
TXN0008764,normal,,ACC00220,ACC00228
TXN0008765,normal,,ACC00228,ACC00283
TXN0008766,normal,,ACC00228,ACC00428
TXN0008767,normal,,ACC00228,ACC00085
TXN0008768,normal,,ACC00085,ACC00228
TXN0008769,normal,,ACC00228,ACC00085
TXN0008770,normal,,ACC00228,ACC00389
TXN0008771,normal,,ACC00283,ACC00228
TXN0008772,normal,,ACC00228,ACC00283
TXN0008773,normal,,ACC00228,ACC00189
TXN0008774,normal,,ACC00228,ACC00314
TXN0008775,normal,,ACC00428,ACC00228
TXN0008776,normal,,ACC00228,ACC00217
TXN0008777,normal,,ACC00343,ACC00228
TXN0008778,normal,,ACC00228,ACC00314
TXN0008779,normal,,ACC00282,ACC00228
TXN0008780,normal,,ACC00229,ACC00220
TXN0008781,normal,,ACC00301,ACC00229
TXN0008782,normal,,ACC00301,ACC00229
TXN0008783,normal,,ACC00229,ACC00067
TXN0008784,normal,,ACC00229,ACC00496
TXN0008785,normal,,ACC00229,ACC00067
TXN0008786,normal,,ACC00229,ACC00496
TXN0008787,normal,,ACC00229,ACC00299
TXN0008788,normal,,ACC00229,ACC00496
TXN0008789,normal,,ACC00067,ACC00229
TXN0008790,normal,,ACC00294,ACC00229
TXN0008791,normal,,ACC00060,ACC00229
TXN0008792,normal,,ACC00229,ACC00067
TXN0008793,normal,,ACC00229,ACC00301
TXN0008794,normal,,ACC00496,ACC00229
TXN0008795,normal,,ACC00229,ACC00067
TXN0008796,normal,,ACC00289,ACC00229
TXN0008797,normal,,ACC00301,ACC00229
TXN0008798,normal,,ACC00067,ACC00229
TXN0008799,normal,,ACC00012,ACC00229
TXN0008800,normal,,ACC00149,ACC00229
TXN0008801,normal,,ACC00229,ACC00496
TXN0008802,normal,,ACC00060,ACC00229
TXN0008803,normal,,ACC00067,ACC00229
TXN0008804,normal,,ACC00229,ACC00067
TXN0008805,normal,,ACC00229,ACC00220
TXN0008806,normal,,ACC00478,ACC00229
TXN0008807,normal,,ACC00229,ACC00496
TXN0008808,normal,,ACC00376,ACC00229
TXN0008809,normal,,ACC00179,ACC00229
TXN0008810,normal,,ACC00229,ACC00475
TXN0008811,normal,,ACC00119,ACC00230
TXN0008812,normal,,ACC00230,ACC00188
TXN0008813,normal,,ACC00230,ACC00331
TXN0008814,normal,,ACC00230,ACC00119
TXN0008815,normal,,ACC00230,ACC00334
TXN0008816,normal,,ACC00230,ACC00331
TXN0008817,normal,,ACC00025,ACC00230
TXN0008818,normal,,ACC00230,ACC00119
TXN0008819,normal,,ACC00230,ACC00383
TXN0008820,normal,,ACC00230,ACC00473
TXN0008821,normal,,ACC00012,ACC00230
TXN0008822,normal,,ACC00381,ACC00230
TXN0008823,normal,,ACC00127,ACC00230
TXN0008824,normal,,ACC00230,ACC00119
TXN0008825,normal,,ACC00230,ACC00161
TXN0008826,normal,,ACC00188,ACC00230
TXN0008827,normal,,ACC00188,ACC00230
TXN0008828,normal,,ACC00381,ACC00230
TXN0008829,normal,,ACC00473,ACC00230
TXN0008830,normal,,ACC00146,ACC00230
TXN0008831,normal,,ACC00036,ACC00231
TXN0008832,normal,,ACC00231,ACC00460
TXN0008833,normal,,ACC00231,ACC00087
TXN0008834,normal,,ACC00491,ACC00231
TXN0008835,normal,,ACC00451,ACC00231
TXN0008836,normal,,ACC00231,ACC00451
TXN0008837,normal,,ACC00231,ACC00302
TXN0008838,normal,,ACC00451,ACC00231
TXN0008839,normal,,ACC00231,ACC00003
TXN0008840,normal,,ACC00231,ACC00491
TXN0008841,normal,,ACC00231,ACC00214
TXN0008842,normal,,ACC00491,ACC00231
TXN0008843,normal,,ACC00231,ACC00036
TXN0008844,normal,,ACC00362,ACC00231
TXN0008845,normal,,ACC00231,ACC00167
TXN0008846,normal,,ACC00231,ACC00036
TXN0008847,normal,,ACC00231,ACC00089
TXN0008848,normal,,ACC00231,ACC00036
TXN0008849,normal,,ACC00214,ACC00231
TXN0008850,normal,,ACC00231,ACC00442
TXN0008851,normal,,ACC00231,ACC00451
TXN0008852,normal,,ACC00177,ACC00231
TXN0008853,normal,,ACC00231,ACC00018
TXN0008854,normal,,ACC00167,ACC00231
TXN0008855,normal,,ACC00231,ACC00036
TXN0008856,normal,,ACC00036,ACC00231
TXN0008857,normal,,ACC00231,ACC00451
TXN0008858,normal,,ACC00231,ACC00302
TXN0008859,normal,,ACC00231,ACC00036
TXN0008860,normal,,ACC00491,ACC00231
TXN0008861,normal,,ACC00231,ACC00302
TXN0008862,normal,,ACC00003,ACC00231
TXN0008863,normal,,ACC00231,ACC00214
TXN0008864,normal,,ACC00214,ACC00231
TXN0008865,normal,,ACC00451,ACC00231
TXN0008866,normal,,ACC00231,ACC00214
TXN0008867,normal,,ACC00451,ACC00231
TXN0008868,normal,,ACC00231,ACC00302
TXN0008869,normal,,ACC00231,ACC00214
TXN0008870,normal,,ACC00231,ACC00167
TXN0008871,normal,,ACC00231,ACC00491
TXN0008872,normal,,ACC00003,ACC00231
TXN0008873,normal,,ACC00231,ACC00018
TXN0008874,normal,,ACC00231,ACC00451
TXN0008875,normal,,ACC00231,ACC00302
TXN0008876,normal,,ACC00231,ACC00214
TXN0008877,normal,,ACC00003,ACC00231
TXN0008878,normal,,ACC00231,ACC00167
TXN0008879,normal,,ACC00231,ACC00491
TXN0008880,normal,,ACC00018,ACC00231
TXN0008881,normal,,ACC00214,ACC00231
TXN0008882,normal,,ACC00491,ACC00231
TXN0008883,normal,,ACC00231,ACC00018
TXN0008884,normal,,ACC00427,ACC00232
TXN0008885,normal,,ACC00002,ACC00232
TXN0008886,normal,,ACC00487,ACC00232
TXN0008887,normal,,ACC00240,ACC00232
TXN0008888,normal,,ACC00232,ACC00264
TXN0008889,normal,,ACC00137,ACC00232
TXN0008890,normal,,ACC00232,ACC00460
TXN0008891,normal,,ACC00232,ACC00080
TXN0008892,normal,,ACC00232,ACC00053
TXN0008893,normal,,ACC00049,ACC00232
TXN0008894,normal,,ACC00232,ACC00447
TXN0008895,normal,,ACC00232,ACC00024
TXN0008896,normal,,ACC00232,ACC00024
TXN0008897,normal,,ACC00232,ACC00160
TXN0008898,normal,,ACC00049,ACC00232
TXN0008899,normal,,ACC00024,ACC00232
TXN0008900,normal,,ACC00232,ACC00024
TXN0008901,normal,,ACC00232,ACC00298
TXN0008902,normal,,ACC00232,ACC00002
TXN0008903,normal,,ACC00232,ACC00264
TXN0008904,normal,,ACC00232,ACC00264
TXN0008905,normal,,ACC00232,ACC00394
TXN0008906,normal,,ACC00232,ACC00402
TXN0008907,normal,,ACC00275,ACC00232
TXN0008908,normal,,ACC00232,ACC00049
TXN0008909,normal,,ACC00240,ACC00232
TXN0008910,normal,,ACC00049,ACC00232
TXN0008911,normal,,ACC00232,ACC00402
TXN0008912,normal,,ACC00447,ACC00232
TXN0008913,normal,,ACC00024,ACC00232
TXN0008914,normal,,ACC00232,ACC00264
TXN0008915,normal,,ACC00232,ACC00240
TXN0008916,normal,,ACC00232,ACC00208
TXN0008917,normal,,ACC00264,ACC00232
TXN0008918,normal,,ACC00002,ACC00232
TXN0008919,normal,,ACC00002,ACC00232
TXN0008920,normal,,ACC00232,ACC00002
TXN0008921,normal,,ACC00232,ACC00049
TXN0008922,normal,,ACC00232,ACC00024
TXN0008923,normal,,ACC00232,ACC00264
TXN0008924,normal,,ACC00002,ACC00232
TXN0008925,normal,,ACC00232,ACC00049
TXN0008926,normal,,ACC00372,ACC00232
TXN0008927,normal,,ACC00402,ACC00232
TXN0008928,normal,,ACC00232,ACC00240
TXN0008929,normal,,ACC00240,ACC00232
TXN0008930,normal,,ACC00232,ACC00080
TXN0008931,normal,,ACC00232,ACC00487
TXN0008932,normal,,ACC00240,ACC00232
TXN0008933,normal,,ACC00263,ACC00232
TXN0008934,normal,,ACC00240,ACC00232
TXN0008935,normal,,ACC00232,ACC00049
TXN0008936,normal,,ACC00232,ACC00264
TXN0008937,normal,,ACC00232,ACC00080
TXN0008938,normal,,ACC00232,ACC00347
TXN0008939,normal,,ACC00264,ACC00232
TXN0008940,normal,,ACC00232,ACC00049
TXN0008941,normal,,ACC00232,ACC00447
TXN0008942,normal,,ACC00080,ACC00232
TXN0008943,normal,,ACC00232,ACC00002
TXN0008944,normal,,ACC00317,ACC00233
TXN0008945,normal,,ACC00233,ACC00493
TXN0008946,normal,,ACC00233,ACC00466
TXN0008947,normal,,ACC00233,ACC00038
TXN0008948,normal,,ACC00233,ACC00416
TXN0008949,normal,,ACC00353,ACC00233
TXN0008950,normal,,ACC00233,ACC00038
TXN0008951,normal,,ACC00073,ACC00233
TXN0008952,normal,,ACC00500,ACC00233
TXN0008953,normal,,ACC00500,ACC00233
TXN0008954,normal,,ACC00233,ACC00500
TXN0008955,normal,,ACC00233,ACC00466
TXN0008956,normal,,ACC00233,ACC00466
TXN0008957,normal,,ACC00233,ACC00153
TXN0008958,normal,,ACC00233,ACC00038
TXN0008959,normal,,ACC00170,ACC00233
TXN0008960,normal,,ACC00233,ACC00500
TXN0008961,normal,,ACC00500,ACC00233
TXN0008962,normal,,ACC00317,ACC00233
TXN0008963,normal,,ACC00233,ACC00374
TXN0008964,normal,,ACC00233,ACC00259
TXN0008965,normal,,ACC00233,ACC00298
TXN0008966,normal,,ACC00353,ACC00233
TXN0008967,normal,,ACC00233,ACC00073
TXN0008968,normal,,ACC00317,ACC00233
TXN0008969,normal,,ACC00466,ACC00233
TXN0008970,normal,,ACC00233,ACC00393
TXN0008971,normal,,ACC00233,ACC00073
TXN0008972,normal,,ACC00233,ACC00073
TXN0008973,normal,,ACC00317,ACC00233
TXN0008974,normal,,ACC00466,ACC00233
TXN0008975,normal,,ACC00233,ACC00072
TXN0008976,normal,,ACC00500,ACC00233
TXN0008977,normal,,ACC00088,ACC00233
TXN0008978,normal,,ACC00233,ACC00073
TXN0008979,normal,,ACC00233,ACC00134
TXN0008980,normal,,ACC00500,ACC00233
TXN0008981,normal,,ACC00233,ACC00038
TXN0008982,normal,,ACC00073,ACC00233
TXN0008983,normal,,ACC00233,ACC00073
TXN0008984,normal,,ACC00233,ACC00466
TXN0008985,normal,,ACC00233,ACC00072
TXN0008986,normal,,ACC00233,ACC00317
TXN0008987,normal,,ACC00233,ACC00235
TXN0008988,normal,,ACC00317,ACC00233
TXN0008989,normal,,ACC00233,ACC00353
TXN0008990,normal,,ACC00233,ACC00353
TXN0008991,normal,,ACC00414,ACC00233
TXN0008992,normal,,ACC00233,ACC00071
TXN0008993,normal,,ACC00233,ACC00411
TXN0008994,normal,,ACC00233,ACC00466
TXN0008995,normal,,ACC00233,ACC00073
TXN0008996,normal,,ACC00466,ACC00233
TXN0008997,normal,,ACC00233,ACC00072
TXN0008998,normal,,ACC00073,ACC00233
TXN0008999,normal,,ACC00072,ACC00233
TXN0009000,normal,,ACC00234,ACC00050
TXN0009001,normal,,ACC00234,ACC00447
TXN0009002,normal,,ACC00050,ACC00234
TXN0009003,normal,,ACC00234,ACC00455
TXN0009004,normal,,ACC00234,ACC00447
TXN0009005,normal,,ACC00050,ACC00234
TXN0009006,normal,,ACC00234,ACC00141
TXN0009007,normal,,ACC00234,ACC00001
TXN0009008,normal,,ACC00447,ACC00234
TXN0009009,normal,,ACC00097,ACC00234
TXN0009010,normal,,ACC00234,ACC00124
TXN0009011,normal,,ACC00097,ACC00234
TXN0009012,normal,,ACC00050,ACC00234
TXN0009013,normal,,ACC00050,ACC00234
TXN0009014,normal,,ACC00234,ACC00447
TXN0009015,normal,,ACC00141,ACC00234
TXN0009016,normal,,ACC00236,ACC00234
TXN0009017,normal,,ACC00234,ACC00455
TXN0009018,normal,,ACC00050,ACC00234
TXN0009019,normal,,ACC00234,ACC00447
TXN0009020,normal,,ACC00234,ACC00009
TXN0009021,normal,,ACC00234,ACC00050
TXN0009022,normal,,ACC00234,ACC00141
TXN0009023,normal,,ACC00234,ACC00447
TXN0009024,normal,,ACC00234,ACC00303
TXN0009025,normal,,ACC00234,ACC00421
TXN0009026,normal,,ACC00234,ACC00097
TXN0009027,normal,,ACC00067,ACC00234
TXN0009028,normal,,ACC00234,ACC00303
TXN0009029,normal,,ACC00447,ACC00234
TXN0009030,normal,,ACC00234,ACC00141
TXN0009031,normal,,ACC00234,ACC00097
TXN0009032,normal,,ACC00234,ACC00067
TXN0009033,normal,,ACC00234,ACC00417
TXN0009034,normal,,ACC00234,ACC00447
TXN0009035,normal,,ACC00234,ACC00132
TXN0009036,normal,,ACC00141,ACC00234
TXN0009037,normal,,ACC00234,ACC00412
TXN0009038,normal,,ACC00234,ACC00097
TXN0009039,normal,,ACC00455,ACC00234
TXN0009040,normal,,ACC00234,ACC00435
TXN0009041,normal,,ACC00050,ACC00234
TXN0009042,normal,,ACC00384,ACC00235
TXN0009043,normal,,ACC00384,ACC00235
TXN0009044,normal,,ACC00235,ACC00251
TXN0009045,normal,,ACC00235,ACC00329
TXN0009046,normal,,ACC00150,ACC00235
TXN0009047,normal,,ACC00125,ACC00235
TXN0009048,normal,,ACC00235,ACC00087
TXN0009049,normal,,ACC00235,ACC00329
TXN0009050,normal,,ACC00329,ACC00235
TXN0009051,normal,,ACC00125,ACC00235
TXN0009052,normal,,ACC00384,ACC00235
TXN0009053,normal,,ACC00384,ACC00235
TXN0009054,normal,,ACC00235,ACC00384
TXN0009055,normal,,ACC00235,ACC00125
TXN0009056,normal,,ACC00233,ACC00235
TXN0009057,normal,,ACC00406,ACC00236
TXN0009058,normal,,ACC00236,ACC00311
TXN0009059,normal,,ACC00296,ACC00236
TXN0009060,normal,,ACC00005,ACC00236
TXN0009061,normal,,ACC00247,ACC00236
TXN0009062,normal,,ACC00311,ACC00236
TXN0009063,normal,,ACC00262,ACC00236
TXN0009064,normal,,ACC00236,ACC00022
TXN0009065,normal,,ACC00236,ACC00262
TXN0009066,normal,,ACC00311,ACC00236
TXN0009067,normal,,ACC00406,ACC00236
TXN0009068,normal,,ACC00236,ACC00365
TXN0009069,normal,,ACC00365,ACC00236
TXN0009070,normal,,ACC00121,ACC00236
TXN0009071,normal,,ACC00236,ACC00203
TXN0009072,normal,,ACC00236,ACC00311
TXN0009073,normal,,ACC00262,ACC00236
TXN0009074,normal,,ACC00404,ACC00236
TXN0009075,normal,,ACC00236,ACC00365
TXN0009076,normal,,ACC00236,ACC00385
TXN0009077,normal,,ACC00290,ACC00236
TXN0009078,normal,,ACC00236,ACC00406
TXN0009079,normal,,ACC00236,ACC00312
TXN0009080,normal,,ACC00406,ACC00236
TXN0009081,normal,,ACC00022,ACC00236
TXN0009082,normal,,ACC00312,ACC00236
TXN0009083,normal,,ACC00236,ACC00022
TXN0009084,normal,,ACC00236,ACC00312
TXN0009085,normal,,ACC00406,ACC00236
TXN0009086,normal,,ACC00236,ACC00404
TXN0009087,normal,,ACC00236,ACC00365
TXN0009088,normal,,ACC00236,ACC00290
TXN0009089,normal,,ACC00472,ACC00236
TXN0009090,normal,,ACC00311,ACC00236
TXN0009091,normal,,ACC00404,ACC00236
TXN0009092,normal,,ACC00290,ACC00236
TXN0009093,normal,,ACC00406,ACC00236
TXN0009094,normal,,ACC00236,ACC00311
TXN0009095,normal,,ACC00236,ACC00406
TXN0009096,normal,,ACC00365,ACC00236
TXN0009097,normal,,ACC00081,ACC00236
TXN0009098,normal,,ACC00365,ACC00236
TXN0009099,normal,,ACC00311,ACC00236
TXN0009100,normal,,ACC00236,ACC00312
TXN0009101,normal,,ACC00136,ACC00236
TXN0009102,normal,,ACC00365,ACC00236
TXN0009103,normal,,ACC00236,ACC00312
TXN0009104,normal,,ACC00236,ACC00039
TXN0009105,normal,,ACC00365,ACC00236
TXN0009106,normal,,ACC00311,ACC00236
TXN0009107,normal,,ACC00236,ACC00312
TXN0009108,normal,,ACC00262,ACC00236
TXN0009109,normal,,ACC00254,ACC00236
TXN0009110,normal,,ACC00236,ACC00406
TXN0009111,normal,,ACC00236,ACC00406
TXN0009112,normal,,ACC00236,ACC00404
TXN0009113,normal,,ACC00236,ACC00262
TXN0009114,normal,,ACC00236,ACC00149
TXN0009115,normal,,ACC00236,ACC00290
TXN0009116,normal,,ACC00358,ACC00237
TXN0009117,normal,,ACC00096,ACC00237
TXN0009118,normal,,ACC00096,ACC00237
TXN0009119,normal,,ACC00237,ACC00023
TXN0009120,normal,,ACC00237,ACC00030
TXN0009121,normal,,ACC00133,ACC00237
TXN0009122,normal,,ACC00237,ACC00126
TXN0009123,normal,,ACC00237,ACC00136
TXN0009124,normal,,ACC00023,ACC00237
TXN0009125,normal,,ACC00237,ACC00136
TXN0009126,normal,,ACC00126,ACC00237
TXN0009127,normal,,ACC00030,ACC00237
TXN0009128,normal,,ACC00237,ACC00096
TXN0009129,normal,,ACC00237,ACC00096
TXN0009130,normal,,ACC00237,ACC00136
TXN0009131,normal,,ACC00358,ACC00237
TXN0009132,normal,,ACC00237,ACC00087
TXN0009133,normal,,ACC00237,ACC00477
TXN0009134,normal,,ACC00136,ACC00237
TXN0009135,normal,,ACC00237,ACC00096
TXN0009136,normal,,ACC00030,ACC00237
TXN0009137,normal,,ACC00237,ACC00455
TXN0009138,normal,,ACC00237,ACC00023
TXN0009139,normal,,ACC00096,ACC00237
TXN0009140,normal,,ACC00023,ACC00237
TXN0009141,normal,,ACC00237,ACC00136
TXN0009142,normal,,ACC00237,ACC00136
TXN0009143,normal,,ACC00023,ACC00237
TXN0009144,normal,,ACC00068,ACC00237
TXN0009145,normal,,ACC00237,ACC00068
TXN0009146,normal,,ACC00042,ACC00237
TXN0009147,normal,,ACC00237,ACC00030
TXN0009148,normal,,ACC00136,ACC00237
TXN0009149,normal,,ACC00237,ACC00023
TXN0009150,normal,,ACC00237,ACC00030
TXN0009151,normal,,ACC00018,ACC00237
TXN0009152,normal,,ACC00358,ACC00237
TXN0009153,normal,,ACC00238,ACC00276
TXN0009154,normal,,ACC00276,ACC00238
TXN0009155,normal,,ACC00238,ACC00431
TXN0009156,normal,,ACC00238,ACC00272
TXN0009157,normal,,ACC00460,ACC00238
TXN0009158,normal,,ACC00216,ACC00238
TXN0009159,normal,,ACC00238,ACC00393
TXN0009160,normal,,ACC00474,ACC00238
TXN0009161,normal,,ACC00026,ACC00238
TXN0009162,normal,,ACC00172,ACC00238
TXN0009163,normal,,ACC00216,ACC00238
TXN0009164,normal,,ACC00394,ACC00238
TXN0009165,normal,,ACC00238,ACC00276
TXN0009166,normal,,ACC00238,ACC00197
TXN0009167,normal,,ACC00394,ACC00238
TXN0009168,normal,,ACC00238,ACC00092
TXN0009169,normal,,ACC00238,ACC00394
TXN0009170,normal,,ACC00238,ACC00476
TXN0009171,normal,,ACC00216,ACC00238
TXN0009172,normal,,ACC00216,ACC00238
TXN0009173,normal,,ACC00238,ACC00394
TXN0009174,normal,,ACC00172,ACC00238
TXN0009175,normal,,ACC00092,ACC00238
TXN0009176,normal,,ACC00238,ACC00026
TXN0009177,normal,,ACC00238,ACC00395
TXN0009178,normal,,ACC00238,ACC00394
TXN0009179,normal,,ACC00238,ACC00272
TXN0009180,normal,,ACC00272,ACC00238
TXN0009181,normal,,ACC00299,ACC00238
TXN0009182,normal,,ACC00238,ACC00272
TXN0009183,normal,,ACC00238,ACC00092
TXN0009184,normal,,ACC00238,ACC00394
TXN0009185,normal,,ACC00092,ACC00238
TXN0009186,normal,,ACC00238,ACC00383
TXN0009187,normal,,ACC00238,ACC00216
TXN0009188,normal,,ACC00276,ACC00238
TXN0009189,normal,,ACC00238,ACC00172
TXN0009190,normal,,ACC00238,ACC00272
TXN0009191,normal,,ACC00238,ACC00216
TXN0009192,normal,,ACC00026,ACC00238
TXN0009193,normal,,ACC00239,ACC00430
TXN0009194,normal,,ACC00037,ACC00239
TXN0009195,normal,,ACC00430,ACC00239
TXN0009196,normal,,ACC00239,ACC00067
TXN0009197,normal,,ACC00149,ACC00239
TXN0009198,normal,,ACC00239,ACC00147
TXN0009199,normal,,ACC00089,ACC00239
TXN0009200,normal,,ACC00135,ACC00239
TXN0009201,normal,,ACC00239,ACC00147
TXN0009202,normal,,ACC00239,ACC00194
TXN0009203,normal,,ACC00239,ACC00328
TXN0009204,normal,,ACC00185,ACC00239
TXN0009205,normal,,ACC00053,ACC00239
TXN0009206,normal,,ACC00430,ACC00239
TXN0009207,normal,,ACC00239,ACC00089
TXN0009208,normal,,ACC00252,ACC00239
TXN0009209,normal,,ACC00239,ACC00004
TXN0009210,normal,,ACC00239,ACC00147
TXN0009211,normal,,ACC00239,ACC00037
TXN0009212,normal,,ACC00037,ACC00239
TXN0009213,normal,,ACC00147,ACC00239
TXN0009214,normal,,ACC00239,ACC00194
TXN0009215,normal,,ACC00053,ACC00239
TXN0009216,normal,,ACC00239,ACC00194
TXN0009217,normal,,ACC00239,ACC00328
TXN0009218,normal,,ACC00400,ACC00239
TXN0009219,normal,,ACC00239,ACC00147
TXN0009220,normal,,ACC00239,ACC00328
TXN0009221,normal,,ACC00194,ACC00239
TXN0009222,normal,,ACC00430,ACC00239
TXN0009223,normal,,ACC00328,ACC00239
TXN0009224,normal,,ACC00037,ACC00239
TXN0009225,normal,,ACC00037,ACC00239
TXN0009226,normal,,ACC00430,ACC00239
TXN0009227,normal,,ACC00119,ACC00239
TXN0009228,normal,,ACC00239,ACC00328
TXN0009229,normal,,ACC00147,ACC00239
TXN0009230,normal,,ACC00239,ACC00053
TXN0009231,normal,,ACC00418,ACC00239
TXN0009232,normal,,ACC00239,ACC00252
TXN0009233,normal,,ACC00194,ACC00239
TXN0009234,normal,,ACC00022,ACC00239
TXN0009235,normal,,ACC00328,ACC00239
TXN0009236,normal,,ACC00239,ACC00037
TXN0009237,normal,,ACC00239,ACC00147
TXN0009238,normal,,ACC00239,ACC00328
TXN0009239,normal,,ACC00240,ACC00090
TXN0009240,normal,,ACC00160,ACC00240
TXN0009241,normal,,ACC00240,ACC00299
TXN0009242,normal,,ACC00240,ACC00182
TXN0009243,normal,,ACC00313,ACC00240
TXN0009244,normal,,ACC00498,ACC00240
TXN0009245,normal,,ACC00240,ACC00012
TXN0009246,normal,,ACC00255,ACC00240
TXN0009247,normal,,ACC00090,ACC00240
TXN0009248,normal,,ACC00240,ACC00090
TXN0009249,normal,,ACC00241,ACC00240
TXN0009250,normal,,ACC00254,ACC00240
TXN0009251,normal,,ACC00154,ACC00240
TXN0009252,normal,,ACC00467,ACC00240
TXN0009253,normal,,ACC00090,ACC00240
TXN0009254,normal,,ACC00254,ACC00240
TXN0009255,normal,,ACC00255,ACC00240
TXN0009256,normal,,ACC00240,ACC00103
TXN0009257,normal,,ACC00240,ACC00012
TXN0009258,normal,,ACC00254,ACC00240
TXN0009259,normal,,ACC00255,ACC00240
TXN0009260,normal,,ACC00175,ACC00240
TXN0009261,normal,,ACC00240,ACC00045
TXN0009262,normal,,ACC00073,ACC00240
TXN0009263,normal,,ACC00498,ACC00240
TXN0009264,normal,,ACC00240,ACC00073
TXN0009265,normal,,ACC00240,ACC00175
TXN0009266,normal,,ACC00175,ACC00240
TXN0009267,normal,,ACC00240,ACC00255
TXN0009268,normal,,ACC00240,ACC00405
TXN0009269,normal,,ACC00153,ACC00240
TXN0009270,normal,,ACC00240,ACC00090
TXN0009271,normal,,ACC00240,ACC00358
TXN0009272,normal,,ACC00188,ACC00240
TXN0009273,normal,,ACC00241,ACC00417
TXN0009274,normal,,ACC00241,ACC00450
TXN0009275,normal,,ACC00442,ACC00241
TXN0009276,normal,,ACC00262,ACC00241
TXN0009277,normal,,ACC00315,ACC00241
TXN0009278,normal,,ACC00241,ACC00154
TXN0009279,normal,,ACC00241,ACC00019
TXN0009280,normal,,ACC00241,ACC00315
TXN0009281,normal,,ACC00442,ACC00241
TXN0009282,normal,,ACC00143,ACC00241
TXN0009283,normal,,ACC00241,ACC00315
TXN0009284,normal,,ACC00241,ACC00442
TXN0009285,normal,,ACC00442,ACC00241
TXN0009286,normal,,ACC00442,ACC00241
TXN0009287,normal,,ACC00241,ACC00401
TXN0009288,normal,,ACC00375,ACC00241
TXN0009289,normal,,ACC00241,ACC00442
TXN0009290,normal,,ACC00262,ACC00241
TXN0009291,normal,,ACC00217,ACC00241
TXN0009292,normal,,ACC00315,ACC00241
TXN0009293,normal,,ACC00241,ACC00442
TXN0009294,normal,,ACC00241,ACC00315
TXN0009295,normal,,ACC00417,ACC00241
TXN0009296,normal,,ACC00241,ACC00442
TXN0009297,normal,,ACC00241,ACC00442
TXN0009298,normal,,ACC00095,ACC00241
TXN0009299,normal,,ACC00442,ACC00241
TXN0009300,normal,,ACC00215,ACC00241
TXN0009301,normal,,ACC00154,ACC00241
TXN0009302,normal,,ACC00415,ACC00241
TXN0009303,normal,,ACC00242,ACC00203
TXN0009304,normal,,ACC00267,ACC00242
TXN0009305,normal,,ACC00329,ACC00242
TXN0009306,normal,,ACC00242,ACC00466
TXN0009307,normal,,ACC00298,ACC00242
TXN0009308,normal,,ACC00267,ACC00242
TXN0009309,normal,,ACC00242,ACC00433
TXN0009310,normal,,ACC00099,ACC00242
TXN0009311,normal,,ACC00242,ACC00118
TXN0009312,normal,,ACC00099,ACC00242
TXN0009313,normal,,ACC00267,ACC00242
TXN0009314,normal,,ACC00365,ACC00242
TXN0009315,normal,,ACC00298,ACC00242
TXN0009316,normal,,ACC00267,ACC00242
TXN0009317,normal,,ACC00203,ACC00242
TXN0009318,normal,,ACC00242,ACC00118
TXN0009319,normal,,ACC00335,ACC00242
TXN0009320,normal,,ACC00118,ACC00242
TXN0009321,normal,,ACC00099,ACC00242
TXN0009322,normal,,ACC00004,ACC00242
TXN0009323,normal,,ACC00242,ACC00267
TXN0009324,normal,,ACC00004,ACC00242
TXN0009325,normal,,ACC00242,ACC00298
TXN0009326,normal,,ACC00242,ACC00099
TXN0009327,normal,,ACC00242,ACC00099
TXN0009328,normal,,ACC00242,ACC00329
TXN0009329,normal,,ACC00242,ACC00004
TXN0009330,normal,,ACC00118,ACC00242
TXN0009331,normal,,ACC00004,ACC00242
TXN0009332,normal,,ACC00242,ACC00004
TXN0009333,normal,,ACC00118,ACC00242
TXN0009334,normal,,ACC00331,ACC00243
TXN0009335,normal,,ACC00191,ACC00243
TXN0009336,normal,,ACC00077,ACC00243
TXN0009337,normal,,ACC00085,ACC00243
TXN0009338,normal,,ACC00316,ACC00243
TXN0009339,normal,,ACC00243,ACC00052
TXN0009340,normal,,ACC00085,ACC00243
TXN0009341,normal,,ACC00052,ACC00243
TXN0009342,normal,,ACC00052,ACC00243
TXN0009343,normal,,ACC00243,ACC00052
TXN0009344,normal,,ACC00077,ACC00243
TXN0009345,normal,,ACC00436,ACC00243
TXN0009346,normal,,ACC00243,ACC00148
TXN0009347,normal,,ACC00243,ACC00052
TXN0009348,normal,,ACC00243,ACC00429
TXN0009349,normal,,ACC00346,ACC00243
TXN0009350,normal,,ACC00243,ACC00346
TXN0009351,normal,,ACC00286,ACC00243
TXN0009352,normal,,ACC00243,ACC00191
TXN0009353,normal,,ACC00243,ACC00495
TXN0009354,normal,,ACC00052,ACC00243
TXN0009355,normal,,ACC00243,ACC00436
TXN0009356,normal,,ACC00052,ACC00243
TXN0009357,normal,,ACC00436,ACC00243
TXN0009358,normal,,ACC00243,ACC00165
TXN0009359,normal,,ACC00243,ACC00191
TXN0009360,normal,,ACC00243,ACC00052
TXN0009361,normal,,ACC00243,ACC00316
TXN0009362,normal,,ACC00243,ACC00191
TXN0009363,normal,,ACC00436,ACC00243
TXN0009364,normal,,ACC00243,ACC00316
TXN0009365,normal,,ACC00085,ACC00243
TXN0009366,normal,,ACC00346,ACC00243
TXN0009367,normal,,ACC00243,ACC00436
TXN0009368,normal,,ACC00243,ACC00085
TXN0009369,normal,,ACC00302,ACC00243
TXN0009370,normal,,ACC00243,ACC00077
TXN0009371,normal,,ACC00243,ACC00436
TXN0009372,normal,,ACC00243,ACC00259
TXN0009373,normal,,ACC00052,ACC00243
TXN0009374,normal,,ACC00052,ACC00243
TXN0009375,normal,,ACC00346,ACC00243
TXN0009376,normal,,ACC00243,ACC00346
TXN0009377,normal,,ACC00316,ACC00243
TXN0009378,normal,,ACC00408,ACC00243
TXN0009379,normal,,ACC00243,ACC00275
TXN0009380,normal,,ACC00243,ACC00052
TXN0009381,normal,,ACC00244,ACC00280
TXN0009382,normal,,ACC00244,ACC00491
TXN0009383,normal,,ACC00244,ACC00011
TXN0009384,normal,,ACC00280,ACC00244
TXN0009385,normal,,ACC00277,ACC00244
TXN0009386,normal,,ACC00207,ACC00244
TXN0009387,normal,,ACC00155,ACC00244
TXN0009388,normal,,ACC00277,ACC00244
TXN0009389,normal,,ACC00207,ACC00244
TXN0009390,normal,,ACC00207,ACC00244
TXN0009391,normal,,ACC00280,ACC00244
TXN0009392,normal,,ACC00244,ACC00277
TXN0009393,normal,,ACC00146,ACC00244
TXN0009394,normal,,ACC00244,ACC00146
TXN0009395,normal,,ACC00452,ACC00244
TXN0009396,normal,,ACC00244,ACC00280
TXN0009397,normal,,ACC00011,ACC00244
TXN0009398,normal,,ACC00244,ACC00452
TXN0009399,normal,,ACC00011,ACC00244
TXN0009400,normal,,ACC00244,ACC00385
TXN0009401,normal,,ACC00244,ACC00208
TXN0009402,normal,,ACC00244,ACC00491
TXN0009403,normal,,ACC00244,ACC00216
TXN0009404,normal,,ACC00452,ACC00244
TXN0009405,normal,,ACC00280,ACC00244
TXN0009406,normal,,ACC00244,ACC00011
TXN0009407,normal,,ACC00146,ACC00244
TXN0009408,normal,,ACC00244,ACC00280
TXN0009409,normal,,ACC00288,ACC00244
TXN0009410,normal,,ACC00244,ACC00248
TXN0009411,normal,,ACC00244,ACC00207
TXN0009412,normal,,ACC00244,ACC00277
TXN0009413,normal,,ACC00277,ACC00244
TXN0009414,normal,,ACC00244,ACC00234
TXN0009415,normal,,ACC00234,ACC00244
TXN0009416,normal,,ACC00135,ACC00245
TXN0009417,normal,,ACC00245,ACC00283
TXN0009418,normal,,ACC00245,ACC00006
TXN0009419,normal,,ACC00135,ACC00245
TXN0009420,normal,,ACC00135,ACC00245
TXN0009421,normal,,ACC00245,ACC00023
TXN0009422,normal,,ACC00023,ACC00245
TXN0009423,normal,,ACC00240,ACC00245
TXN0009424,normal,,ACC00473,ACC00245
TXN0009425,normal,,ACC00326,ACC00245
TXN0009426,normal,,ACC00065,ACC00245
TXN0009427,normal,,ACC00245,ACC00080
TXN0009428,normal,,ACC00283,ACC00245
TXN0009429,normal,,ACC00170,ACC00245
TXN0009430,normal,,ACC00245,ACC00244
TXN0009431,normal,,ACC00135,ACC00245
TXN0009432,normal,,ACC00135,ACC00245
TXN0009433,normal,,ACC00245,ACC00170
TXN0009434,normal,,ACC00245,ACC00141
TXN0009435,normal,,ACC00257,ACC00245
TXN0009436,normal,,ACC00065,ACC00245
TXN0009437,normal,,ACC00170,ACC00245
TXN0009438,normal,,ACC00245,ACC00080
TXN0009439,normal,,ACC00245,ACC00385
TXN0009440,normal,,ACC00170,ACC00245
TXN0009441,normal,,ACC00080,ACC00245
TXN0009442,normal,,ACC00245,ACC00244
TXN0009443,normal,,ACC00245,ACC00442
TXN0009444,normal,,ACC00245,ACC00257
TXN0009445,normal,,ACC00449,ACC00245
TXN0009446,normal,,ACC00245,ACC00438
TXN0009447,normal,,ACC00257,ACC00245
TXN0009448,normal,,ACC00283,ACC00245
TXN0009449,normal,,ACC00385,ACC00245
TXN0009450,normal,,ACC00023,ACC00245
TXN0009451,normal,,ACC00245,ACC00029
TXN0009452,normal,,ACC00257,ACC00245
TXN0009453,normal,,ACC00245,ACC00257
TXN0009454,normal,,ACC00245,ACC00135
TXN0009455,normal,,ACC00385,ACC00245
TXN0009456,normal,,ACC00080,ACC00245
TXN0009457,normal,,ACC00244,ACC00245
TXN0009458,normal,,ACC00257,ACC00245
TXN0009459,normal,,ACC00005,ACC00245
TXN0009460,normal,,ACC00385,ACC00245
TXN0009461,normal,,ACC00245,ACC00079
TXN0009462,normal,,ACC00491,ACC00245
TXN0009463,normal,,ACC00097,ACC00246
TXN0009464,normal,,ACC00051,ACC00246
TXN0009465,normal,,ACC00246,ACC00281
TXN0009466,normal,,ACC00246,ACC00335
TXN0009467,normal,,ACC00190,ACC00246
TXN0009468,normal,,ACC00159,ACC00246
TXN0009469,normal,,ACC00246,ACC00097
TXN0009470,normal,,ACC00246,ACC00404
TXN0009471,normal,,ACC00246,ACC00482
TXN0009472,normal,,ACC00351,ACC00246
TXN0009473,normal,,ACC00330,ACC00246
TXN0009474,normal,,ACC00051,ACC00246
TXN0009475,normal,,ACC00246,ACC00190
TXN0009476,normal,,ACC00051,ACC00246
TXN0009477,normal,,ACC00482,ACC00246
TXN0009478,normal,,ACC00351,ACC00246
TXN0009479,normal,,ACC00020,ACC00246
TXN0009480,normal,,ACC00097,ACC00246
TXN0009481,normal,,ACC00246,ACC00451
TXN0009482,normal,,ACC00304,ACC00247
TXN0009483,normal,,ACC00096,ACC00247
TXN0009484,normal,,ACC00247,ACC00331
TXN0009485,normal,,ACC00097,ACC00247
TXN0009486,normal,,ACC00478,ACC00247
TXN0009487,normal,,ACC00334,ACC00247
TXN0009488,normal,,ACC00304,ACC00247
TXN0009489,normal,,ACC00324,ACC00247
TXN0009490,normal,,ACC00247,ACC00253
TXN0009491,normal,,ACC00247,ACC00240
TXN0009492,normal,,ACC00096,ACC00247
TXN0009493,normal,,ACC00250,ACC00247
TXN0009494,normal,,ACC00247,ACC00478
TXN0009495,normal,,ACC00478,ACC00247
TXN0009496,normal,,ACC00247,ACC00458
TXN0009497,normal,,ACC00247,ACC00285
TXN0009498,normal,,ACC00247,ACC00250
TXN0009499,normal,,ACC00096,ACC00247
TXN0009500,normal,,ACC00334,ACC00247
TXN0009501,normal,,ACC00247,ACC00096
TXN0009502,normal,,ACC00247,ACC00420
TXN0009503,normal,,ACC00247,ACC00253
TXN0009504,normal,,ACC00334,ACC00247
TXN0009505,normal,,ACC00304,ACC00247
TXN0009506,normal,,ACC00247,ACC00250
TXN0009507,normal,,ACC00096,ACC00247
TXN0009508,normal,,ACC00247,ACC00304
TXN0009509,normal,,ACC00478,ACC00247
TXN0009510,normal,,ACC00247,ACC00240
TXN0009511,normal,,ACC00247,ACC00331
TXN0009512,normal,,ACC00024,ACC00247
TXN0009513,normal,,ACC00240,ACC00247
TXN0009514,normal,,ACC00247,ACC00334
TXN0009515,normal,,ACC00210,ACC00248
TXN0009516,normal,,ACC00248,ACC00119
TXN0009517,normal,,ACC00146,ACC00248
TXN0009518,normal,,ACC00180,ACC00248
TXN0009519,normal,,ACC00248,ACC00291
TXN0009520,normal,,ACC00248,ACC00111
TXN0009521,normal,,ACC00248,ACC00049
TXN0009522,normal,,ACC00248,ACC00180
TXN0009523,normal,,ACC00119,ACC00248
TXN0009524,normal,,ACC00248,ACC00119
TXN0009525,normal,,ACC00244,ACC00248
TXN0009526,normal,,ACC00248,ACC00210
TXN0009527,normal,,ACC00248,ACC00049
TXN0009528,normal,,ACC00371,ACC00248
TXN0009529,normal,,ACC00248,ACC00132
TXN0009530,normal,,ACC00248,ACC00201
TXN0009531,normal,,ACC00119,ACC00248
TXN0009532,normal,,ACC00049,ACC00248
TXN0009533,normal,,ACC00248,ACC00498
TXN0009534,normal,,ACC00024,ACC00249
TXN0009535,normal,,ACC00249,ACC00234
TXN0009536,normal,,ACC00249,ACC00187
TXN0009537,normal,,ACC00084,ACC00249
TXN0009538,normal,,ACC00249,ACC00234
TXN0009539,normal,,ACC00277,ACC00249
TXN0009540,normal,,ACC00249,ACC00378
TXN0009541,normal,,ACC00249,ACC00086
TXN0009542,normal,,ACC00086,ACC00249
TXN0009543,normal,,ACC00249,ACC00303
TXN0009544,normal,,ACC00249,ACC00468
TXN0009545,normal,,ACC00500,ACC00249
TXN0009546,normal,,ACC00414,ACC00249
TXN0009547,normal,,ACC00468,ACC00249
TXN0009548,normal,,ACC00024,ACC00249
TXN0009549,normal,,ACC00303,ACC00249
TXN0009550,normal,,ACC00249,ACC00086
TXN0009551,normal,,ACC00305,ACC00249
TXN0009552,normal,,ACC00414,ACC00249
TXN0009553,normal,,ACC00249,ACC00414
TXN0009554,normal,,ACC00181,ACC00249
TXN0009555,normal,,ACC00249,ACC00261
TXN0009556,normal,,ACC00249,ACC00024
TXN0009557,normal,,ACC00414,ACC00249
TXN0009558,normal,,ACC00428,ACC00249
TXN0009559,normal,,ACC00234,ACC00249
TXN0009560,normal,,ACC00249,ACC00280
TXN0009561,normal,,ACC00249,ACC00234
TXN0009562,normal,,ACC00249,ACC00414
TXN0009563,normal,,ACC00428,ACC00249
TXN0009564,normal,,ACC00024,ACC00249
TXN0009565,normal,,ACC00024,ACC00249
TXN0009566,normal,,ACC00119,ACC00249
TXN0009567,normal,,ACC00305,ACC00249
TXN0009568,normal,,ACC00473,ACC00250
TXN0009569,normal,,ACC00459,ACC00250
TXN0009570,normal,,ACC00250,ACC00256
TXN0009571,normal,,ACC00250,ACC00417
TXN0009572,normal,,ACC00330,ACC00250
TXN0009573,normal,,ACC00250,ACC00256
TXN0009574,normal,,ACC00250,ACC00256
TXN0009575,normal,,ACC00248,ACC00250
TXN0009576,normal,,ACC00250,ACC00241
TXN0009577,normal,,ACC00346,ACC00250
TXN0009578,normal,,ACC00250,ACC00459
TXN0009579,normal,,ACC00256,ACC00250
TXN0009580,normal,,ACC00250,ACC00307
TXN0009581,normal,,ACC00307,ACC00250
TXN0009582,normal,,ACC00250,ACC00007
TXN0009583,normal,,ACC00251,ACC00168
TXN0009584,normal,,ACC00057,ACC00251
TXN0009585,normal,,ACC00168,ACC00251
TXN0009586,normal,,ACC00251,ACC00222
TXN0009587,normal,,ACC00251,ACC00414
TXN0009588,normal,,ACC00251,ACC00222
TXN0009589,normal,,ACC00251,ACC00436
TXN0009590,normal,,ACC00251,ACC00436
TXN0009591,normal,,ACC00199,ACC00251
TXN0009592,normal,,ACC00251,ACC00138
TXN0009593,normal,,ACC00199,ACC00251
TXN0009594,normal,,ACC00251,ACC00138
TXN0009595,normal,,ACC00251,ACC00354
TXN0009596,normal,,ACC00251,ACC00168
TXN0009597,normal,,ACC00199,ACC00251
TXN0009598,normal,,ACC00251,ACC00436
TXN0009599,normal,,ACC00190,ACC00251
TXN0009600,normal,,ACC00341,ACC00251
TXN0009601,normal,,ACC00449,ACC00251
TXN0009602,normal,,ACC00436,ACC00251
TXN0009603,normal,,ACC00251,ACC00414
TXN0009604,normal,,ACC00138,ACC00251
TXN0009605,normal,,ACC00251,ACC00199
TXN0009606,normal,,ACC00278,ACC00252
TXN0009607,normal,,ACC00252,ACC00054
TXN0009608,normal,,ACC00491,ACC00252
TXN0009609,normal,,ACC00279,ACC00252
TXN0009610,normal,,ACC00252,ACC00218
TXN0009611,normal,,ACC00252,ACC00297
TXN0009612,normal,,ACC00491,ACC00252
TXN0009613,normal,,ACC00054,ACC00252
TXN0009614,normal,,ACC00252,ACC00217
TXN0009615,normal,,ACC00130,ACC00252
TXN0009616,normal,,ACC00252,ACC00394
TXN0009617,normal,,ACC00018,ACC00252
TXN0009618,normal,,ACC00187,ACC00252
TXN0009619,normal,,ACC00133,ACC00252
TXN0009620,normal,,ACC00339,ACC00252
TXN0009621,normal,,ACC00252,ACC00130
TXN0009622,normal,,ACC00252,ACC00218
TXN0009623,normal,,ACC00252,ACC00278
TXN0009624,normal,,ACC00252,ACC00217
TXN0009625,normal,,ACC00252,ACC00339
TXN0009626,normal,,ACC00252,ACC00237
TXN0009627,normal,,ACC00054,ACC00252
TXN0009628,normal,,ACC00064,ACC00252
TXN0009629,normal,,ACC00278,ACC00252
TXN0009630,normal,,ACC00217,ACC00252
TXN0009631,normal,,ACC00054,ACC00252
TXN0009632,normal,,ACC00252,ACC00428
TXN0009633,normal,,ACC00387,ACC00252
TXN0009634,normal,,ACC00252,ACC00339
TXN0009635,normal,,ACC00252,ACC00016
TXN0009636,normal,,ACC00278,ACC00252
TXN0009637,normal,,ACC00252,ACC00054
TXN0009638,normal,,ACC00252,ACC00218
TXN0009639,normal,,ACC00339,ACC00252
TXN0009640,normal,,ACC00252,ACC00217
TXN0009641,normal,,ACC00252,ACC00339
TXN0009642,normal,,ACC00491,ACC00252
TXN0009643,normal,,ACC00252,ACC00115
TXN0009644,normal,,ACC00218,ACC00252
TXN0009645,normal,,ACC00252,ACC00054
TXN0009646,normal,,ACC00278,ACC00252
TXN0009647,normal,,ACC00218,ACC00252
TXN0009648,normal,,ACC00115,ACC00252
TXN0009649,normal,,ACC00252,ACC00115
TXN0009650,normal,,ACC00218,ACC00252
TXN0009651,normal,,ACC00252,ACC00218
TXN0009652,normal,,ACC00130,ACC00252
TXN0009653,normal,,ACC00252,ACC00054
TXN0009654,normal,,ACC00491,ACC00252
TXN0009655,normal,,ACC00130,ACC00252
TXN0009656,normal,,ACC00278,ACC00252
TXN0009657,normal,,ACC00252,ACC00130
TXN0009658,normal,,ACC00252,ACC00054
TXN0009659,normal,,ACC00252,ACC00217
TXN0009660,normal,,ACC00252,ACC00054
TXN0009661,normal,,ACC00278,ACC00252
TXN0009662,normal,,ACC00491,ACC00252
TXN0009663,normal,,ACC00363,ACC00253
TXN0009664,normal,,ACC00072,ACC00253
TXN0009665,normal,,ACC00481,ACC00253
TXN0009666,normal,,ACC00253,ACC00363
TXN0009667,normal,,ACC00400,ACC00253
TXN0009668,normal,,ACC00253,ACC00481
TXN0009669,normal,,ACC00481,ACC00253
TXN0009670,normal,,ACC00253,ACC00363
TXN0009671,normal,,ACC00074,ACC00253
TXN0009672,normal,,ACC00253,ACC00251
TXN0009673,normal,,ACC00253,ACC00363
TXN0009674,normal,,ACC00253,ACC00230
TXN0009675,normal,,ACC00253,ACC00481
TXN0009676,normal,,ACC00253,ACC00363
TXN0009677,normal,,ACC00253,ACC00389
TXN0009678,normal,,ACC00253,ACC00052
TXN0009679,normal,,ACC00400,ACC00253
TXN0009680,normal,,ACC00253,ACC00230
TXN0009681,normal,,ACC00419,ACC00253
TXN0009682,normal,,ACC00253,ACC00400
TXN0009683,normal,,ACC00253,ACC00431
TXN0009684,normal,,ACC00052,ACC00253
TXN0009685,normal,,ACC00253,ACC00481
TXN0009686,normal,,ACC00030,ACC00253
TXN0009687,normal,,ACC00074,ACC00253
TXN0009688,normal,,ACC00253,ACC00074
TXN0009689,normal,,ACC00431,ACC00253
TXN0009690,normal,,ACC00253,ACC00074
TXN0009691,normal,,ACC00358,ACC00253
TXN0009692,normal,,ACC00253,ACC00230
TXN0009693,normal,,ACC00400,ACC00253
TXN0009694,normal,,ACC00481,ACC00253
TXN0009695,normal,,ACC00253,ACC00481
TXN0009696,normal,,ACC00077,ACC00253
TXN0009697,normal,,ACC00254,ACC00184
TXN0009698,normal,,ACC00254,ACC00188
TXN0009699,normal,,ACC00254,ACC00188
TXN0009700,normal,,ACC00254,ACC00184
TXN0009701,normal,,ACC00254,ACC00475
TXN0009702,normal,,ACC00254,ACC00188
TXN0009703,normal,,ACC00254,ACC00371
TXN0009704,normal,,ACC00254,ACC00209
TXN0009705,normal,,ACC00254,ACC00209
TXN0009706,normal,,ACC00006,ACC00254
TXN0009707,normal,,ACC00361,ACC00254
TXN0009708,normal,,ACC00254,ACC00209
TXN0009709,normal,,ACC00254,ACC00343
TXN0009710,normal,,ACC00371,ACC00254
TXN0009711,normal,,ACC00254,ACC00188
TXN0009712,normal,,ACC00254,ACC00188
TXN0009713,normal,,ACC00255,ACC00237
TXN0009714,normal,,ACC00082,ACC00255
TXN0009715,normal,,ACC00255,ACC00082
TXN0009716,normal,,ACC00255,ACC00372
TXN0009717,normal,,ACC00255,ACC00429
TXN0009718,normal,,ACC00367,ACC00255
TXN0009719,normal,,ACC00082,ACC00255
TXN0009720,normal,,ACC00315,ACC00255
TXN0009721,normal,,ACC00255,ACC00367
TXN0009722,normal,,ACC00445,ACC00255
TXN0009723,normal,,ACC00255,ACC00445
TXN0009724,normal,,ACC00255,ACC00472
TXN0009725,normal,,ACC00255,ACC00144
TXN0009726,normal,,ACC00255,ACC00082
TXN0009727,normal,,ACC00315,ACC00255
TXN0009728,normal,,ACC00255,ACC00429
TXN0009729,normal,,ACC00255,ACC00055
TXN0009730,normal,,ACC00113,ACC00255
TXN0009731,normal,,ACC00255,ACC00071
TXN0009732,normal,,ACC00255,ACC00030
TXN0009733,normal,,ACC00055,ACC00255
TXN0009734,normal,,ACC00055,ACC00255
TXN0009735,normal,,ACC00255,ACC00082
TXN0009736,normal,,ACC00144,ACC00255
TXN0009737,normal,,ACC00255,ACC00082
TXN0009738,normal,,ACC00255,ACC00420
TXN0009739,normal,,ACC00144,ACC00255
TXN0009740,normal,,ACC00315,ACC00255
TXN0009741,normal,,ACC00082,ACC00255
TXN0009742,normal,,ACC00480,ACC00255
TXN0009743,normal,,ACC00315,ACC00255
TXN0009744,normal,,ACC00255,ACC00429
TXN0009745,normal,,ACC00255,ACC00429
TXN0009746,normal,,ACC00367,ACC00255
TXN0009747,normal,,ACC00367,ACC00255
TXN0009748,normal,,ACC00255,ACC00082
TXN0009749,normal,,ACC00082,ACC00255
TXN0009750,normal,,ACC00158,ACC00255
TXN0009751,normal,,ACC00255,ACC00315
TXN0009752,normal,,ACC00144,ACC00255
TXN0009753,normal,,ACC00146,ACC00255
TXN0009754,normal,,ACC00255,ACC00055
TXN0009755,normal,,ACC00256,ACC00302
TXN0009756,normal,,ACC00302,ACC00256
TXN0009757,normal,,ACC00256,ACC00302
TXN0009758,normal,,ACC00302,ACC00256
TXN0009759,normal,,ACC00256,ACC00302
TXN0009760,normal,,ACC00182,ACC00256
TXN0009761,normal,,ACC00256,ACC00007
TXN0009762,normal,,ACC00219,ACC00256
TXN0009763,normal,,ACC00256,ACC00043
TXN0009764,normal,,ACC00256,ACC00402
TXN0009765,normal,,ACC00202,ACC00256
TXN0009766,normal,,ACC00256,ACC00219
TXN0009767,normal,,ACC00219,ACC00256
TXN0009768,normal,,ACC00152,ACC00256
TXN0009769,normal,,ACC00007,ACC00256
TXN0009770,normal,,ACC00256,ACC00316
TXN0009771,normal,,ACC00256,ACC00461
TXN0009772,normal,,ACC00423,ACC00256
TXN0009773,normal,,ACC00256,ACC00104
TXN0009774,normal,,ACC00418,ACC00256
TXN0009775,normal,,ACC00316,ACC00256
TXN0009776,normal,,ACC00256,ACC00423
TXN0009777,normal,,ACC00423,ACC00256
TXN0009778,normal,,ACC00256,ACC00058
TXN0009779,normal,,ACC00256,ACC00388
TXN0009780,normal,,ACC00256,ACC00219
TXN0009781,normal,,ACC00256,ACC00301
TXN0009782,normal,,ACC00256,ACC00008
TXN0009783,normal,,ACC00302,ACC00256
TXN0009784,normal,,ACC00256,ACC00104
TXN0009785,normal,,ACC00256,ACC00316
TXN0009786,normal,,ACC00256,ACC00026
TXN0009787,normal,,ACC00316,ACC00256
TXN0009788,normal,,ACC00058,ACC00256
TXN0009789,normal,,ACC00316,ACC00256
TXN0009790,normal,,ACC00256,ACC00333
TXN0009791,normal,,ACC00256,ACC00104
TXN0009792,normal,,ACC00256,ACC00486
TXN0009793,normal,,ACC00256,ACC00058
TXN0009794,normal,,ACC00256,ACC00220
TXN0009795,normal,,ACC00413,ACC00256
TXN0009796,normal,,ACC00256,ACC00316
TXN0009797,normal,,ACC00256,ACC00423
TXN0009798,normal,,ACC00316,ACC00256
TXN0009799,normal,,ACC00256,ACC00007
TXN0009800,normal,,ACC00053,ACC00256
TXN0009801,normal,,ACC00086,ACC00257
TXN0009802,normal,,ACC00365,ACC00257
TXN0009803,normal,,ACC00257,ACC00427
TXN0009804,normal,,ACC00079,ACC00257
TXN0009805,normal,,ACC00257,ACC00391
TXN0009806,normal,,ACC00240,ACC00257
TXN0009807,normal,,ACC00079,ACC00257
TXN0009808,normal,,ACC00257,ACC00430
TXN0009809,normal,,ACC00391,ACC00257
TXN0009810,normal,,ACC00257,ACC00084
TXN0009811,normal,,ACC00257,ACC00430
TXN0009812,normal,,ACC00257,ACC00201
TXN0009813,normal,,ACC00257,ACC00236
TXN0009814,normal,,ACC00170,ACC00257
TXN0009815,normal,,ACC00493,ACC00257
TXN0009816,normal,,ACC00257,ACC00086
TXN0009817,normal,,ACC00086,ACC00257
TXN0009818,normal,,ACC00257,ACC00084
TXN0009819,normal,,ACC00257,ACC00442
TXN0009820,normal,,ACC00020,ACC00257
TXN0009821,normal,,ACC00257,ACC00391
TXN0009822,normal,,ACC00442,ACC00257
TXN0009823,normal,,ACC00257,ACC00084
TXN0009824,normal,,ACC00299,ACC00257
TXN0009825,normal,,ACC00079,ACC00257
TXN0009826,normal,,ACC00257,ACC00079
TXN0009827,normal,,ACC00257,ACC00465
TXN0009828,normal,,ACC00257,ACC00391
TXN0009829,normal,,ACC00079,ACC00257
TXN0009830,normal,,ACC00257,ACC00391
TXN0009831,normal,,ACC00257,ACC00493
TXN0009832,normal,,ACC00257,ACC00391
TXN0009833,normal,,ACC00086,ACC00257
TXN0009834,normal,,ACC00086,ACC00257
TXN0009835,normal,,ACC00257,ACC00086
TXN0009836,normal,,ACC00257,ACC00493
TXN0009837,normal,,ACC00355,ACC00257
TXN0009838,normal,,ACC00442,ACC00257
TXN0009839,normal,,ACC00391,ACC00257
TXN0009840,normal,,ACC00084,ACC00257
TXN0009841,normal,,ACC00317,ACC00257
TXN0009842,normal,,ACC00456,ACC00257
TXN0009843,normal,,ACC00334,ACC00257
TXN0009844,normal,,ACC00257,ACC00086
TXN0009845,normal,,ACC00257,ACC00020
TXN0009846,normal,,ACC00257,ACC00391
TXN0009847,normal,,ACC00493,ACC00257
TXN0009848,normal,,ACC00493,ACC00257
TXN0009849,normal,,ACC00079,ACC00257
TXN0009850,normal,,ACC00257,ACC00348
TXN0009851,normal,,ACC00257,ACC00084
TXN0009852,normal,,ACC00391,ACC00257
TXN0009853,normal,,ACC00257,ACC00020
TXN0009854,normal,,ACC00493,ACC00257
TXN0009855,normal,,ACC00381,ACC00257
TXN0009856,normal,,ACC00257,ACC00380
TXN0009857,normal,,ACC00020,ACC00257
TXN0009858,normal,,ACC00257,ACC00442
TXN0009859,normal,,ACC00257,ACC00086
TXN0009860,normal,,ACC00323,ACC00258
TXN0009861,normal,,ACC00236,ACC00258
TXN0009862,normal,,ACC00258,ACC00116
TXN0009863,normal,,ACC00258,ACC00407
TXN0009864,normal,,ACC00443,ACC00258
TXN0009865,normal,,ACC00458,ACC00258
TXN0009866,normal,,ACC00258,ACC00063
TXN0009867,normal,,ACC00334,ACC00258
TXN0009868,normal,,ACC00258,ACC00323
TXN0009869,normal,,ACC00063,ACC00258
TXN0009870,normal,,ACC00258,ACC00368
TXN0009871,normal,,ACC00258,ACC00368
TXN0009872,normal,,ACC00258,ACC00443
TXN0009873,normal,,ACC00258,ACC00246
TXN0009874,normal,,ACC00258,ACC00368
TXN0009875,normal,,ACC00448,ACC00258
TXN0009876,normal,,ACC00063,ACC00258
TXN0009877,normal,,ACC00258,ACC00236
TXN0009878,normal,,ACC00258,ACC00443
TXN0009879,normal,,ACC00259,ACC00008
TXN0009880,normal,,ACC00433,ACC00259
TXN0009881,normal,,ACC00246,ACC00259
TXN0009882,normal,,ACC00250,ACC00259
TXN0009883,normal,,ACC00259,ACC00336
TXN0009884,normal,,ACC00485,ACC00259
TXN0009885,normal,,ACC00372,ACC00259
TXN0009886,normal,,ACC00259,ACC00317
TXN0009887,normal,,ACC00059,ACC00259
TXN0009888,normal,,ACC00246,ACC00259
TXN0009889,normal,,ACC00336,ACC00259
TXN0009890,normal,,ACC00259,ACC00243
TXN0009891,normal,,ACC00336,ACC00259
TXN0009892,normal,,ACC00259,ACC00485
TXN0009893,normal,,ACC00259,ACC00246
TXN0009894,normal,,ACC00317,ACC00259
TXN0009895,normal,,ACC00317,ACC00259
TXN0009896,normal,,ACC00059,ACC00259
TXN0009897,normal,,ACC00246,ACC00259
TXN0009898,normal,,ACC00260,ACC00175
TXN0009899,normal,,ACC00111,ACC00260
TXN0009900,normal,,ACC00260,ACC00083
TXN0009901,normal,,ACC00323,ACC00260
TXN0009902,normal,,ACC00299,ACC00260
TXN0009903,normal,,ACC00260,ACC00299
TXN0009904,normal,,ACC00395,ACC00260
TXN0009905,normal,,ACC00175,ACC00260
TXN0009906,normal,,ACC00204,ACC00260
TXN0009907,normal,,ACC00119,ACC00260
TXN0009908,normal,,ACC00111,ACC00260
TXN0009909,normal,,ACC00260,ACC00097
TXN0009910,normal,,ACC00260,ACC00161
TXN0009911,normal,,ACC00260,ACC00118
TXN0009912,normal,,ACC00260,ACC00450
TXN0009913,normal,,ACC00083,ACC00260
TXN0009914,normal,,ACC00260,ACC00111
TXN0009915,normal,,ACC00260,ACC00083
TXN0009916,normal,,ACC00260,ACC00268
TXN0009917,normal,,ACC00175,ACC00260
TXN0009918,normal,,ACC00260,ACC00112
TXN0009919,normal,,ACC00260,ACC00119
TXN0009920,normal,,ACC00260,ACC00265
TXN0009921,normal,,ACC00083,ACC00260
TXN0009922,normal,,ACC00261,ACC00375
TXN0009923,normal,,ACC00261,ACC00113
TXN0009924,normal,,ACC00261,ACC00467
TXN0009925,normal,,ACC00107,ACC00261
TXN0009926,normal,,ACC00261,ACC00113
TXN0009927,normal,,ACC00375,ACC00261
TXN0009928,normal,,ACC00115,ACC00261
TXN0009929,normal,,ACC00107,ACC00261
TXN0009930,normal,,ACC00261,ACC00375
TXN0009931,normal,,ACC00261,ACC00481
TXN0009932,normal,,ACC00261,ACC00006
TXN0009933,normal,,ACC00261,ACC00006
TXN0009934,normal,,ACC00261,ACC00375
TXN0009935,normal,,ACC00128,ACC00261
TXN0009936,normal,,ACC00261,ACC00128
TXN0009937,normal,,ACC00022,ACC00261
TXN0009938,normal,,ACC00261,ACC00115
TXN0009939,normal,,ACC00261,ACC00022
TXN0009940,normal,,ACC00383,ACC00261
TXN0009941,normal,,ACC00261,ACC00185
TXN0009942,normal,,ACC00261,ACC00006
TXN0009943,normal,,ACC00107,ACC00261
TXN0009944,normal,,ACC00261,ACC00375
TXN0009945,normal,,ACC00261,ACC00128
TXN0009946,normal,,ACC00107,ACC00261
TXN0009947,normal,,ACC00261,ACC00113
TXN0009948,normal,,ACC00261,ACC00022
TXN0009949,normal,,ACC00128,ACC00261
TXN0009950,normal,,ACC00261,ACC00375
TXN0009951,normal,,ACC00128,ACC00261
TXN0009952,normal,,ACC00261,ACC00022
TXN0009953,normal,,ACC00261,ACC00084
TXN0009954,normal,,ACC00166,ACC00261
TXN0009955,normal,,ACC00261,ACC00006
TXN0009956,normal,,ACC00261,ACC00148
TXN0009957,normal,,ACC00006,ACC00261
TXN0009958,normal,,ACC00006,ACC00261
TXN0009959,normal,,ACC00022,ACC00261
TXN0009960,normal,,ACC00115,ACC00261
TXN0009961,normal,,ACC00375,ACC00261
TXN0009962,normal,,ACC00261,ACC00492
TXN0009963,normal,,ACC00022,ACC00261
TXN0009964,normal,,ACC00022,ACC00261
TXN0009965,normal,,ACC00261,ACC00310
TXN0009966,normal,,ACC00261,ACC00473
TXN0009967,normal,,ACC00262,ACC00028
TXN0009968,normal,,ACC00262,ACC00313
TXN0009969,normal,,ACC00262,ACC00313
TXN0009970,normal,,ACC00486,ACC00262
TXN0009971,normal,,ACC00262,ACC00486
TXN0009972,normal,,ACC00262,ACC00442
TXN0009973,normal,,ACC00262,ACC00442
TXN0009974,normal,,ACC00326,ACC00262
TXN0009975,normal,,ACC00282,ACC00262
TXN0009976,normal,,ACC00282,ACC00262
TXN0009977,normal,,ACC00486,ACC00262
TXN0009978,normal,,ACC00262,ACC00442
TXN0009979,normal,,ACC00262,ACC00486
TXN0009980,normal,,ACC00262,ACC00285
TXN0009981,normal,,ACC00486,ACC00262
TXN0009982,normal,,ACC00262,ACC00486
TXN0009983,normal,,ACC00285,ACC00262
TXN0009984,normal,,ACC00121,ACC00262
TXN0009985,normal,,ACC00263,ACC00482
TXN0009986,normal,,ACC00340,ACC00263
TXN0009987,normal,,ACC00260,ACC00263
TXN0009988,normal,,ACC00263,ACC00260
TXN0009989,normal,,ACC00263,ACC00260
TXN0009990,normal,,ACC00153,ACC00263
TXN0009991,normal,,ACC00371,ACC00263
TXN0009992,normal,,ACC00153,ACC00263
TXN0009993,normal,,ACC00263,ACC00019
TXN0009994,normal,,ACC00221,ACC00263
TXN0009995,normal,,ACC00263,ACC00478
TXN0009996,normal,,ACC00153,ACC00263
TXN0009997,normal,,ACC00221,ACC00263
TXN0009998,normal,,ACC00263,ACC00475
TXN0009999,normal,,ACC00263,ACC00478
TXN0010000,normal,,ACC00484,ACC00263
TXN0010001,normal,,ACC00263,ACC00484
TXN0010002,normal,,ACC00263,ACC00318
TXN0010003,normal,,ACC00153,ACC00263
TXN0010004,normal,,ACC00153,ACC00263
TXN0010005,normal,,ACC00263,ACC00221
TXN0010006,normal,,ACC00263,ACC00153
TXN0010007,normal,,ACC00263,ACC00260
TXN0010008,normal,,ACC00263,ACC00484
TXN0010009,normal,,ACC00263,ACC00087
TXN0010010,normal,,ACC00263,ACC00231
TXN0010011,normal,,ACC00263,ACC00452
TXN0010012,normal,,ACC00242,ACC00263
TXN0010013,normal,,ACC00260,ACC00263
TXN0010014,normal,,ACC00090,ACC00263
TXN0010015,normal,,ACC00263,ACC00260
TXN0010016,normal,,ACC00243,ACC00263
TXN0010017,normal,,ACC00263,ACC00103
TXN0010018,normal,,ACC00260,ACC00263
TXN0010019,normal,,ACC00221,ACC00263
TXN0010020,normal,,ACC00263,ACC00261
TXN0010021,normal,,ACC00263,ACC00153
TXN0010022,normal,,ACC00484,ACC00263
TXN0010023,normal,,ACC00261,ACC00263
TXN0010024,normal,,ACC00264,ACC00255
TXN0010025,normal,,ACC00414,ACC00264
TXN0010026,normal,,ACC00316,ACC00264
TXN0010027,normal,,ACC00264,ACC00185
TXN0010028,normal,,ACC00264,ACC00370
TXN0010029,normal,,ACC00150,ACC00264
TXN0010030,normal,,ACC00264,ACC00316
TXN0010031,normal,,ACC00264,ACC00119
TXN0010032,normal,,ACC00150,ACC00264
TXN0010033,normal,,ACC00264,ACC00031
TXN0010034,normal,,ACC00264,ACC00385
TXN0010035,normal,,ACC00264,ACC00336
TXN0010036,normal,,ACC00264,ACC00229
TXN0010037,normal,,ACC00080,ACC00264
TXN0010038,normal,,ACC00264,ACC00364
TXN0010039,normal,,ACC00063,ACC00264
TXN0010040,normal,,ACC00264,ACC00255
TXN0010041,normal,,ACC00264,ACC00234
TXN0010042,normal,,ACC00191,ACC00264
TXN0010043,normal,,ACC00497,ACC00264
TXN0010044,normal,,ACC00080,ACC00264
TXN0010045,normal,,ACC00264,ACC00255
TXN0010046,normal,,ACC00156,ACC00264
TXN0010047,normal,,ACC00089,ACC00264
TXN0010048,normal,,ACC00385,ACC00264
TXN0010049,normal,,ACC00031,ACC00264
TXN0010050,normal,,ACC00185,ACC00264
TXN0010051,normal,,ACC00150,ACC00264
TXN0010052,normal,,ACC00031,ACC00264
TXN0010053,normal,,ACC00316,ACC00264
TXN0010054,normal,,ACC00229,ACC00264
TXN0010055,normal,,ACC00264,ACC00385
TXN0010056,normal,,ACC00229,ACC00264
TXN0010057,normal,,ACC00357,ACC00264
TXN0010058,normal,,ACC00264,ACC00035
TXN0010059,normal,,ACC00264,ACC00316
TXN0010060,normal,,ACC00385,ACC00264
TXN0010061,normal,,ACC00264,ACC00150
TXN0010062,normal,,ACC00264,ACC00185
TXN0010063,normal,,ACC00043,ACC00264
TXN0010064,normal,,ACC00264,ACC00150
TXN0010065,normal,,ACC00229,ACC00264
TXN0010066,normal,,ACC00185,ACC00264
TXN0010067,normal,,ACC00316,ACC00264
TXN0010068,normal,,ACC00316,ACC00264
TXN0010069,normal,,ACC00255,ACC00264
TXN0010070,normal,,ACC00316,ACC00264
TXN0010071,normal,,ACC00418,ACC00264
TXN0010072,normal,,ACC00264,ACC00185
TXN0010073,normal,,ACC00376,ACC00265
TXN0010074,normal,,ACC00265,ACC00376
TXN0010075,normal,,ACC00324,ACC00265
TXN0010076,normal,,ACC00087,ACC00265
TXN0010077,normal,,ACC00265,ACC00078
TXN0010078,normal,,ACC00265,ACC00324
TXN0010079,normal,,ACC00265,ACC00454
TXN0010080,normal,,ACC00087,ACC00265
TXN0010081,normal,,ACC00139,ACC00265
TXN0010082,normal,,ACC00265,ACC00255
TXN0010083,normal,,ACC00265,ACC00376
TXN0010084,normal,,ACC00395,ACC00265
TXN0010085,normal,,ACC00087,ACC00265
TXN0010086,normal,,ACC00265,ACC00027
TXN0010087,normal,,ACC00265,ACC00139
TXN0010088,normal,,ACC00265,ACC00481
TXN0010089,normal,,ACC00265,ACC00322
TXN0010090,normal,,ACC00087,ACC00265
TXN0010091,normal,,ACC00087,ACC00265
TXN0010092,normal,,ACC00162,ACC00266
TXN0010093,normal,,ACC00266,ACC00450
TXN0010094,normal,,ACC00483,ACC00266
TXN0010095,normal,,ACC00242,ACC00266
TXN0010096,normal,,ACC00289,ACC00266
TXN0010097,normal,,ACC00002,ACC00266
TXN0010098,normal,,ACC00394,ACC00266
TXN0010099,normal,,ACC00266,ACC00020
TXN0010100,normal,,ACC00002,ACC00266
TXN0010101,normal,,ACC00289,ACC00266
TXN0010102,normal,,ACC00244,ACC00266
TXN0010103,normal,,ACC00144,ACC00266
TXN0010104,normal,,ACC00266,ACC00020
TXN0010105,normal,,ACC00244,ACC00266
TXN0010106,normal,,ACC00266,ACC00244
TXN0010107,normal,,ACC00266,ACC00244
TXN0010108,normal,,ACC00153,ACC00266
TXN0010109,normal,,ACC00266,ACC00139
TXN0010110,normal,,ACC00266,ACC00394
TXN0010111,normal,,ACC00266,ACC00054
TXN0010112,normal,,ACC00266,ACC00394
TXN0010113,normal,,ACC00266,ACC00289
TXN0010114,normal,,ACC00266,ACC00020
TXN0010115,normal,,ACC00394,ACC00266
TXN0010116,normal,,ACC00266,ACC00067
TXN0010117,normal,,ACC00266,ACC00450
TXN0010118,normal,,ACC00266,ACC00361
TXN0010119,normal,,ACC00266,ACC00020
TXN0010120,normal,,ACC00071,ACC00266
TXN0010121,normal,,ACC00266,ACC00020
TXN0010122,normal,,ACC00266,ACC00289
TXN0010123,normal,,ACC00266,ACC00020
TXN0010124,normal,,ACC00266,ACC00483
TXN0010125,normal,,ACC00266,ACC00394
TXN0010126,normal,,ACC00483,ACC00266
TXN0010127,normal,,ACC00266,ACC00002
TXN0010128,normal,,ACC00266,ACC00150
TXN0010129,normal,,ACC00266,ACC00289
TXN0010130,normal,,ACC00266,ACC00289
TXN0010131,normal,,ACC00266,ACC00394
TXN0010132,normal,,ACC00450,ACC00266
TXN0010133,normal,,ACC00266,ACC00289
TXN0010134,normal,,ACC00266,ACC00226
TXN0010135,normal,,ACC00266,ACC00020
TXN0010136,normal,,ACC00266,ACC00002
TXN0010137,normal,,ACC00020,ACC00266
TXN0010138,normal,,ACC00254,ACC00267
TXN0010139,normal,,ACC00267,ACC00183
TXN0010140,normal,,ACC00267,ACC00109
TXN0010141,normal,,ACC00194,ACC00267
TXN0010142,normal,,ACC00146,ACC00267
TXN0010143,normal,,ACC00267,ACC00217
TXN0010144,normal,,ACC00339,ACC00267
TXN0010145,normal,,ACC00183,ACC00267
TXN0010146,normal,,ACC00267,ACC00194
TXN0010147,normal,,ACC00267,ACC00144
TXN0010148,normal,,ACC00267,ACC00236
TXN0010149,normal,,ACC00267,ACC00183
TXN0010150,normal,,ACC00267,ACC00339
TXN0010151,normal,,ACC00267,ACC00339
TXN0010152,normal,,ACC00267,ACC00194
TXN0010153,normal,,ACC00339,ACC00267
TXN0010154,normal,,ACC00267,ACC00183
TXN0010155,normal,,ACC00339,ACC00267
TXN0010156,normal,,ACC00267,ACC00254
TXN0010157,normal,,ACC00267,ACC00111
TXN0010158,normal,,ACC00254,ACC00267
TXN0010159,normal,,ACC00267,ACC00144
TXN0010160,normal,,ACC00183,ACC00267
TXN0010161,normal,,ACC00215,ACC00267
TXN0010162,normal,,ACC00183,ACC00267
TXN0010163,normal,,ACC00210,ACC00267
TXN0010164,normal,,ACC00267,ACC00144
TXN0010165,normal,,ACC00267,ACC00194
TXN0010166,normal,,ACC00217,ACC00267
TXN0010167,normal,,ACC00267,ACC00215
TXN0010168,normal,,ACC00461,ACC00267
TXN0010169,normal,,ACC00267,ACC00217
TXN0010170,normal,,ACC00144,ACC00267
TXN0010171,normal,,ACC00144,ACC00267
TXN0010172,normal,,ACC00267,ACC00236
TXN0010173,normal,,ACC00267,ACC00236
TXN0010174,normal,,ACC00194,ACC00267
TXN0010175,normal,,ACC00267,ACC00236
TXN0010176,normal,,ACC00437,ACC00267
TXN0010177,normal,,ACC00126,ACC00267
TXN0010178,normal,,ACC00268,ACC00016
TXN0010179,normal,,ACC00134,ACC00268
TXN0010180,normal,,ACC00268,ACC00346
TXN0010181,normal,,ACC00002,ACC00268
TXN0010182,normal,,ACC00268,ACC00057
TXN0010183,normal,,ACC00180,ACC00268
TXN0010184,normal,,ACC00268,ACC00057
TXN0010185,normal,,ACC00057,ACC00268
TXN0010186,normal,,ACC00268,ACC00346
TXN0010187,normal,,ACC00268,ACC00002
TXN0010188,normal,,ACC00057,ACC00268
TXN0010189,normal,,ACC00117,ACC00268
TXN0010190,normal,,ACC00263,ACC00268
TXN0010191,normal,,ACC00062,ACC00268
TXN0010192,normal,,ACC00268,ACC00346
TXN0010193,normal,,ACC00268,ACC00257
TXN0010194,normal,,ACC00268,ACC00227
TXN0010195,normal,,ACC00082,ACC00268
TXN0010196,normal,,ACC00257,ACC00268
TXN0010197,normal,,ACC00160,ACC00269
TXN0010198,normal,,ACC00305,ACC00269
TXN0010199,normal,,ACC00269,ACC00265
TXN0010200,normal,,ACC00127,ACC00269
TXN0010201,normal,,ACC00111,ACC00269
TXN0010202,normal,,ACC00269,ACC00341
TXN0010203,normal,,ACC00269,ACC00305
TXN0010204,normal,,ACC00269,ACC00451
TXN0010205,normal,,ACC00269,ACC00305
TXN0010206,normal,,ACC00269,ACC00459
TXN0010207,normal,,ACC00389,ACC00269
TXN0010208,normal,,ACC00269,ACC00111
TXN0010209,normal,,ACC00269,ACC00127
TXN0010210,normal,,ACC00111,ACC00269
TXN0010211,normal,,ACC00127,ACC00269
TXN0010212,normal,,ACC00046,ACC00269
TXN0010213,normal,,ACC00269,ACC00265
TXN0010214,normal,,ACC00270,ACC00500
TXN0010215,normal,,ACC00470,ACC00270
TXN0010216,normal,,ACC00313,ACC00270
TXN0010217,normal,,ACC00088,ACC00270
TXN0010218,normal,,ACC00270,ACC00478
TXN0010219,normal,,ACC00265,ACC00270
TXN0010220,normal,,ACC00270,ACC00088
TXN0010221,normal,,ACC00270,ACC00133
TXN0010222,normal,,ACC00270,ACC00133
TXN0010223,normal,,ACC00354,ACC00270
TXN0010224,normal,,ACC00319,ACC00270
TXN0010225,normal,,ACC00270,ACC00135
TXN0010226,normal,,ACC00270,ACC00088
TXN0010227,normal,,ACC00470,ACC00270
TXN0010228,normal,,ACC00270,ACC00088
TXN0010229,normal,,ACC00270,ACC00135
TXN0010230,normal,,ACC00270,ACC00070
TXN0010231,normal,,ACC00088,ACC00270
TXN0010232,normal,,ACC00270,ACC00377
TXN0010233,normal,,ACC00270,ACC00354
TXN0010234,normal,,ACC00270,ACC00133
TXN0010235,normal,,ACC00470,ACC00270
TXN0010236,normal,,ACC00270,ACC00354
TXN0010237,normal,,ACC00270,ACC00377
TXN0010238,normal,,ACC00270,ACC00088
TXN0010239,normal,,ACC00135,ACC00270
TXN0010240,normal,,ACC00270,ACC00377
TXN0010241,normal,,ACC00270,ACC00341
TXN0010242,normal,,ACC00270,ACC00350
TXN0010243,normal,,ACC00270,ACC00011
TXN0010244,normal,,ACC00270,ACC00377
TXN0010245,normal,,ACC00270,ACC00088
TXN0010246,normal,,ACC00270,ACC00377
TXN0010247,normal,,ACC00470,ACC00270
TXN0010248,normal,,ACC00270,ACC00231
TXN0010249,normal,,ACC00135,ACC00270
TXN0010250,normal,,ACC00341,ACC00270
TXN0010251,normal,,ACC00135,ACC00270
TXN0010252,normal,,ACC00265,ACC00270
TXN0010253,normal,,ACC00270,ACC00377
TXN0010254,normal,,ACC00133,ACC00270
TXN0010255,normal,,ACC00088,ACC00270
TXN0010256,normal,,ACC00470,ACC00270
TXN0010257,normal,,ACC00500,ACC00270
TXN0010258,normal,,ACC00265,ACC00270
TXN0010259,normal,,ACC00270,ACC00265
TXN0010260,normal,,ACC00341,ACC00270
TXN0010261,normal,,ACC00088,ACC00270
TXN0010262,normal,,ACC00270,ACC00377
TXN0010263,normal,,ACC00197,ACC00270
TXN0010264,normal,,ACC00341,ACC00270
TXN0010265,normal,,ACC00270,ACC00354
TXN0010266,normal,,ACC00270,ACC00383
TXN0010267,normal,,ACC00270,ACC00341
TXN0010268,normal,,ACC00270,ACC00420
TXN0010269,normal,,ACC00133,ACC00270
TXN0010270,normal,,ACC00270,ACC00184
TXN0010271,normal,,ACC00270,ACC00135
TXN0010272,normal,,ACC00271,ACC00291
TXN0010273,normal,,ACC00291,ACC00271
TXN0010274,normal,,ACC00271,ACC00449
TXN0010275,normal,,ACC00271,ACC00314
TXN0010276,normal,,ACC00271,ACC00069
TXN0010277,normal,,ACC00271,ACC00319
TXN0010278,normal,,ACC00271,ACC00376
TXN0010279,normal,,ACC00069,ACC00271
TXN0010280,normal,,ACC00271,ACC00291
TXN0010281,normal,,ACC00197,ACC00271
TXN0010282,normal,,ACC00213,ACC00271
TXN0010283,normal,,ACC00271,ACC00197
TXN0010284,normal,,ACC00473,ACC00271
TXN0010285,normal,,ACC00213,ACC00271
TXN0010286,normal,,ACC00271,ACC00376
TXN0010287,normal,,ACC00376,ACC00271
TXN0010288,normal,,ACC00271,ACC00376
TXN0010289,normal,,ACC00271,ACC00069
TXN0010290,normal,,ACC00291,ACC00271
TXN0010291,normal,,ACC00271,ACC00197
TXN0010292,normal,,ACC00271,ACC00449
TXN0010293,normal,,ACC00449,ACC00271
TXN0010294,normal,,ACC00271,ACC00283
TXN0010295,normal,,ACC00437,ACC00272
TXN0010296,normal,,ACC00437,ACC00272
TXN0010297,normal,,ACC00445,ACC00272
TXN0010298,normal,,ACC00272,ACC00352
TXN0010299,normal,,ACC00272,ACC00445
TXN0010300,normal,,ACC00272,ACC00437
TXN0010301,normal,,ACC00272,ACC00414
TXN0010302,normal,,ACC00414,ACC00272
TXN0010303,normal,,ACC00350,ACC00272
TXN0010304,normal,,ACC00445,ACC00272
TXN0010305,normal,,ACC00451,ACC00272
TXN0010306,normal,,ACC00006,ACC00272
TXN0010307,normal,,ACC00272,ACC00223
TXN0010308,normal,,ACC00272,ACC00414
TXN0010309,normal,,ACC00445,ACC00272
TXN0010310,normal,,ACC00272,ACC00024
TXN0010311,normal,,ACC00209,ACC00272
TXN0010312,normal,,ACC00445,ACC00272
TXN0010313,normal,,ACC00437,ACC00272
TXN0010314,normal,,ACC00437,ACC00272
TXN0010315,normal,,ACC00223,ACC00272
TXN0010316,normal,,ACC00006,ACC00272
TXN0010317,normal,,ACC00272,ACC00451
TXN0010318,normal,,ACC00272,ACC00451
TXN0010319,normal,,ACC00414,ACC00272
TXN0010320,normal,,ACC00270,ACC00272
TXN0010321,normal,,ACC00350,ACC00272
TXN0010322,normal,,ACC00272,ACC00350
TXN0010323,normal,,ACC00272,ACC00223
TXN0010324,normal,,ACC00274,ACC00272
TXN0010325,normal,,ACC00272,ACC00451
TXN0010326,normal,,ACC00159,ACC00272
TXN0010327,normal,,ACC00272,ACC00050
TXN0010328,normal,,ACC00006,ACC00272
TXN0010329,normal,,ACC00273,ACC00009
TXN0010330,normal,,ACC00273,ACC00029
TXN0010331,normal,,ACC00029,ACC00273
TXN0010332,normal,,ACC00029,ACC00273
TXN0010333,normal,,ACC00273,ACC00009
TXN0010334,normal,,ACC00273,ACC00032
TXN0010335,normal,,ACC00009,ACC00273
TXN0010336,normal,,ACC00217,ACC00273
TXN0010337,normal,,ACC00226,ACC00273
TXN0010338,normal,,ACC00046,ACC00273
TXN0010339,normal,,ACC00226,ACC00273
TXN0010340,normal,,ACC00273,ACC00226
TXN0010341,normal,,ACC00273,ACC00028
TXN0010342,normal,,ACC00273,ACC00164
TXN0010343,normal,,ACC00273,ACC00009
TXN0010344,normal,,ACC00273,ACC00009
TXN0010345,normal,,ACC00226,ACC00273
TXN0010346,normal,,ACC00226,ACC00273
TXN0010347,normal,,ACC00273,ACC00028
TXN0010348,normal,,ACC00114,ACC00273
TXN0010349,normal,,ACC00302,ACC00273
TXN0010350,normal,,ACC00331,ACC00273
TXN0010351,normal,,ACC00028,ACC00273
TXN0010352,normal,,ACC00273,ACC00113
TXN0010353,normal,,ACC00273,ACC00028
TXN0010354,normal,,ACC00028,ACC00273
TXN0010355,normal,,ACC00032,ACC00273
TXN0010356,normal,,ACC00302,ACC00273
TXN0010357,normal,,ACC00028,ACC00273
TXN0010358,normal,,ACC00029,ACC00273
TXN0010359,normal,,ACC00273,ACC00114
TXN0010360,normal,,ACC00032,ACC00273
TXN0010361,normal,,ACC00495,ACC00273
TXN0010362,normal,,ACC00273,ACC00028
TXN0010363,normal,,ACC00114,ACC00273
TXN0010364,normal,,ACC00029,ACC00273
TXN0010365,normal,,ACC00009,ACC00273
TXN0010366,normal,,ACC00273,ACC00009
TXN0010367,normal,,ACC00029,ACC00273
TXN0010368,normal,,ACC00273,ACC00009
TXN0010369,normal,,ACC00273,ACC00383
TXN0010370,normal,,ACC00273,ACC00028
TXN0010371,normal,,ACC00113,ACC00273
TXN0010372,normal,,ACC00273,ACC00166
TXN0010373,normal,,ACC00087,ACC00273
TXN0010374,normal,,ACC00114,ACC00273
TXN0010375,normal,,ACC00398,ACC00274
TXN0010376,normal,,ACC00274,ACC00398
TXN0010377,normal,,ACC00398,ACC00274
TXN0010378,normal,,ACC00453,ACC00274
TXN0010379,normal,,ACC00440,ACC00274
TXN0010380,normal,,ACC00274,ACC00162
TXN0010381,normal,,ACC00274,ACC00283
TXN0010382,normal,,ACC00398,ACC00274
TXN0010383,normal,,ACC00274,ACC00162
TXN0010384,normal,,ACC00056,ACC00274
TXN0010385,normal,,ACC00423,ACC00274
TXN0010386,normal,,ACC00162,ACC00274
TXN0010387,normal,,ACC00274,ACC00056
TXN0010388,normal,,ACC00274,ACC00453
TXN0010389,normal,,ACC00056,ACC00274
TXN0010390,normal,,ACC00274,ACC00453
TXN0010391,normal,,ACC00398,ACC00274
TXN0010392,normal,,ACC00274,ACC00056
TXN0010393,normal,,ACC00274,ACC00121
TXN0010394,normal,,ACC00274,ACC00466
TXN0010395,normal,,ACC00274,ACC00329
TXN0010396,normal,,ACC00274,ACC00121
TXN0010397,normal,,ACC00098,ACC00274
TXN0010398,normal,,ACC00274,ACC00056
TXN0010399,normal,,ACC00274,ACC00162
TXN0010400,normal,,ACC00221,ACC00274
TXN0010401,normal,,ACC00398,ACC00274
TXN0010402,normal,,ACC00274,ACC00221
TXN0010403,normal,,ACC00162,ACC00274
TXN0010404,normal,,ACC00162,ACC00274
TXN0010405,normal,,ACC00221,ACC00274
TXN0010406,normal,,ACC00274,ACC00366
TXN0010407,normal,,ACC00274,ACC00162
TXN0010408,normal,,ACC00398,ACC00274
TXN0010409,normal,,ACC00056,ACC00274
TXN0010410,normal,,ACC00274,ACC00440
TXN0010411,normal,,ACC00453,ACC00274
TXN0010412,normal,,ACC00275,ACC00338
TXN0010413,normal,,ACC00275,ACC00361
TXN0010414,normal,,ACC00274,ACC00275
TXN0010415,normal,,ACC00367,ACC00275
TXN0010416,normal,,ACC00275,ACC00274
TXN0010417,normal,,ACC00275,ACC00129
TXN0010418,normal,,ACC00275,ACC00392
TXN0010419,normal,,ACC00275,ACC00367
TXN0010420,normal,,ACC00117,ACC00275
TXN0010421,normal,,ACC00250,ACC00275
TXN0010422,normal,,ACC00275,ACC00203
TXN0010423,normal,,ACC00338,ACC00275
TXN0010424,normal,,ACC00203,ACC00275
TXN0010425,normal,,ACC00107,ACC00275
TXN0010426,normal,,ACC00323,ACC00275
TXN0010427,normal,,ACC00275,ACC00349
TXN0010428,normal,,ACC00275,ACC00338
TXN0010429,normal,,ACC00275,ACC00361
TXN0010430,normal,,ACC00275,ACC00338
TXN0010431,normal,,ACC00338,ACC00275
TXN0010432,normal,,ACC00275,ACC00361
TXN0010433,normal,,ACC00338,ACC00275
TXN0010434,normal,,ACC00275,ACC00361
TXN0010435,normal,,ACC00275,ACC00349
TXN0010436,normal,,ACC00370,ACC00275
TXN0010437,normal,,ACC00242,ACC00275
TXN0010438,normal,,ACC00275,ACC00338
TXN0010439,normal,,ACC00349,ACC00275
TXN0010440,normal,,ACC00064,ACC00275
TXN0010441,normal,,ACC00275,ACC00392
TXN0010442,normal,,ACC00338,ACC00275
TXN0010443,normal,,ACC00361,ACC00275
TXN0010444,normal,,ACC00275,ACC00392
TXN0010445,normal,,ACC00276,ACC00493
TXN0010446,normal,,ACC00471,ACC00276
TXN0010447,normal,,ACC00428,ACC00276
TXN0010448,normal,,ACC00173,ACC00276
TXN0010449,normal,,ACC00276,ACC00145
TXN0010450,normal,,ACC00276,ACC00471
TXN0010451,normal,,ACC00493,ACC00276
TXN0010452,normal,,ACC00360,ACC00276
TXN0010453,normal,,ACC00276,ACC00360
TXN0010454,normal,,ACC00053,ACC00276
TXN0010455,normal,,ACC00276,ACC00324
TXN0010456,normal,,ACC00360,ACC00276
TXN0010457,normal,,ACC00276,ACC00053
TXN0010458,normal,,ACC00276,ACC00144
TXN0010459,normal,,ACC00428,ACC00276
TXN0010460,normal,,ACC00276,ACC00278
TXN0010461,normal,,ACC00360,ACC00276
TXN0010462,normal,,ACC00470,ACC00276
TXN0010463,normal,,ACC00278,ACC00276
TXN0010464,normal,,ACC00053,ACC00276
TXN0010465,normal,,ACC00276,ACC00278
TXN0010466,normal,,ACC00276,ACC00428
TXN0010467,normal,,ACC00049,ACC00276
TXN0010468,normal,,ACC00053,ACC00276
TXN0010469,normal,,ACC00092,ACC00276
TXN0010470,normal,,ACC00173,ACC00276
TXN0010471,normal,,ACC00276,ACC00493
TXN0010472,normal,,ACC00276,ACC00278
TXN0010473,normal,,ACC00276,ACC00428
TXN0010474,normal,,ACC00276,ACC00053
TXN0010475,normal,,ACC00278,ACC00276
TXN0010476,normal,,ACC00276,ACC00360
TXN0010477,normal,,ACC00276,ACC00173
TXN0010478,normal,,ACC00076,ACC00276
TXN0010479,normal,,ACC00276,ACC00053
TXN0010480,normal,,ACC00276,ACC00053
TXN0010481,normal,,ACC00428,ACC00276
TXN0010482,normal,,ACC00053,ACC00276
TXN0010483,normal,,ACC00471,ACC00276
TXN0010484,normal,,ACC00276,ACC00360
TXN0010485,normal,,ACC00276,ACC00129
TXN0010486,normal,,ACC00276,ACC00428
TXN0010487,normal,,ACC00276,ACC00471
TXN0010488,normal,,ACC00428,ACC00276
TXN0010489,normal,,ACC00428,ACC00276
TXN0010490,normal,,ACC00145,ACC00276
TXN0010491,normal,,ACC00276,ACC00428
TXN0010492,normal,,ACC00276,ACC00129
TXN0010493,normal,,ACC00276,ACC00299
TXN0010494,normal,,ACC00278,ACC00276
TXN0010495,normal,,ACC00440,ACC00276
TXN0010496,normal,,ACC00276,ACC00444
TXN0010497,normal,,ACC00173,ACC00276
TXN0010498,normal,,ACC00276,ACC00129
TXN0010499,normal,,ACC00276,ACC00129
TXN0010500,normal,,ACC00493,ACC00276
TXN0010501,normal,,ACC00053,ACC00276
TXN0010502,normal,,ACC00276,ACC00053
TXN0010503,normal,,ACC00277,ACC00097
TXN0010504,normal,,ACC00324,ACC00277
TXN0010505,normal,,ACC00277,ACC00317
TXN0010506,normal,,ACC00322,ACC00277
TXN0010507,normal,,ACC00277,ACC00073
TXN0010508,normal,,ACC00014,ACC00277
TXN0010509,normal,,ACC00277,ACC00097
TXN0010510,normal,,ACC00277,ACC00016
TXN0010511,normal,,ACC00235,ACC00277
TXN0010512,normal,,ACC00097,ACC00277
TXN0010513,normal,,ACC00333,ACC00277
TXN0010514,normal,,ACC00277,ACC00317
TXN0010515,normal,,ACC00277,ACC00322
TXN0010516,normal,,ACC00317,ACC00277
TXN0010517,normal,,ACC00277,ACC00016
TXN0010518,normal,,ACC00277,ACC00333
TXN0010519,normal,,ACC00097,ACC00277
TXN0010520,normal,,ACC00175,ACC00277
TXN0010521,normal,,ACC00322,ACC00277
TXN0010522,normal,,ACC00277,ACC00322
TXN0010523,normal,,ACC00277,ACC00184
TXN0010524,normal,,ACC00277,ACC00016
TXN0010525,normal,,ACC00277,ACC00324
TXN0010526,normal,,ACC00277,ACC00016
TXN0010527,normal,,ACC00278,ACC00131
TXN0010528,normal,,ACC00175,ACC00278
TXN0010529,normal,,ACC00278,ACC00316
TXN0010530,normal,,ACC00362,ACC00278
TXN0010531,normal,,ACC00316,ACC00278
TXN0010532,normal,,ACC00278,ACC00269
TXN0010533,normal,,ACC00278,ACC00414
TXN0010534,normal,,ACC00278,ACC00300
TXN0010535,normal,,ACC00278,ACC00097
TXN0010536,normal,,ACC00175,ACC00278
TXN0010537,normal,,ACC00466,ACC00278
TXN0010538,normal,,ACC00316,ACC00278
TXN0010539,normal,,ACC00278,ACC00175
TXN0010540,normal,,ACC00273,ACC00278
TXN0010541,normal,,ACC00278,ACC00027
TXN0010542,normal,,ACC00278,ACC00269
TXN0010543,normal,,ACC00278,ACC00131
TXN0010544,normal,,ACC00278,ACC00133
TXN0010545,normal,,ACC00278,ACC00027
TXN0010546,normal,,ACC00027,ACC00278
TXN0010547,normal,,ACC00278,ACC00418
TXN0010548,normal,,ACC00027,ACC00278
TXN0010549,normal,,ACC00278,ACC00389
TXN0010550,normal,,ACC00136,ACC00278
TXN0010551,normal,,ACC00175,ACC00278
TXN0010552,normal,,ACC00027,ACC00278
TXN0010553,normal,,ACC00135,ACC00278
TXN0010554,normal,,ACC00278,ACC00456
TXN0010555,normal,,ACC00131,ACC00278
TXN0010556,normal,,ACC00278,ACC00097
TXN0010557,normal,,ACC00278,ACC00269
TXN0010558,normal,,ACC00027,ACC00278
TXN0010559,normal,,ACC00027,ACC00278
TXN0010560,normal,,ACC00005,ACC00278
TXN0010561,normal,,ACC00097,ACC00278
TXN0010562,normal,,ACC00278,ACC00133
TXN0010563,normal,,ACC00279,ACC00028
TXN0010564,normal,,ACC00029,ACC00279
TXN0010565,normal,,ACC00279,ACC00213
TXN0010566,normal,,ACC00314,ACC00279
TXN0010567,normal,,ACC00279,ACC00028
TXN0010568,normal,,ACC00279,ACC00491
TXN0010569,normal,,ACC00279,ACC00463
TXN0010570,normal,,ACC00028,ACC00279
TXN0010571,normal,,ACC00067,ACC00279
TXN0010572,normal,,ACC00213,ACC00279
TXN0010573,normal,,ACC00279,ACC00028
TXN0010574,normal,,ACC00279,ACC00127
TXN0010575,normal,,ACC00279,ACC00464
TXN0010576,normal,,ACC00279,ACC00343
TXN0010577,normal,,ACC00279,ACC00029
TXN0010578,normal,,ACC00491,ACC00279
TXN0010579,normal,,ACC00279,ACC00081
TXN0010580,normal,,ACC00131,ACC00279
TXN0010581,normal,,ACC00174,ACC00279
TXN0010582,normal,,ACC00279,ACC00213
TXN0010583,normal,,ACC00029,ACC00279
TXN0010584,normal,,ACC00060,ACC00279
TXN0010585,normal,,ACC00279,ACC00126
TXN0010586,normal,,ACC00279,ACC00127
TXN0010587,normal,,ACC00028,ACC00279
TXN0010588,normal,,ACC00333,ACC00279
TXN0010589,normal,,ACC00213,ACC00279
TXN0010590,normal,,ACC00028,ACC00279
TXN0010591,normal,,ACC00279,ACC00187
TXN0010592,normal,,ACC00279,ACC00483
TXN0010593,normal,,ACC00060,ACC00279
TXN0010594,normal,,ACC00029,ACC00279
TXN0010595,normal,,ACC00279,ACC00039
TXN0010596,normal,,ACC00279,ACC00127
TXN0010597,normal,,ACC00279,ACC00028
TXN0010598,normal,,ACC00127,ACC00279
TXN0010599,normal,,ACC00245,ACC00279
TXN0010600,normal,,ACC00279,ACC00491
TXN0010601,normal,,ACC00483,ACC00279
TXN0010602,normal,,ACC00279,ACC00380
TXN0010603,normal,,ACC00029,ACC00279
TXN0010604,normal,,ACC00451,ACC00279
TXN0010605,normal,,ACC00104,ACC00279
TXN0010606,normal,,ACC00279,ACC00028
TXN0010607,normal,,ACC00491,ACC00279
TXN0010608,normal,,ACC00279,ACC00028
TXN0010609,normal,,ACC00380,ACC00279
TXN0010610,normal,,ACC00318,ACC00279
TXN0010611,normal,,ACC00279,ACC00125
TXN0010612,normal,,ACC00203,ACC00279
TXN0010613,normal,,ACC00279,ACC00060
TXN0010614,normal,,ACC00060,ACC00279
TXN0010615,normal,,ACC00213,ACC00279
TXN0010616,normal,,ACC00279,ACC00060
TXN0010617,normal,,ACC00279,ACC00483
TXN0010618,normal,,ACC00279,ACC00060
TXN0010619,normal,,ACC00279,ACC00028
TXN0010620,normal,,ACC00380,ACC00279
TXN0010621,normal,,ACC00279,ACC00029
TXN0010622,normal,,ACC00280,ACC00458
TXN0010623,normal,,ACC00280,ACC00204
TXN0010624,normal,,ACC00302,ACC00280
TXN0010625,normal,,ACC00209,ACC00280
TXN0010626,normal,,ACC00331,ACC00280
TXN0010627,normal,,ACC00280,ACC00062
TXN0010628,normal,,ACC00280,ACC00352
TXN0010629,normal,,ACC00280,ACC00204
TXN0010630,normal,,ACC00458,ACC00280
TXN0010631,normal,,ACC00280,ACC00458
TXN0010632,normal,,ACC00347,ACC00280
TXN0010633,normal,,ACC00280,ACC00026
TXN0010634,normal,,ACC00280,ACC00468
TXN0010635,normal,,ACC00433,ACC00280
TXN0010636,normal,,ACC00280,ACC00406
TXN0010637,normal,,ACC00280,ACC00329
TXN0010638,normal,,ACC00280,ACC00329
TXN0010639,normal,,ACC00280,ACC00433
TXN0010640,normal,,ACC00280,ACC00458
TXN0010641,normal,,ACC00204,ACC00280
TXN0010642,normal,,ACC00458,ACC00280
TXN0010643,normal,,ACC00280,ACC00458
TXN0010644,normal,,ACC00280,ACC00026
TXN0010645,normal,,ACC00329,ACC00280
TXN0010646,normal,,ACC00433,ACC00280
TXN0010647,normal,,ACC00329,ACC00280
TXN0010648,normal,,ACC00280,ACC00433
TXN0010649,normal,,ACC00468,ACC00280
TXN0010650,normal,,ACC00433,ACC00280
TXN0010651,normal,,ACC00447,ACC00281
TXN0010652,normal,,ACC00193,ACC00281
TXN0010653,normal,,ACC00232,ACC00281
TXN0010654,normal,,ACC00447,ACC00281
TXN0010655,normal,,ACC00217,ACC00281
TXN0010656,normal,,ACC00281,ACC00447
TXN0010657,normal,,ACC00281,ACC00447
TXN0010658,normal,,ACC00394,ACC00281
TXN0010659,normal,,ACC00281,ACC00299
TXN0010660,normal,,ACC00392,ACC00281
TXN0010661,normal,,ACC00185,ACC00281
TXN0010662,normal,,ACC00200,ACC00281
TXN0010663,normal,,ACC00281,ACC00490
TXN0010664,normal,,ACC00281,ACC00217
TXN0010665,normal,,ACC00281,ACC00347
TXN0010666,normal,,ACC00281,ACC00490
TXN0010667,normal,,ACC00281,ACC00434
TXN0010668,normal,,ACC00392,ACC00281
TXN0010669,normal,,ACC00281,ACC00490
TXN0010670,normal,,ACC00281,ACC00490
TXN0010671,normal,,ACC00281,ACC00015
TXN0010672,normal,,ACC00281,ACC00394
TXN0010673,normal,,ACC00281,ACC00232
TXN0010674,normal,,ACC00354,ACC00281
TXN0010675,normal,,ACC00490,ACC00281
TXN0010676,normal,,ACC00394,ACC00281
TXN0010677,normal,,ACC00447,ACC00281
TXN0010678,normal,,ACC00392,ACC00281
TXN0010679,normal,,ACC00281,ACC00447
TXN0010680,normal,,ACC00404,ACC00281
TXN0010681,normal,,ACC00217,ACC00281
TXN0010682,normal,,ACC00281,ACC00394
TXN0010683,normal,,ACC00435,ACC00281
TXN0010684,normal,,ACC00232,ACC00281
TXN0010685,normal,,ACC00281,ACC00197
TXN0010686,normal,,ACC00281,ACC00269
TXN0010687,normal,,ACC00217,ACC00281
TXN0010688,normal,,ACC00185,ACC00281
TXN0010689,normal,,ACC00281,ACC00232
TXN0010690,normal,,ACC00281,ACC00193
TXN0010691,normal,,ACC00281,ACC00217
TXN0010692,normal,,ACC00447,ACC00281
TXN0010693,normal,,ACC00281,ACC00232
TXN0010694,normal,,ACC00232,ACC00281
TXN0010695,normal,,ACC00217,ACC00281
TXN0010696,normal,,ACC00281,ACC00490
TXN0010697,normal,,ACC00281,ACC00332
TXN0010698,normal,,ACC00185,ACC00281
TXN0010699,normal,,ACC00193,ACC00281
TXN0010700,normal,,ACC00281,ACC00267
TXN0010701,normal,,ACC00494,ACC00282
TXN0010702,normal,,ACC00282,ACC00494
TXN0010703,normal,,ACC00395,ACC00282
TXN0010704,normal,,ACC00282,ACC00075
TXN0010705,normal,,ACC00282,ACC00013
TXN0010706,normal,,ACC00282,ACC00395
TXN0010707,normal,,ACC00034,ACC00282
TXN0010708,normal,,ACC00282,ACC00494
TXN0010709,normal,,ACC00494,ACC00282
TXN0010710,normal,,ACC00282,ACC00496
TXN0010711,normal,,ACC00289,ACC00282
TXN0010712,normal,,ACC00289,ACC00282
TXN0010713,normal,,ACC00282,ACC00452
TXN0010714,normal,,ACC00452,ACC00282
TXN0010715,normal,,ACC00013,ACC00282
TXN0010716,normal,,ACC00282,ACC00294
TXN0010717,normal,,ACC00075,ACC00282
TXN0010718,normal,,ACC00282,ACC00280
TXN0010719,normal,,ACC00259,ACC00282
TXN0010720,normal,,ACC00282,ACC00075
TXN0010721,normal,,ACC00289,ACC00282
TXN0010722,normal,,ACC00282,ACC00294
TXN0010723,normal,,ACC00289,ACC00282
TXN0010724,normal,,ACC00363,ACC00282
TXN0010725,normal,,ACC00496,ACC00282
TXN0010726,normal,,ACC00282,ACC00289
TXN0010727,normal,,ACC00282,ACC00479
TXN0010728,normal,,ACC00031,ACC00282
TXN0010729,normal,,ACC00282,ACC00494
TXN0010730,normal,,ACC00282,ACC00075
TXN0010731,normal,,ACC00294,ACC00282
TXN0010732,normal,,ACC00075,ACC00282
TXN0010733,normal,,ACC00282,ACC00066
TXN0010734,normal,,ACC00283,ACC00053
TXN0010735,normal,,ACC00049,ACC00283
TXN0010736,normal,,ACC00027,ACC00283
TXN0010737,normal,,ACC00073,ACC00283
TXN0010738,normal,,ACC00096,ACC00283
TXN0010739,normal,,ACC00283,ACC00049
TXN0010740,normal,,ACC00053,ACC00283
TXN0010741,normal,,ACC00283,ACC00053
TXN0010742,normal,,ACC00119,ACC00283
TXN0010743,normal,,ACC00027,ACC00283
TXN0010744,normal,,ACC00283,ACC00073
TXN0010745,normal,,ACC00283,ACC00053
TXN0010746,normal,,ACC00283,ACC00473
TXN0010747,normal,,ACC00018,ACC00283
TXN0010748,normal,,ACC00283,ACC00027
TXN0010749,normal,,ACC00242,ACC00283
TXN0010750,normal,,ACC00073,ACC00283
TXN0010751,normal,,ACC00073,ACC00283
TXN0010752,normal,,ACC00283,ACC00049
TXN0010753,normal,,ACC00283,ACC00119
TXN0010754,normal,,ACC00283,ACC00103
TXN0010755,normal,,ACC00053,ACC00283
TXN0010756,normal,,ACC00073,ACC00283
TXN0010757,normal,,ACC00049,ACC00283
TXN0010758,normal,,ACC00049,ACC00283
TXN0010759,normal,,ACC00149,ACC00283
TXN0010760,normal,,ACC00069,ACC00283
TXN0010761,normal,,ACC00283,ACC00053
TXN0010762,normal,,ACC00119,ACC00283
TXN0010763,normal,,ACC00053,ACC00283
TXN0010764,normal,,ACC00195,ACC00283
TXN0010765,normal,,ACC00283,ACC00119
TXN0010766,normal,,ACC00053,ACC00283
TXN0010767,normal,,ACC00073,ACC00283
TXN0010768,normal,,ACC00446,ACC00283
TXN0010769,normal,,ACC00283,ACC00049
TXN0010770,normal,,ACC00283,ACC00073
TXN0010771,normal,,ACC00027,ACC00283
TXN0010772,normal,,ACC00049,ACC00283
TXN0010773,normal,,ACC00284,ACC00269
TXN0010774,normal,,ACC00284,ACC00160
TXN0010775,normal,,ACC00269,ACC00284
TXN0010776,normal,,ACC00284,ACC00269
TXN0010777,normal,,ACC00021,ACC00284
TXN0010778,normal,,ACC00283,ACC00284
TXN0010779,normal,,ACC00227,ACC00284
TXN0010780,normal,,ACC00227,ACC00284
TXN0010781,normal,,ACC00284,ACC00227
TXN0010782,normal,,ACC00209,ACC00284
TXN0010783,normal,,ACC00284,ACC00130
TXN0010784,normal,,ACC00269,ACC00284
TXN0010785,normal,,ACC00284,ACC00316
TXN0010786,normal,,ACC00284,ACC00269
TXN0010787,normal,,ACC00284,ACC00004
TXN0010788,normal,,ACC00269,ACC00284
TXN0010789,normal,,ACC00160,ACC00284
TXN0010790,normal,,ACC00394,ACC00284
TXN0010791,normal,,ACC00284,ACC00316
TXN0010792,normal,,ACC00284,ACC00227
TXN0010793,normal,,ACC00284,ACC00269
TXN0010794,normal,,ACC00284,ACC00004
TXN0010795,normal,,ACC00284,ACC00004
TXN0010796,normal,,ACC00316,ACC00284
TXN0010797,normal,,ACC00004,ACC00284
TXN0010798,normal,,ACC00284,ACC00316
TXN0010799,normal,,ACC00316,ACC00284
TXN0010800,normal,,ACC00284,ACC00160
TXN0010801,normal,,ACC00284,ACC00004
TXN0010802,normal,,ACC00284,ACC00227
TXN0010803,normal,,ACC00284,ACC00323
TXN0010804,normal,,ACC00031,ACC00285
TXN0010805,normal,,ACC00285,ACC00425
TXN0010806,normal,,ACC00285,ACC00342
TXN0010807,normal,,ACC00285,ACC00342
TXN0010808,normal,,ACC00285,ACC00055
TXN0010809,normal,,ACC00285,ACC00085
TXN0010810,normal,,ACC00360,ACC00285
TXN0010811,normal,,ACC00425,ACC00285
TXN0010812,normal,,ACC00425,ACC00285
TXN0010813,normal,,ACC00055,ACC00285
TXN0010814,normal,,ACC00243,ACC00285
TXN0010815,normal,,ACC00055,ACC00285
TXN0010816,normal,,ACC00342,ACC00285
TXN0010817,normal,,ACC00285,ACC00459
TXN0010818,normal,,ACC00083,ACC00285
TXN0010819,normal,,ACC00481,ACC00285
TXN0010820,normal,,ACC00286,ACC00283
TXN0010821,normal,,ACC00231,ACC00286
TXN0010822,normal,,ACC00286,ACC00231
TXN0010823,normal,,ACC00286,ACC00283
TXN0010824,normal,,ACC00231,ACC00286
TXN0010825,normal,,ACC00244,ACC00286
TXN0010826,normal,,ACC00335,ACC00286
TXN0010827,normal,,ACC00220,ACC00286
TXN0010828,normal,,ACC00191,ACC00286
TXN0010829,normal,,ACC00191,ACC00286
TXN0010830,normal,,ACC00122,ACC00286
TXN0010831,normal,,ACC00286,ACC00052
TXN0010832,normal,,ACC00286,ACC00180
TXN0010833,normal,,ACC00280,ACC00286
TXN0010834,normal,,ACC00191,ACC00286
TXN0010835,normal,,ACC00295,ACC00286
TXN0010836,normal,,ACC00244,ACC00286
TXN0010837,normal,,ACC00286,ACC00231
TXN0010838,normal,,ACC00286,ACC00280
TXN0010839,normal,,ACC00038,ACC00286
TXN0010840,normal,,ACC00052,ACC00286
TXN0010841,normal,,ACC00244,ACC00286
TXN0010842,normal,,ACC00283,ACC00286
TXN0010843,normal,,ACC00286,ACC00485
TXN0010844,normal,,ACC00286,ACC00140
TXN0010845,normal,,ACC00286,ACC00283
TXN0010846,normal,,ACC00286,ACC00381
TXN0010847,normal,,ACC00286,ACC00244
TXN0010848,normal,,ACC00286,ACC00283
TXN0010849,normal,,ACC00191,ACC00286
TXN0010850,normal,,ACC00286,ACC00052
TXN0010851,normal,,ACC00283,ACC00286
TXN0010852,normal,,ACC00100,ACC00286
TXN0010853,normal,,ACC00038,ACC00286
TXN0010854,normal,,ACC00191,ACC00286
TXN0010855,normal,,ACC00286,ACC00280
TXN0010856,normal,,ACC00286,ACC00244
TXN0010857,normal,,ACC00280,ACC00286
TXN0010858,normal,,ACC00191,ACC00286
TXN0010859,normal,,ACC00052,ACC00286
TXN0010860,normal,,ACC00038,ACC00286
TXN0010861,normal,,ACC00286,ACC00089
TXN0010862,normal,,ACC00180,ACC00286
TXN0010863,normal,,ACC00231,ACC00286
TXN0010864,normal,,ACC00286,ACC00283
TXN0010865,normal,,ACC00244,ACC00286
TXN0010866,normal,,ACC00052,ACC00286
TXN0010867,normal,,ACC00286,ACC00287
TXN0010868,normal,,ACC00037,ACC00287
TXN0010869,normal,,ACC00287,ACC00326
TXN0010870,normal,,ACC00056,ACC00287
TXN0010871,normal,,ACC00287,ACC00429
TXN0010872,normal,,ACC00287,ACC00286
TXN0010873,normal,,ACC00177,ACC00287
TXN0010874,normal,,ACC00286,ACC00287
TXN0010875,normal,,ACC00178,ACC00287
TXN0010876,normal,,ACC00287,ACC00450
TXN0010877,normal,,ACC00475,ACC00287
TXN0010878,normal,,ACC00287,ACC00056
TXN0010879,normal,,ACC00287,ACC00005
TXN0010880,normal,,ACC00287,ACC00260
TXN0010881,normal,,ACC00287,ACC00178
TXN0010882,normal,,ACC00287,ACC00326
TXN0010883,normal,,ACC00287,ACC00056
TXN0010884,normal,,ACC00286,ACC00287
TXN0010885,normal,,ACC00287,ACC00209
TXN0010886,normal,,ACC00287,ACC00286
TXN0010887,normal,,ACC00287,ACC00056
TXN0010888,normal,,ACC00287,ACC00475
TXN0010889,normal,,ACC00056,ACC00287
TXN0010890,normal,,ACC00057,ACC00287
TXN0010891,normal,,ACC00287,ACC00450
TXN0010892,normal,,ACC00287,ACC00326
TXN0010893,normal,,ACC00056,ACC00287
TXN0010894,normal,,ACC00287,ACC00286
TXN0010895,normal,,ACC00287,ACC00056
TXN0010896,normal,,ACC00287,ACC00286
TXN0010897,normal,,ACC00286,ACC00287
TXN0010898,normal,,ACC00005,ACC00287
TXN0010899,normal,,ACC00326,ACC00287
TXN0010900,normal,,ACC00287,ACC00455
TXN0010901,normal,,ACC00287,ACC00286
TXN0010902,normal,,ACC00286,ACC00287
TXN0010903,normal,,ACC00287,ACC00475
TXN0010904,normal,,ACC00326,ACC00287
TXN0010905,normal,,ACC00148,ACC00287
TXN0010906,normal,,ACC00287,ACC00286
TXN0010907,normal,,ACC00287,ACC00170
TXN0010908,normal,,ACC00287,ACC00188
TXN0010909,normal,,ACC00057,ACC00287
TXN0010910,normal,,ACC00057,ACC00287
TXN0010911,normal,,ACC00287,ACC00056
TXN0010912,normal,,ACC00057,ACC00287
TXN0010913,normal,,ACC00287,ACC00057
TXN0010914,normal,,ACC00475,ACC00287
TXN0010915,normal,,ACC00241,ACC00287
TXN0010916,normal,,ACC00287,ACC00056
TXN0010917,normal,,ACC00287,ACC00057
TXN0010918,normal,,ACC00287,ACC00286
TXN0010919,normal,,ACC00005,ACC00287
TXN0010920,normal,,ACC00287,ACC00178
TXN0010921,normal,,ACC00450,ACC00287
TXN0010922,normal,,ACC00060,ACC00288
TXN0010923,normal,,ACC00288,ACC00271
TXN0010924,normal,,ACC00288,ACC00035
TXN0010925,normal,,ACC00288,ACC00271
TXN0010926,normal,,ACC00288,ACC00446
TXN0010927,normal,,ACC00288,ACC00060
TXN0010928,normal,,ACC00446,ACC00288
TXN0010929,normal,,ACC00396,ACC00288
TXN0010930,normal,,ACC00288,ACC00446
TXN0010931,normal,,ACC00288,ACC00455
TXN0010932,normal,,ACC00288,ACC00446
TXN0010933,normal,,ACC00396,ACC00288
TXN0010934,normal,,ACC00455,ACC00288
TXN0010935,normal,,ACC00455,ACC00288
TXN0010936,normal,,ACC00288,ACC00268
TXN0010937,normal,,ACC00288,ACC00035
TXN0010938,normal,,ACC00288,ACC00060
TXN0010939,normal,,ACC00288,ACC00396
TXN0010940,normal,,ACC00288,ACC00271
TXN0010941,normal,,ACC00288,ACC00330
TXN0010942,normal,,ACC00288,ACC00271
TXN0010943,normal,,ACC00396,ACC00288
TXN0010944,normal,,ACC00446,ACC00288
TXN0010945,normal,,ACC00455,ACC00288
TXN0010946,normal,,ACC00260,ACC00288
TXN0010947,normal,,ACC00288,ACC00396
TXN0010948,normal,,ACC00396,ACC00288
TXN0010949,normal,,ACC00288,ACC00396
TXN0010950,normal,,ACC00060,ACC00288
TXN0010951,normal,,ACC00470,ACC00288
TXN0010952,normal,,ACC00288,ACC00268
TXN0010953,normal,,ACC00288,ACC00446
TXN0010954,normal,,ACC00035,ACC00288
TXN0010955,normal,,ACC00238,ACC00288
TXN0010956,normal,,ACC00396,ACC00288
TXN0010957,normal,,ACC00288,ACC00060
TXN0010958,normal,,ACC00288,ACC00060
TXN0010959,normal,,ACC00101,ACC00288
TXN0010960,normal,,ACC00288,ACC00455
TXN0010961,normal,,ACC00271,ACC00288
TXN0010962,normal,,ACC00288,ACC00431
TXN0010963,normal,,ACC00288,ACC00246
TXN0010964,normal,,ACC00060,ACC00288
TXN0010965,normal,,ACC00288,ACC00271
TXN0010966,normal,,ACC00288,ACC00455
TXN0010967,normal,,ACC00470,ACC00288
TXN0010968,normal,,ACC00288,ACC00060
TXN0010969,normal,,ACC00288,ACC00396
TXN0010970,normal,,ACC00277,ACC00288
TXN0010971,normal,,ACC00470,ACC00288
TXN0010972,normal,,ACC00288,ACC00271
TXN0010973,normal,,ACC00271,ACC00288
TXN0010974,normal,,ACC00474,ACC00288
TXN0010975,normal,,ACC00271,ACC00288
TXN0010976,normal,,ACC00446,ACC00288
TXN0010977,normal,,ACC00035,ACC00288
TXN0010978,normal,,ACC00288,ACC00060
TXN0010979,normal,,ACC00271,ACC00288
TXN0010980,normal,,ACC00373,ACC00289
TXN0010981,normal,,ACC00289,ACC00401
TXN0010982,normal,,ACC00476,ACC00289
TXN0010983,normal,,ACC00289,ACC00476
TXN0010984,normal,,ACC00289,ACC00174
TXN0010985,normal,,ACC00398,ACC00289
TXN0010986,normal,,ACC00289,ACC00340
TXN0010987,normal,,ACC00289,ACC00306
TXN0010988,normal,,ACC00289,ACC00448
TXN0010989,normal,,ACC00289,ACC00476
TXN0010990,normal,,ACC00029,ACC00289
TXN0010991,normal,,ACC00029,ACC00289
TXN0010992,normal,,ACC00109,ACC00289
TXN0010993,normal,,ACC00340,ACC00289
TXN0010994,normal,,ACC00289,ACC00340
TXN0010995,normal,,ACC00289,ACC00353
TXN0010996,normal,,ACC00065,ACC00289
TXN0010997,normal,,ACC00420,ACC00289
TXN0010998,normal,,ACC00448,ACC00289
TXN0010999,normal,,ACC00029,ACC00289
TXN0011000,normal,,ACC00289,ACC00329
TXN0011001,normal,,ACC00042,ACC00289
TXN0011002,normal,,ACC00289,ACC00065
TXN0011003,normal,,ACC00289,ACC00172
TXN0011004,normal,,ACC00289,ACC00065
TXN0011005,normal,,ACC00289,ACC00353
TXN0011006,normal,,ACC00289,ACC00358
TXN0011007,normal,,ACC00235,ACC00290
TXN0011008,normal,,ACC00290,ACC00421
TXN0011009,normal,,ACC00400,ACC00290
TXN0011010,normal,,ACC00496,ACC00290
TXN0011011,normal,,ACC00117,ACC00290
TXN0011012,normal,,ACC00290,ACC00467
TXN0011013,normal,,ACC00400,ACC00290
TXN0011014,normal,,ACC00400,ACC00290
TXN0011015,normal,,ACC00066,ACC00290
TXN0011016,normal,,ACC00066,ACC00290
TXN0011017,normal,,ACC00467,ACC00290
TXN0011018,normal,,ACC00073,ACC00290
TXN0011019,normal,,ACC00290,ACC00068
TXN0011020,normal,,ACC00235,ACC00290
TXN0011021,normal,,ACC00496,ACC00290
TXN0011022,normal,,ACC00290,ACC00496
TXN0011023,normal,,ACC00290,ACC00249
TXN0011024,normal,,ACC00290,ACC00235
TXN0011025,normal,,ACC00290,ACC00454
TXN0011026,normal,,ACC00496,ACC00290
TXN0011027,normal,,ACC00006,ACC00290
TXN0011028,normal,,ACC00290,ACC00191
TXN0011029,normal,,ACC00290,ACC00421
TXN0011030,normal,,ACC00290,ACC00235
TXN0011031,normal,,ACC00290,ACC00283
TXN0011032,normal,,ACC00235,ACC00290
TXN0011033,normal,,ACC00290,ACC00117
TXN0011034,normal,,ACC00143,ACC00291
TXN0011035,normal,,ACC00094,ACC00291
TXN0011036,normal,,ACC00094,ACC00291
TXN0011037,normal,,ACC00291,ACC00444
TXN0011038,normal,,ACC00291,ACC00094
TXN0011039,normal,,ACC00215,ACC00291
TXN0011040,normal,,ACC00094,ACC00291
TXN0011041,normal,,ACC00291,ACC00094
TXN0011042,normal,,ACC00291,ACC00025
TXN0011043,normal,,ACC00291,ACC00387
TXN0011044,normal,,ACC00153,ACC00291
TXN0011045,normal,,ACC00291,ACC00432
TXN0011046,normal,,ACC00291,ACC00143
TXN0011047,normal,,ACC00153,ACC00291
TXN0011048,normal,,ACC00291,ACC00211
TXN0011049,normal,,ACC00291,ACC00143
TXN0011050,normal,,ACC00291,ACC00279
TXN0011051,normal,,ACC00153,ACC00291
TXN0011052,normal,,ACC00291,ACC00279
TXN0011053,normal,,ACC00129,ACC00291
TXN0011054,normal,,ACC00316,ACC00291
TXN0011055,normal,,ACC00291,ACC00316
TXN0011056,normal,,ACC00153,ACC00291
TXN0011057,normal,,ACC00291,ACC00368
TXN0011058,normal,,ACC00291,ACC00322
TXN0011059,normal,,ACC00291,ACC00211
TXN0011060,normal,,ACC00291,ACC00486
TXN0011061,normal,,ACC00291,ACC00279
TXN0011062,normal,,ACC00153,ACC00291
TXN0011063,normal,,ACC00291,ACC00279
TXN0011064,normal,,ACC00291,ACC00094
TXN0011065,normal,,ACC00279,ACC00291
TXN0011066,normal,,ACC00387,ACC00291
TXN0011067,normal,,ACC00387,ACC00291
TXN0011068,normal,,ACC00291,ACC00279
TXN0011069,normal,,ACC00094,ACC00291
TXN0011070,normal,,ACC00291,ACC00316
TXN0011071,normal,,ACC00143,ACC00291
TXN0011072,normal,,ACC00153,ACC00291
TXN0011073,normal,,ACC00291,ACC00387
TXN0011074,normal,,ACC00279,ACC00291
TXN0011075,normal,,ACC00291,ACC00211
TXN0011076,normal,,ACC00291,ACC00387
TXN0011077,normal,,ACC00143,ACC00291
TXN0011078,normal,,ACC00143,ACC00291
TXN0011079,normal,,ACC00291,ACC00143
TXN0011080,normal,,ACC00327,ACC00291
TXN0011081,normal,,ACC00291,ACC00315
TXN0011082,normal,,ACC00153,ACC00291
TXN0011083,normal,,ACC00291,ACC00211
TXN0011084,normal,,ACC00291,ACC00015
TXN0011085,normal,,ACC00291,ACC00051
TXN0011086,normal,,ACC00316,ACC00291
TXN0011087,normal,,ACC00136,ACC00291
TXN0011088,normal,,ACC00291,ACC00094
TXN0011089,normal,,ACC00291,ACC00368
TXN0011090,normal,,ACC00291,ACC00153
TXN0011091,normal,,ACC00094,ACC00291
TXN0011092,normal,,ACC00291,ACC00094
TXN0011093,normal,,ACC00292,ACC00036
TXN0011094,normal,,ACC00292,ACC00204
TXN0011095,normal,,ACC00292,ACC00341
TXN0011096,normal,,ACC00043,ACC00292
TXN0011097,normal,,ACC00036,ACC00292
TXN0011098,normal,,ACC00015,ACC00292
TXN0011099,normal,,ACC00292,ACC00175
TXN0011100,normal,,ACC00341,ACC00292
TXN0011101,normal,,ACC00231,ACC00292
TXN0011102,normal,,ACC00292,ACC00175
TXN0011103,normal,,ACC00204,ACC00292
TXN0011104,normal,,ACC00207,ACC00292
TXN0011105,normal,,ACC00292,ACC00207
TXN0011106,normal,,ACC00292,ACC00036
TXN0011107,normal,,ACC00204,ACC00292
TXN0011108,normal,,ACC00292,ACC00341
TXN0011109,normal,,ACC00292,ACC00207
TXN0011110,normal,,ACC00292,ACC00041
TXN0011111,normal,,ACC00299,ACC00292
TXN0011112,normal,,ACC00292,ACC00207
TXN0011113,normal,,ACC00292,ACC00341
TXN0011114,normal,,ACC00292,ACC00159
TXN0011115,normal,,ACC00015,ACC00292
TXN0011116,normal,,ACC00073,ACC00292
TXN0011117,normal,,ACC00292,ACC00341
TXN0011118,normal,,ACC00292,ACC00073
TXN0011119,normal,,ACC00341,ACC00292
TXN0011120,normal,,ACC00292,ACC00073
TXN0011121,normal,,ACC00292,ACC00207
TXN0011122,normal,,ACC00292,ACC00015
TXN0011123,normal,,ACC00036,ACC00292
TXN0011124,normal,,ACC00043,ACC00292
TXN0011125,normal,,ACC00204,ACC00292
TXN0011126,normal,,ACC00292,ACC00043
TXN0011127,normal,,ACC00292,ACC00341
TXN0011128,normal,,ACC00292,ACC00204
TXN0011129,normal,,ACC00292,ACC00341
TXN0011130,normal,,ACC00292,ACC00015
TXN0011131,normal,,ACC00292,ACC00204
TXN0011132,normal,,ACC00292,ACC00036
TXN0011133,normal,,ACC00015,ACC00292
TXN0011134,normal,,ACC00446,ACC00293
TXN0011135,normal,,ACC00293,ACC00297
TXN0011136,normal,,ACC00293,ACC00060
TXN0011137,normal,,ACC00293,ACC00093
TXN0011138,normal,,ACC00435,ACC00293
TXN0011139,normal,,ACC00293,ACC00291
TXN0011140,normal,,ACC00293,ACC00313
TXN0011141,normal,,ACC00293,ACC00190
TXN0011142,normal,,ACC00293,ACC00093
TXN0011143,normal,,ACC00260,ACC00293
TXN0011144,normal,,ACC00293,ACC00446
TXN0011145,normal,,ACC00293,ACC00060
TXN0011146,normal,,ACC00293,ACC00446
TXN0011147,normal,,ACC00260,ACC00293
TXN0011148,normal,,ACC00293,ACC00222
TXN0011149,normal,,ACC00093,ACC00293
TXN0011150,normal,,ACC00293,ACC00044
TXN0011151,normal,,ACC00297,ACC00293
TXN0011152,normal,,ACC00477,ACC00293
TXN0011153,normal,,ACC00293,ACC00297
TXN0011154,normal,,ACC00280,ACC00293
TXN0011155,normal,,ACC00190,ACC00293
TXN0011156,normal,,ACC00293,ACC00477
TXN0011157,normal,,ACC00446,ACC00293
TXN0011158,normal,,ACC00293,ACC00365
TXN0011159,normal,,ACC00293,ACC00190
TXN0011160,normal,,ACC00297,ACC00293
TXN0011161,normal,,ACC00093,ACC00293
TXN0011162,normal,,ACC00446,ACC00293
TXN0011163,normal,,ACC00313,ACC00293
TXN0011164,normal,,ACC00477,ACC00293
TXN0011165,normal,,ACC00091,ACC00293
TXN0011166,normal,,ACC00293,ACC00291
TXN0011167,normal,,ACC00293,ACC00297
TXN0011168,normal,,ACC00291,ACC00293
TXN0011169,normal,,ACC00293,ACC00419
TXN0011170,normal,,ACC00260,ACC00293
TXN0011171,normal,,ACC00293,ACC00260
TXN0011172,normal,,ACC00293,ACC00371
TXN0011173,normal,,ACC00293,ACC00477
TXN0011174,normal,,ACC00260,ACC00293
TXN0011175,normal,,ACC00297,ACC00293
TXN0011176,normal,,ACC00293,ACC00297
TXN0011177,normal,,ACC00134,ACC00293
TXN0011178,normal,,ACC00293,ACC00190
TXN0011179,normal,,ACC00291,ACC00293
TXN0011180,normal,,ACC00260,ACC00293
TXN0011181,normal,,ACC00190,ACC00293
TXN0011182,normal,,ACC00293,ACC00477
TXN0011183,normal,,ACC00293,ACC00291
TXN0011184,normal,,ACC00293,ACC00477
TXN0011185,normal,,ACC00293,ACC00090
TXN0011186,normal,,ACC00446,ACC00293
TXN0011187,normal,,ACC00293,ACC00291
TXN0011188,normal,,ACC00477,ACC00293
TXN0011189,normal,,ACC00293,ACC00477
TXN0011190,normal,,ACC00196,ACC00294
TXN0011191,normal,,ACC00294,ACC00062
TXN0011192,normal,,ACC00192,ACC00294
TXN0011193,normal,,ACC00093,ACC00294
TXN0011194,normal,,ACC00148,ACC00294
TXN0011195,normal,,ACC00198,ACC00294
TXN0011196,normal,,ACC00294,ACC00315
TXN0011197,normal,,ACC00374,ACC00294
TXN0011198,normal,,ACC00241,ACC00294
TXN0011199,normal,,ACC00294,ACC00374
TXN0011200,normal,,ACC00294,ACC00374
TXN0011201,normal,,ACC00294,ACC00148
TXN0011202,normal,,ACC00294,ACC00093
TXN0011203,normal,,ACC00294,ACC00398
TXN0011204,normal,,ACC00374,ACC00294
TXN0011205,normal,,ACC00234,ACC00294
TXN0011206,normal,,ACC00294,ACC00374
TXN0011207,normal,,ACC00294,ACC00196
TXN0011208,normal,,ACC00196,ACC00294
TXN0011209,normal,,ACC00294,ACC00315
TXN0011210,normal,,ACC00294,ACC00315
TXN0011211,normal,,ACC00294,ACC00148
TXN0011212,normal,,ACC00294,ACC00071
TXN0011213,normal,,ACC00294,ACC00288
TXN0011214,normal,,ACC00294,ACC00492
TXN0011215,normal,,ACC00374,ACC00294
TXN0011216,normal,,ACC00294,ACC00319
TXN0011217,normal,,ACC00196,ACC00294
TXN0011218,normal,,ACC00294,ACC00005
TXN0011219,normal,,ACC00294,ACC00196
TXN0011220,normal,,ACC00294,ACC00450
TXN0011221,normal,,ACC00294,ACC00241
TXN0011222,normal,,ACC00315,ACC00294
TXN0011223,normal,,ACC00315,ACC00294
TXN0011224,normal,,ACC00374,ACC00294
TXN0011225,normal,,ACC00196,ACC00294
TXN0011226,normal,,ACC00374,ACC00294
TXN0011227,normal,,ACC00148,ACC00294
TXN0011228,normal,,ACC00250,ACC00295
TXN0011229,normal,,ACC00295,ACC00246
TXN0011230,normal,,ACC00295,ACC00083
TXN0011231,normal,,ACC00295,ACC00366
TXN0011232,normal,,ACC00295,ACC00246
TXN0011233,normal,,ACC00366,ACC00295
TXN0011234,normal,,ACC00295,ACC00468
TXN0011235,normal,,ACC00162,ACC00295
TXN0011236,normal,,ACC00295,ACC00078
TXN0011237,normal,,ACC00366,ACC00295
TXN0011238,normal,,ACC00295,ACC00162
TXN0011239,normal,,ACC00004,ACC00295
TXN0011240,normal,,ACC00295,ACC00366
TXN0011241,normal,,ACC00194,ACC00295
TXN0011242,normal,,ACC00351,ACC00295
TXN0011243,normal,,ACC00295,ACC00366
TXN0011244,normal,,ACC00246,ACC00295
TXN0011245,normal,,ACC00339,ACC00295
TXN0011246,normal,,ACC00193,ACC00295
TXN0011247,normal,,ACC00306,ACC00295
TXN0011248,normal,,ACC00366,ACC00295
TXN0011249,normal,,ACC00295,ACC00078
TXN0011250,normal,,ACC00295,ACC00366
TXN0011251,normal,,ACC00468,ACC00295
TXN0011252,normal,,ACC00468,ACC00295
TXN0011253,normal,,ACC00194,ACC00295
TXN0011254,normal,,ACC00295,ACC00339
TXN0011255,normal,,ACC00295,ACC00294
TXN0011256,normal,,ACC00295,ACC00162
TXN0011257,normal,,ACC00295,ACC00394
TXN0011258,normal,,ACC00078,ACC00295
TXN0011259,normal,,ACC00246,ACC00295
TXN0011260,normal,,ACC00295,ACC00217
TXN0011261,normal,,ACC00295,ACC00246
TXN0011262,normal,,ACC00405,ACC00295
TXN0011263,normal,,ACC00366,ACC00295
TXN0011264,normal,,ACC00334,ACC00295
TXN0011265,normal,,ACC00246,ACC00295
TXN0011266,normal,,ACC00250,ACC00295
TXN0011267,normal,,ACC00295,ACC00468
TXN0011268,normal,,ACC00295,ACC00468
TXN0011269,normal,,ACC00468,ACC00295
TXN0011270,normal,,ACC00295,ACC00078
TXN0011271,normal,,ACC00366,ACC00295
TXN0011272,normal,,ACC00295,ACC00250
TXN0011273,normal,,ACC00295,ACC00246
TXN0011274,normal,,ACC00246,ACC00295
TXN0011275,normal,,ACC00295,ACC00194
TXN0011276,normal,,ACC00296,ACC00024
TXN0011277,normal,,ACC00062,ACC00296
TXN0011278,normal,,ACC00207,ACC00296
TXN0011279,normal,,ACC00296,ACC00443
TXN0011280,normal,,ACC00085,ACC00296
TXN0011281,normal,,ACC00092,ACC00296
TXN0011282,normal,,ACC00085,ACC00296
TXN0011283,normal,,ACC00296,ACC00092
TXN0011284,normal,,ACC00011,ACC00296
TXN0011285,normal,,ACC00213,ACC00296
TXN0011286,normal,,ACC00207,ACC00296
TXN0011287,normal,,ACC00296,ACC00427
TXN0011288,normal,,ACC00296,ACC00445
TXN0011289,normal,,ACC00296,ACC00443
TXN0011290,normal,,ACC00358,ACC00296
TXN0011291,normal,,ACC00296,ACC00207
TXN0011292,normal,,ACC00296,ACC00092
TXN0011293,normal,,ACC00178,ACC00296
TXN0011294,normal,,ACC00296,ACC00178
TXN0011295,normal,,ACC00218,ACC00296
TXN0011296,normal,,ACC00085,ACC00296
TXN0011297,normal,,ACC00092,ACC00296
TXN0011298,normal,,ACC00296,ACC00358
TXN0011299,normal,,ACC00062,ACC00296
TXN0011300,normal,,ACC00296,ACC00443
TXN0011301,normal,,ACC00296,ACC00358
TXN0011302,normal,,ACC00296,ACC00207
TXN0011303,normal,,ACC00296,ACC00207
TXN0011304,normal,,ACC00296,ACC00092
TXN0011305,normal,,ACC00213,ACC00296
TXN0011306,normal,,ACC00062,ACC00296
TXN0011307,normal,,ACC00015,ACC00296
TXN0011308,normal,,ACC00062,ACC00296
TXN0011309,normal,,ACC00297,ACC00423
TXN0011310,normal,,ACC00297,ACC00393
TXN0011311,normal,,ACC00050,ACC00297
TXN0011312,normal,,ACC00050,ACC00297
TXN0011313,normal,,ACC00393,ACC00297
TXN0011314,normal,,ACC00069,ACC00297
TXN0011315,normal,,ACC00297,ACC00069
TXN0011316,normal,,ACC00297,ACC00050
TXN0011317,normal,,ACC00408,ACC00297
TXN0011318,normal,,ACC00297,ACC00393
TXN0011319,normal,,ACC00297,ACC00021
TXN0011320,normal,,ACC00333,ACC00297
TXN0011321,normal,,ACC00297,ACC00050
TXN0011322,normal,,ACC00297,ACC00175
TXN0011323,normal,,ACC00297,ACC00374
TXN0011324,normal,,ACC00423,ACC00297
TXN0011325,normal,,ACC00357,ACC00297
TXN0011326,normal,,ACC00221,ACC00297
TXN0011327,normal,,ACC00297,ACC00014
TXN0011328,normal,,ACC00297,ACC00175
TXN0011329,normal,,ACC00297,ACC00286
TXN0011330,normal,,ACC00374,ACC00297
TXN0011331,normal,,ACC00069,ACC00297
TXN0011332,normal,,ACC00297,ACC00050
TXN0011333,normal,,ACC00297,ACC00050
TXN0011334,normal,,ACC00297,ACC00404
TXN0011335,normal,,ACC00069,ACC00297
TXN0011336,normal,,ACC00297,ACC00050
TXN0011337,normal,,ACC00297,ACC00175
TXN0011338,normal,,ACC00377,ACC00297
TXN0011339,normal,,ACC00297,ACC00357
TXN0011340,normal,,ACC00194,ACC00297
TXN0011341,normal,,ACC00297,ACC00050
TXN0011342,normal,,ACC00297,ACC00377
TXN0011343,normal,,ACC00297,ACC00374
TXN0011344,normal,,ACC00297,ACC00154
TXN0011345,normal,,ACC00297,ACC00160
TXN0011346,normal,,ACC00297,ACC00357
TXN0011347,normal,,ACC00297,ACC00175
TXN0011348,normal,,ACC00069,ACC00297
TXN0011349,normal,,ACC00084,ACC00298
TXN0011350,normal,,ACC00298,ACC00166
TXN0011351,normal,,ACC00345,ACC00298
TXN0011352,normal,,ACC00298,ACC00358
TXN0011353,normal,,ACC00151,ACC00298
TXN0011354,normal,,ACC00298,ACC00084
TXN0011355,normal,,ACC00347,ACC00298
TXN0011356,normal,,ACC00298,ACC00145
TXN0011357,normal,,ACC00151,ACC00298
TXN0011358,normal,,ACC00298,ACC00198
TXN0011359,normal,,ACC00347,ACC00298
TXN0011360,normal,,ACC00452,ACC00298
TXN0011361,normal,,ACC00198,ACC00298
TXN0011362,normal,,ACC00298,ACC00151
TXN0011363,normal,,ACC00347,ACC00298
TXN0011364,normal,,ACC00298,ACC00345
TXN0011365,normal,,ACC00298,ACC00345
TXN0011366,normal,,ACC00298,ACC00041
TXN0011367,normal,,ACC00180,ACC00298
TXN0011368,normal,,ACC00298,ACC00041
TXN0011369,normal,,ACC00298,ACC00347
TXN0011370,normal,,ACC00298,ACC00266
TXN0011371,normal,,ACC00298,ACC00345
TXN0011372,normal,,ACC00075,ACC00298
TXN0011373,normal,,ACC00298,ACC00198
TXN0011374,normal,,ACC00266,ACC00298
TXN0011375,normal,,ACC00345,ACC00298
TXN0011376,normal,,ACC00298,ACC00151
TXN0011377,normal,,ACC00055,ACC00298
TXN0011378,normal,,ACC00146,ACC00298
TXN0011379,normal,,ACC00298,ACC00084
TXN0011380,normal,,ACC00298,ACC00041
TXN0011381,normal,,ACC00299,ACC00040
TXN0011382,normal,,ACC00299,ACC00194
TXN0011383,normal,,ACC00299,ACC00195
TXN0011384,normal,,ACC00299,ACC00210
TXN0011385,normal,,ACC00299,ACC00074
TXN0011386,normal,,ACC00299,ACC00030
TXN0011387,normal,,ACC00299,ACC00278
TXN0011388,normal,,ACC00266,ACC00299
TXN0011389,normal,,ACC00299,ACC00479
TXN0011390,normal,,ACC00299,ACC00170
TXN0011391,normal,,ACC00299,ACC00030
TXN0011392,normal,,ACC00299,ACC00210
TXN0011393,normal,,ACC00299,ACC00479
TXN0011394,normal,,ACC00195,ACC00299
TXN0011395,normal,,ACC00299,ACC00266
TXN0011396,normal,,ACC00266,ACC00299
TXN0011397,normal,,ACC00299,ACC00348
TXN0011398,normal,,ACC00170,ACC00299
TXN0011399,normal,,ACC00300,ACC00296
TXN0011400,normal,,ACC00300,ACC00046
TXN0011401,normal,,ACC00300,ACC00227
TXN0011402,normal,,ACC00104,ACC00300
TXN0011403,normal,,ACC00300,ACC00482
TXN0011404,normal,,ACC00300,ACC00063
TXN0011405,normal,,ACC00295,ACC00300
TXN0011406,normal,,ACC00300,ACC00063
TXN0011407,normal,,ACC00104,ACC00300
TXN0011408,normal,,ACC00300,ACC00385
TXN0011409,normal,,ACC00300,ACC00482
TXN0011410,normal,,ACC00365,ACC00300
TXN0011411,normal,,ACC00118,ACC00300
TXN0011412,normal,,ACC00300,ACC00365
TXN0011413,normal,,ACC00390,ACC00300
TXN0011414,normal,,ACC00295,ACC00300
TXN0011415,normal,,ACC00300,ACC00227
TXN0011416,normal,,ACC00069,ACC00301
TXN0011417,normal,,ACC00128,ACC00301
TXN0011418,normal,,ACC00301,ACC00454
TXN0011419,normal,,ACC00301,ACC00069
TXN0011420,normal,,ACC00444,ACC00301
TXN0011421,normal,,ACC00494,ACC00301
TXN0011422,normal,,ACC00034,ACC00301
TXN0011423,normal,,ACC00059,ACC00301
TXN0011424,normal,,ACC00301,ACC00069
TXN0011425,normal,,ACC00301,ACC00059
TXN0011426,normal,,ACC00059,ACC00301
TXN0011427,normal,,ACC00301,ACC00059
TXN0011428,normal,,ACC00301,ACC00383
TXN0011429,normal,,ACC00431,ACC00301
TXN0011430,normal,,ACC00407,ACC00301
TXN0011431,normal,,ACC00301,ACC00128
TXN0011432,normal,,ACC00301,ACC00431
TXN0011433,normal,,ACC00061,ACC00301
TXN0011434,normal,,ACC00301,ACC00128
TXN0011435,normal,,ACC00301,ACC00347
TXN0011436,normal,,ACC00301,ACC00494
TXN0011437,normal,,ACC00494,ACC00301
TXN0011438,normal,,ACC00407,ACC00301
TXN0011439,normal,,ACC00301,ACC00407
TXN0011440,normal,,ACC00128,ACC00301
TXN0011441,normal,,ACC00494,ACC00301
TXN0011442,normal,,ACC00301,ACC00080
TXN0011443,normal,,ACC00210,ACC00302
TXN0011444,normal,,ACC00302,ACC00322
TXN0011445,normal,,ACC00034,ACC00302
TXN0011446,normal,,ACC00302,ACC00085
TXN0011447,normal,,ACC00028,ACC00302
TXN0011448,normal,,ACC00302,ACC00120
TXN0011449,normal,,ACC00150,ACC00302
TXN0011450,normal,,ACC00028,ACC00302
TXN0011451,normal,,ACC00034,ACC00302
TXN0011452,normal,,ACC00302,ACC00255
TXN0011453,normal,,ACC00302,ACC00440
TXN0011454,normal,,ACC00259,ACC00302
TXN0011455,normal,,ACC00034,ACC00302
TXN0011456,normal,,ACC00387,ACC00302
TXN0011457,normal,,ACC00302,ACC00120
TXN0011458,normal,,ACC00387,ACC00302
TXN0011459,normal,,ACC00302,ACC00259
TXN0011460,normal,,ACC00302,ACC00255
TXN0011461,normal,,ACC00384,ACC00302
TXN0011462,normal,,ACC00302,ACC00096
TXN0011463,normal,,ACC00259,ACC00302
TXN0011464,normal,,ACC00387,ACC00302
TXN0011465,normal,,ACC00302,ACC00259
TXN0011466,normal,,ACC00440,ACC00302
TXN0011467,normal,,ACC00440,ACC00302
TXN0011468,normal,,ACC00302,ACC00120
TXN0011469,normal,,ACC00302,ACC00255
TXN0011470,normal,,ACC00255,ACC00302
TXN0011471,normal,,ACC00303,ACC00259
TXN0011472,normal,,ACC00303,ACC00069
TXN0011473,normal,,ACC00287,ACC00303
TXN0011474,normal,,ACC00069,ACC00303
TXN0011475,normal,,ACC00303,ACC00136
TXN0011476,normal,,ACC00303,ACC00442
TXN0011477,normal,,ACC00303,ACC00069
TXN0011478,normal,,ACC00296,ACC00303
TXN0011479,normal,,ACC00303,ACC00128
TXN0011480,normal,,ACC00303,ACC00001
TXN0011481,normal,,ACC00303,ACC00136
TXN0011482,normal,,ACC00303,ACC00442
TXN0011483,normal,,ACC00303,ACC00442
TXN0011484,normal,,ACC00303,ACC00442
TXN0011485,normal,,ACC00303,ACC00318
TXN0011486,normal,,ACC00318,ACC00303
TXN0011487,normal,,ACC00303,ACC00178
TXN0011488,normal,,ACC00303,ACC00069
TXN0011489,normal,,ACC00123,ACC00303
TXN0011490,normal,,ACC00303,ACC00001
TXN0011491,normal,,ACC00442,ACC00303
TXN0011492,normal,,ACC00303,ACC00296
TXN0011493,normal,,ACC00136,ACC00303
TXN0011494,normal,,ACC00303,ACC00318
TXN0011495,normal,,ACC00069,ACC00303
TXN0011496,normal,,ACC00001,ACC00303
TXN0011497,normal,,ACC00389,ACC00303
TXN0011498,normal,,ACC00128,ACC00303
TXN0011499,normal,,ACC00128,ACC00303
TXN0011500,normal,,ACC00069,ACC00303
TXN0011501,normal,,ACC00303,ACC00128
TXN0011502,normal,,ACC00069,ACC00303
TXN0011503,normal,,ACC00069,ACC00303
TXN0011504,normal,,ACC00296,ACC00303
TXN0011505,normal,,ACC00303,ACC00001
TXN0011506,normal,,ACC00303,ACC00293
TXN0011507,normal,,ACC00303,ACC00190
TXN0011508,normal,,ACC00304,ACC00373
TXN0011509,normal,,ACC00414,ACC00304
TXN0011510,normal,,ACC00298,ACC00304
TXN0011511,normal,,ACC00304,ACC00460
TXN0011512,normal,,ACC00304,ACC00228
TXN0011513,normal,,ACC00460,ACC00304
TXN0011514,normal,,ACC00304,ACC00264
TXN0011515,normal,,ACC00304,ACC00228
TXN0011516,normal,,ACC00304,ACC00029
TXN0011517,normal,,ACC00304,ACC00414
TXN0011518,normal,,ACC00373,ACC00304
TXN0011519,normal,,ACC00228,ACC00304
TXN0011520,normal,,ACC00304,ACC00373
TXN0011521,normal,,ACC00304,ACC00373
TXN0011522,normal,,ACC00304,ACC00460
TXN0011523,normal,,ACC00253,ACC00304
TXN0011524,normal,,ACC00029,ACC00304
TXN0011525,normal,,ACC00304,ACC00029
TXN0011526,normal,,ACC00304,ACC00253
TXN0011527,normal,,ACC00390,ACC00304
TXN0011528,normal,,ACC00460,ACC00304
TXN0011529,normal,,ACC00253,ACC00304
TXN0011530,normal,,ACC00304,ACC00029
TXN0011531,normal,,ACC00304,ACC00228
TXN0011532,normal,,ACC00347,ACC00305
TXN0011533,normal,,ACC00347,ACC00305
TXN0011534,normal,,ACC00305,ACC00347
TXN0011535,normal,,ACC00305,ACC00282
TXN0011536,normal,,ACC00310,ACC00305
TXN0011537,normal,,ACC00305,ACC00157
TXN0011538,normal,,ACC00305,ACC00441
TXN0011539,normal,,ACC00305,ACC00451
TXN0011540,normal,,ACC00305,ACC00441
TXN0011541,normal,,ACC00187,ACC00305
TXN0011542,normal,,ACC00476,ACC00305
TXN0011543,normal,,ACC00187,ACC00305
TXN0011544,normal,,ACC00305,ACC00385
TXN0011545,normal,,ACC00187,ACC00305
TXN0011546,normal,,ACC00305,ACC00157
TXN0011547,normal,,ACC00305,ACC00304
TXN0011548,normal,,ACC00305,ACC00385
TXN0011549,normal,,ACC00305,ACC00347
TXN0011550,normal,,ACC00305,ACC00014
TXN0011551,normal,,ACC00014,ACC00305
TXN0011552,normal,,ACC00305,ACC00157
TXN0011553,normal,,ACC00441,ACC00305
TXN0011554,normal,,ACC00441,ACC00305
TXN0011555,normal,,ACC00305,ACC00187
TXN0011556,normal,,ACC00305,ACC00254
TXN0011557,normal,,ACC00305,ACC00187
TXN0011558,normal,,ACC00140,ACC00305
TXN0011559,normal,,ACC00305,ACC00347
TXN0011560,normal,,ACC00305,ACC00347
TXN0011561,normal,,ACC00305,ACC00347
TXN0011562,normal,,ACC00241,ACC00306
TXN0011563,normal,,ACC00306,ACC00087
TXN0011564,normal,,ACC00199,ACC00306
TXN0011565,normal,,ACC00306,ACC00495
TXN0011566,normal,,ACC00014,ACC00306
TXN0011567,normal,,ACC00484,ACC00306
TXN0011568,normal,,ACC00306,ACC00343
TXN0011569,normal,,ACC00343,ACC00306
TXN0011570,normal,,ACC00306,ACC00014
TXN0011571,normal,,ACC00306,ACC00431
TXN0011572,normal,,ACC00306,ACC00449
TXN0011573,normal,,ACC00306,ACC00087
TXN0011574,normal,,ACC00199,ACC00306
TXN0011575,normal,,ACC00343,ACC00306
TXN0011576,normal,,ACC00306,ACC00343
TXN0011577,normal,,ACC00495,ACC00306
TXN0011578,normal,,ACC00306,ACC00302
TXN0011579,normal,,ACC00306,ACC00014
TXN0011580,normal,,ACC00306,ACC00330
TXN0011581,normal,,ACC00306,ACC00302
TXN0011582,normal,,ACC00025,ACC00306
TXN0011583,normal,,ACC00306,ACC00495
TXN0011584,normal,,ACC00302,ACC00306
TXN0011585,normal,,ACC00306,ACC00199
TXN0011586,normal,,ACC00087,ACC00306
TXN0011587,normal,,ACC00306,ACC00343
TXN0011588,normal,,ACC00306,ACC00199
TXN0011589,normal,,ACC00306,ACC00495
TXN0011590,normal,,ACC00306,ACC00392
TXN0011591,normal,,ACC00317,ACC00307
TXN0011592,normal,,ACC00307,ACC00235
TXN0011593,normal,,ACC00307,ACC00099
TXN0011594,normal,,ACC00297,ACC00307
TXN0011595,normal,,ACC00307,ACC00285
TXN0011596,normal,,ACC00129,ACC00307
TXN0011597,normal,,ACC00235,ACC00307
TXN0011598,normal,,ACC00285,ACC00307
TXN0011599,normal,,ACC00307,ACC00099
TXN0011600,normal,,ACC00099,ACC00307
TXN0011601,normal,,ACC00307,ACC00254
TXN0011602,normal,,ACC00317,ACC00307
TXN0011603,normal,,ACC00307,ACC00317
TXN0011604,normal,,ACC00307,ACC00317
TXN0011605,normal,,ACC00254,ACC00307
TXN0011606,normal,,ACC00453,ACC00307
TXN0011607,normal,,ACC00307,ACC00099
TXN0011608,normal,,ACC00307,ACC00317
TXN0011609,normal,,ACC00099,ACC00307
TXN0011610,normal,,ACC00307,ACC00254
TXN0011611,normal,,ACC00307,ACC00317
TXN0011612,normal,,ACC00242,ACC00307
TXN0011613,normal,,ACC00285,ACC00307
TXN0011614,normal,,ACC00296,ACC00307
TXN0011615,normal,,ACC00285,ACC00307
TXN0011616,normal,,ACC00296,ACC00307
TXN0011617,normal,,ACC00308,ACC00349
TXN0011618,normal,,ACC00308,ACC00223
TXN0011619,normal,,ACC00308,ACC00327
TXN0011620,normal,,ACC00308,ACC00347
TXN0011621,normal,,ACC00030,ACC00308
TXN0011622,normal,,ACC00308,ACC00327
TXN0011623,normal,,ACC00137,ACC00308
TXN0011624,normal,,ACC00223,ACC00308
TXN0011625,normal,,ACC00349,ACC00308
TXN0011626,normal,,ACC00093,ACC00308
TXN0011627,normal,,ACC00093,ACC00308
TXN0011628,normal,,ACC00327,ACC00308
TXN0011629,normal,,ACC00308,ACC00457
TXN0011630,normal,,ACC00308,ACC00379
TXN0011631,normal,,ACC00223,ACC00308
TXN0011632,normal,,ACC00327,ACC00308
TXN0011633,normal,,ACC00093,ACC00308
TXN0011634,normal,,ACC00349,ACC00308
TXN0011635,normal,,ACC00217,ACC00309
TXN0011636,normal,,ACC00309,ACC00251
TXN0011637,normal,,ACC00306,ACC00309
TXN0011638,normal,,ACC00044,ACC00309
TXN0011639,normal,,ACC00309,ACC00248
TXN0011640,normal,,ACC00303,ACC00309
TXN0011641,normal,,ACC00266,ACC00309
TXN0011642,normal,,ACC00251,ACC00309
TXN0011643,normal,,ACC00309,ACC00303
TXN0011644,normal,,ACC00251,ACC00309
TXN0011645,normal,,ACC00309,ACC00335
TXN0011646,normal,,ACC00251,ACC00309
TXN0011647,normal,,ACC00309,ACC00276
TXN0011648,normal,,ACC00306,ACC00309
TXN0011649,normal,,ACC00309,ACC00271
TXN0011650,normal,,ACC00309,ACC00306
TXN0011651,normal,,ACC00039,ACC00309
TXN0011652,normal,,ACC00309,ACC00039
TXN0011653,normal,,ACC00271,ACC00309
TXN0011654,normal,,ACC00039,ACC00309
TXN0011655,normal,,ACC00303,ACC00309
TXN0011656,normal,,ACC00309,ACC00039
TXN0011657,normal,,ACC00309,ACC00306
TXN0011658,normal,,ACC00076,ACC00309
TXN0011659,normal,,ACC00309,ACC00303
TXN0011660,normal,,ACC00309,ACC00389
TXN0011661,normal,,ACC00306,ACC00309
TXN0011662,normal,,ACC00195,ACC00309
TXN0011663,normal,,ACC00309,ACC00266
TXN0011664,normal,,ACC00039,ACC00309
TXN0011665,normal,,ACC00309,ACC00076
TXN0011666,normal,,ACC00251,ACC00309
TXN0011667,normal,,ACC00217,ACC00309
TXN0011668,normal,,ACC00309,ACC00251
TXN0011669,normal,,ACC00309,ACC00271
TXN0011670,normal,,ACC00306,ACC00309
TXN0011671,normal,,ACC00303,ACC00309
TXN0011672,normal,,ACC00251,ACC00309
TXN0011673,normal,,ACC00271,ACC00309
TXN0011674,normal,,ACC00309,ACC00217
TXN0011675,normal,,ACC00303,ACC00309
TXN0011676,normal,,ACC00309,ACC00217
TXN0011677,normal,,ACC00309,ACC00039
TXN0011678,normal,,ACC00476,ACC00310
TXN0011679,normal,,ACC00233,ACC00310
TXN0011680,normal,,ACC00310,ACC00233
TXN0011681,normal,,ACC00183,ACC00310
TXN0011682,normal,,ACC00310,ACC00330
TXN0011683,normal,,ACC00090,ACC00310
TXN0011684,normal,,ACC00310,ACC00121
TXN0011685,normal,,ACC00164,ACC00310
TXN0011686,normal,,ACC00164,ACC00310
TXN0011687,normal,,ACC00121,ACC00310
TXN0011688,normal,,ACC00310,ACC00090
TXN0011689,normal,,ACC00310,ACC00479
TXN0011690,normal,,ACC00310,ACC00348
TXN0011691,normal,,ACC00310,ACC00121
TXN0011692,normal,,ACC00330,ACC00310
TXN0011693,normal,,ACC00310,ACC00205
TXN0011694,normal,,ACC00479,ACC00310
TXN0011695,normal,,ACC00405,ACC00310
TXN0011696,normal,,ACC00310,ACC00233
TXN0011697,normal,,ACC00310,ACC00395
TXN0011698,normal,,ACC00310,ACC00090
TXN0011699,normal,,ACC00230,ACC00310
TXN0011700,normal,,ACC00164,ACC00310
TXN0011701,normal,,ACC00310,ACC00411
TXN0011702,normal,,ACC00160,ACC00310
TXN0011703,normal,,ACC00310,ACC00233
TXN0011704,normal,,ACC00310,ACC00348
TXN0011705,normal,,ACC00121,ACC00310
TXN0011706,normal,,ACC00310,ACC00177
TXN0011707,normal,,ACC00348,ACC00310
TXN0011708,normal,,ACC00310,ACC00395
TXN0011709,normal,,ACC00238,ACC00310
TXN0011710,normal,,ACC00395,ACC00310
TXN0011711,normal,,ACC00330,ACC00310
TXN0011712,normal,,ACC00310,ACC00479
TXN0011713,normal,,ACC00479,ACC00310
TXN0011714,normal,,ACC00310,ACC00348
TXN0011715,normal,,ACC00329,ACC00310
TXN0011716,normal,,ACC00194,ACC00310
TXN0011717,normal,,ACC00310,ACC00164
TXN0011718,normal,,ACC00348,ACC00310
TXN0011719,normal,,ACC00310,ACC00164
TXN0011720,normal,,ACC00310,ACC00121
TXN0011721,normal,,ACC00164,ACC00310
TXN0011722,normal,,ACC00348,ACC00310
TXN0011723,normal,,ACC00395,ACC00310
TXN0011724,normal,,ACC00310,ACC00348
TXN0011725,normal,,ACC00330,ACC00310
TXN0011726,normal,,ACC00049,ACC00310
TXN0011727,normal,,ACC00224,ACC00311
TXN0011728,normal,,ACC00311,ACC00224
TXN0011729,normal,,ACC00311,ACC00409
TXN0011730,normal,,ACC00311,ACC00167
TXN0011731,normal,,ACC00311,ACC00087
TXN0011732,normal,,ACC00167,ACC00311
TXN0011733,normal,,ACC00311,ACC00193
TXN0011734,normal,,ACC00031,ACC00311
TXN0011735,normal,,ACC00311,ACC00468
TXN0011736,normal,,ACC00468,ACC00311
TXN0011737,normal,,ACC00311,ACC00499
TXN0011738,normal,,ACC00311,ACC00230
TXN0011739,normal,,ACC00311,ACC00167
TXN0011740,normal,,ACC00224,ACC00311
TXN0011741,normal,,ACC00311,ACC00224
TXN0011742,normal,,ACC00311,ACC00224
TXN0011743,normal,,ACC00167,ACC00311
TXN0011744,normal,,ACC00311,ACC00193
TXN0011745,normal,,ACC00031,ACC00311
TXN0011746,normal,,ACC00311,ACC00405
TXN0011747,normal,,ACC00311,ACC00224
TXN0011748,normal,,ACC00311,ACC00224
TXN0011749,normal,,ACC00224,ACC00311
TXN0011750,normal,,ACC00311,ACC00224
TXN0011751,normal,,ACC00224,ACC00311
TXN0011752,normal,,ACC00311,ACC00409
TXN0011753,normal,,ACC00224,ACC00311
TXN0011754,normal,,ACC00311,ACC00032
TXN0011755,normal,,ACC00311,ACC00405
TXN0011756,normal,,ACC00311,ACC00224
TXN0011757,normal,,ACC00311,ACC00409
TXN0011758,normal,,ACC00193,ACC00311
TXN0011759,normal,,ACC00311,ACC00224
TXN0011760,normal,,ACC00311,ACC00193
TXN0011761,normal,,ACC00311,ACC00329
TXN0011762,normal,,ACC00193,ACC00311
TXN0011763,normal,,ACC00311,ACC00468
TXN0011764,normal,,ACC00311,ACC00224
TXN0011765,normal,,ACC00224,ACC00311
TXN0011766,normal,,ACC00224,ACC00311
TXN0011767,normal,,ACC00405,ACC00311
TXN0011768,normal,,ACC00311,ACC00088
TXN0011769,normal,,ACC00320,ACC00311
TXN0011770,normal,,ACC00311,ACC00192
TXN0011771,normal,,ACC00409,ACC00311
TXN0011772,normal,,ACC00311,ACC00479
TXN0011773,normal,,ACC00311,ACC00409
TXN0011774,normal,,ACC00409,ACC00311
TXN0011775,normal,,ACC00361,ACC00311
TXN0011776,normal,,ACC00311,ACC00193
TXN0011777,normal,,ACC00224,ACC00311
TXN0011778,normal,,ACC00311,ACC00041
TXN0011779,normal,,ACC00311,ACC00193
TXN0011780,normal,,ACC00050,ACC00312
TXN0011781,normal,,ACC00312,ACC00050
TXN0011782,normal,,ACC00312,ACC00050
TXN0011783,normal,,ACC00077,ACC00312
TXN0011784,normal,,ACC00302,ACC00312
TXN0011785,normal,,ACC00312,ACC00315
TXN0011786,normal,,ACC00277,ACC00312
TXN0011787,normal,,ACC00077,ACC00312
TXN0011788,normal,,ACC00277,ACC00312
TXN0011789,normal,,ACC00312,ACC00167
TXN0011790,normal,,ACC00312,ACC00077
TXN0011791,normal,,ACC00077,ACC00312
TXN0011792,normal,,ACC00312,ACC00321
TXN0011793,normal,,ACC00453,ACC00312
TXN0011794,normal,,ACC00312,ACC00334
TXN0011795,normal,,ACC00236,ACC00312
TXN0011796,normal,,ACC00312,ACC00334
TXN0011797,normal,,ACC00315,ACC00312
TXN0011798,normal,,ACC00277,ACC00312
TXN0011799,normal,,ACC00312,ACC00500
TXN0011800,normal,,ACC00312,ACC00050
TXN0011801,normal,,ACC00350,ACC00312
TXN0011802,normal,,ACC00302,ACC00312
TXN0011803,normal,,ACC00312,ACC00277
TXN0011804,normal,,ACC00353,ACC00312
TXN0011805,normal,,ACC00312,ACC00112
TXN0011806,normal,,ACC00334,ACC00312
TXN0011807,normal,,ACC00334,ACC00312
TXN0011808,normal,,ACC00077,ACC00312
TXN0011809,normal,,ACC00321,ACC00312
TXN0011810,normal,,ACC00302,ACC00312
TXN0011811,normal,,ACC00312,ACC00321
TXN0011812,normal,,ACC00302,ACC00312
TXN0011813,normal,,ACC00313,ACC00088
TXN0011814,normal,,ACC00146,ACC00313
TXN0011815,normal,,ACC00402,ACC00313
TXN0011816,normal,,ACC00072,ACC00313
TXN0011817,normal,,ACC00313,ACC00402
TXN0011818,normal,,ACC00313,ACC00402
TXN0011819,normal,,ACC00402,ACC00313
TXN0011820,normal,,ACC00313,ACC00072
TXN0011821,normal,,ACC00247,ACC00313
TXN0011822,normal,,ACC00313,ACC00408
TXN0011823,normal,,ACC00313,ACC00408
TXN0011824,normal,,ACC00313,ACC00072
TXN0011825,normal,,ACC00313,ACC00054
TXN0011826,normal,,ACC00072,ACC00313
TXN0011827,normal,,ACC00247,ACC00313
TXN0011828,normal,,ACC00313,ACC00408
TXN0011829,normal,,ACC00313,ACC00408
TXN0011830,normal,,ACC00402,ACC00313
TXN0011831,normal,,ACC00402,ACC00313
TXN0011832,normal,,ACC00313,ACC00035
TXN0011833,normal,,ACC00313,ACC00408
TXN0011834,normal,,ACC00313,ACC00072
TXN0011835,normal,,ACC00313,ACC00072
TXN0011836,normal,,ACC00313,ACC00072
TXN0011837,normal,,ACC00073,ACC00313
TXN0011838,normal,,ACC00402,ACC00313
TXN0011839,normal,,ACC00070,ACC00313
TXN0011840,normal,,ACC00313,ACC00450
TXN0011841,normal,,ACC00313,ACC00072
TXN0011842,normal,,ACC00313,ACC00134
TXN0011843,normal,,ACC00072,ACC00313
TXN0011844,normal,,ACC00313,ACC00247
TXN0011845,normal,,ACC00313,ACC00450
TXN0011846,normal,,ACC00134,ACC00313
TXN0011847,normal,,ACC00402,ACC00313
TXN0011848,normal,,ACC00214,ACC00313
TXN0011849,normal,,ACC00313,ACC00402
TXN0011850,normal,,ACC00313,ACC00408
TXN0011851,normal,,ACC00247,ACC00313
TXN0011852,normal,,ACC00425,ACC00313
TXN0011853,normal,,ACC00134,ACC00313
TXN0011854,normal,,ACC00313,ACC00072
TXN0011855,normal,,ACC00088,ACC00313
TXN0011856,normal,,ACC00078,ACC00313
TXN0011857,normal,,ACC00313,ACC00047
TXN0011858,normal,,ACC00408,ACC00313
TXN0011859,normal,,ACC00313,ACC00072
TXN0011860,normal,,ACC00314,ACC00402
TXN0011861,normal,,ACC00314,ACC00257
TXN0011862,normal,,ACC00257,ACC00314
TXN0011863,normal,,ACC00314,ACC00042
TXN0011864,normal,,ACC00314,ACC00237
TXN0011865,normal,,ACC00314,ACC00237
TXN0011866,normal,,ACC00314,ACC00042
TXN0011867,normal,,ACC00139,ACC00314
TXN0011868,normal,,ACC00314,ACC00042
TXN0011869,normal,,ACC00314,ACC00237
TXN0011870,normal,,ACC00314,ACC00179
TXN0011871,normal,,ACC00314,ACC00139
TXN0011872,normal,,ACC00139,ACC00314
TXN0011873,normal,,ACC00042,ACC00314
TXN0011874,normal,,ACC00237,ACC00314
TXN0011875,normal,,ACC00071,ACC00314
TXN0011876,normal,,ACC00402,ACC00314
TXN0011877,normal,,ACC00314,ACC00256
TXN0011878,normal,,ACC00093,ACC00314
TXN0011879,normal,,ACC00314,ACC00042
TXN0011880,normal,,ACC00082,ACC00314
TXN0011881,normal,,ACC00402,ACC00314
TXN0011882,normal,,ACC00257,ACC00314
TXN0011883,normal,,ACC00139,ACC00314
TXN0011884,normal,,ACC00314,ACC00327
TXN0011885,normal,,ACC00179,ACC00314
TXN0011886,normal,,ACC00419,ACC00314
TXN0011887,normal,,ACC00314,ACC00346
TXN0011888,normal,,ACC00082,ACC00314
TXN0011889,normal,,ACC00314,ACC00071
TXN0011890,normal,,ACC00314,ACC00402
TXN0011891,normal,,ACC00139,ACC00314
TXN0011892,normal,,ACC00257,ACC00314
TXN0011893,normal,,ACC00314,ACC00082
TXN0011894,normal,,ACC00314,ACC00267
TXN0011895,normal,,ACC00314,ACC00257
TXN0011896,normal,,ACC00148,ACC00314
TXN0011897,normal,,ACC00314,ACC00402
TXN0011898,normal,,ACC00082,ACC00314
TXN0011899,normal,,ACC00314,ACC00139
TXN0011900,normal,,ACC00071,ACC00314
TXN0011901,normal,,ACC00314,ACC00402
TXN0011902,normal,,ACC00314,ACC00042
TXN0011903,normal,,ACC00314,ACC00042
TXN0011904,normal,,ACC00179,ACC00314
TXN0011905,normal,,ACC00315,ACC00333
TXN0011906,normal,,ACC00315,ACC00238
TXN0011907,normal,,ACC00448,ACC00315
TXN0011908,normal,,ACC00394,ACC00315
TXN0011909,normal,,ACC00315,ACC00468
TXN0011910,normal,,ACC00238,ACC00315
TXN0011911,normal,,ACC00154,ACC00315
TXN0011912,normal,,ACC00315,ACC00411
TXN0011913,normal,,ACC00014,ACC00315
TXN0011914,normal,,ACC00315,ACC00468
TXN0011915,normal,,ACC00234,ACC00315
TXN0011916,normal,,ACC00448,ACC00315
TXN0011917,normal,,ACC00006,ACC00315
TXN0011918,normal,,ACC00219,ACC00315
TXN0011919,normal,,ACC00124,ACC00315
TXN0011920,normal,,ACC00049,ACC00315
TXN0011921,normal,,ACC00315,ACC00371
TXN0011922,normal,,ACC00468,ACC00315
TXN0011923,normal,,ACC00448,ACC00315
TXN0011924,normal,,ACC00344,ACC00315
TXN0011925,normal,,ACC00315,ACC00448
TXN0011926,normal,,ACC00238,ACC00315
TXN0011927,normal,,ACC00315,ACC00238
TXN0011928,normal,,ACC00346,ACC00315
TXN0011929,normal,,ACC00315,ACC00344
TXN0011930,normal,,ACC00154,ACC00315
TXN0011931,normal,,ACC00154,ACC00315
TXN0011932,normal,,ACC00315,ACC00468
TXN0011933,normal,,ACC00344,ACC00315
TXN0011934,normal,,ACC00238,ACC00315
TXN0011935,normal,,ACC00235,ACC00315
TXN0011936,normal,,ACC00315,ACC00473
TXN0011937,normal,,ACC00344,ACC00315
TXN0011938,normal,,ACC00315,ACC00154
TXN0011939,normal,,ACC00315,ACC00099
TXN0011940,normal,,ACC00315,ACC00151
TXN0011941,normal,,ACC00315,ACC00180
TXN0011942,normal,,ACC00411,ACC00315
TXN0011943,normal,,ACC00315,ACC00411
TXN0011944,normal,,ACC00315,ACC00154
TXN0011945,normal,,ACC00468,ACC00315
TXN0011946,normal,,ACC00315,ACC00448
TXN0011947,normal,,ACC00448,ACC00315
TXN0011948,normal,,ACC00448,ACC00315
TXN0011949,normal,,ACC00238,ACC00315
TXN0011950,normal,,ACC00315,ACC00078
TXN0011951,normal,,ACC00468,ACC00315
TXN0011952,normal,,ACC00238,ACC00315
TXN0011953,normal,,ACC00238,ACC00315
TXN0011954,normal,,ACC00315,ACC00214
TXN0011955,normal,,ACC00344,ACC00315
TXN0011956,normal,,ACC00315,ACC00411
TXN0011957,normal,,ACC00315,ACC00448
TXN0011958,normal,,ACC00315,ACC00333
TXN0011959,normal,,ACC00448,ACC00315
TXN0011960,normal,,ACC00468,ACC00315
TXN0011961,normal,,ACC00315,ACC00238
TXN0011962,normal,,ACC00468,ACC00315
TXN0011963,normal,,ACC00219,ACC00315
TXN0011964,normal,,ACC00315,ACC00154
TXN0011965,normal,,ACC00316,ACC00173
TXN0011966,normal,,ACC00173,ACC00316
TXN0011967,normal,,ACC00316,ACC00173
TXN0011968,normal,,ACC00480,ACC00316
TXN0011969,normal,,ACC00205,ACC00316
TXN0011970,normal,,ACC00173,ACC00316
TXN0011971,normal,,ACC00316,ACC00483
TXN0011972,normal,,ACC00316,ACC00270
TXN0011973,normal,,ACC00316,ACC00042
TXN0011974,normal,,ACC00316,ACC00049
TXN0011975,normal,,ACC00316,ACC00222
TXN0011976,normal,,ACC00316,ACC00042
TXN0011977,normal,,ACC00316,ACC00173
TXN0011978,normal,,ACC00316,ACC00270
TXN0011979,normal,,ACC00182,ACC00316
TXN0011980,normal,,ACC00270,ACC00316
TXN0011981,normal,,ACC00173,ACC00316
TXN0011982,normal,,ACC00316,ACC00205
TXN0011983,normal,,ACC00483,ACC00316
TXN0011984,normal,,ACC00316,ACC00483
TXN0011985,normal,,ACC00483,ACC00316
TXN0011986,normal,,ACC00316,ACC00483
TXN0011987,normal,,ACC00316,ACC00483
TXN0011988,normal,,ACC00173,ACC00316
TXN0011989,normal,,ACC00316,ACC00135
TXN0011990,normal,,ACC00316,ACC00270
TXN0011991,normal,,ACC00371,ACC00316
TXN0011992,normal,,ACC00316,ACC00049
TXN0011993,normal,,ACC00316,ACC00102
TXN0011994,normal,,ACC00042,ACC00316
TXN0011995,normal,,ACC00270,ACC00316
TXN0011996,normal,,ACC00049,ACC00316
TXN0011997,normal,,ACC00316,ACC00182
TXN0011998,normal,,ACC00316,ACC00182
TXN0011999,normal,,ACC00042,ACC00316
TXN0012000,normal,,ACC00182,ACC00316
TXN0012001,normal,,ACC00316,ACC00480
TXN0012002,normal,,ACC00445,ACC00317
TXN0012003,normal,,ACC00334,ACC00317
TXN0012004,normal,,ACC00317,ACC00334
TXN0012005,normal,,ACC00317,ACC00445
TXN0012006,normal,,ACC00334,ACC00317
TXN0012007,normal,,ACC00295,ACC00317
TXN0012008,normal,,ACC00222,ACC00317
TXN0012009,normal,,ACC00341,ACC00317
TXN0012010,normal,,ACC00317,ACC00020
TXN0012011,normal,,ACC00317,ACC00415
TXN0012012,normal,,ACC00415,ACC00317
TXN0012013,normal,,ACC00065,ACC00317
TXN0012014,normal,,ACC00334,ACC00317
TXN0012015,normal,,ACC00334,ACC00317
TXN0012016,normal,,ACC00445,ACC00317
TXN0012017,normal,,ACC00317,ACC00222
TXN0012018,normal,,ACC00403,ACC00317
TXN0012019,normal,,ACC00317,ACC00334
TXN0012020,normal,,ACC00317,ACC00445
TXN0012021,normal,,ACC00065,ACC00317
TXN0012022,normal,,ACC00317,ACC00212
TXN0012023,normal,,ACC00317,ACC00251
TXN0012024,normal,,ACC00445,ACC00317
TXN0012025,normal,,ACC00415,ACC00317
TXN0012026,normal,,ACC00334,ACC00317
TXN0012027,normal,,ACC00317,ACC00415
TXN0012028,normal,,ACC00317,ACC00015
TXN0012029,normal,,ACC00317,ACC00415
TXN0012030,normal,,ACC00065,ACC00317
TXN0012031,normal,,ACC00131,ACC00317
TXN0012032,normal,,ACC00318,ACC00260
TXN0012033,normal,,ACC00318,ACC00273
TXN0012034,normal,,ACC00323,ACC00318
TXN0012035,normal,,ACC00318,ACC00360
TXN0012036,normal,,ACC00318,ACC00392
TXN0012037,normal,,ACC00275,ACC00318
TXN0012038,normal,,ACC00273,ACC00318
TXN0012039,normal,,ACC00318,ACC00323
TXN0012040,normal,,ACC00318,ACC00007
TXN0012041,normal,,ACC00007,ACC00318
TXN0012042,normal,,ACC00318,ACC00392
TXN0012043,normal,,ACC00318,ACC00323
TXN0012044,normal,,ACC00318,ACC00407
TXN0012045,normal,,ACC00318,ACC00359
TXN0012046,normal,,ACC00318,ACC00068
TXN0012047,normal,,ACC00318,ACC00275
TXN0012048,normal,,ACC00318,ACC00323
TXN0012049,normal,,ACC00318,ACC00007
TXN0012050,normal,,ACC00318,ACC00007
TXN0012051,normal,,ACC00407,ACC00318
TXN0012052,normal,,ACC00399,ACC00318
TXN0012053,normal,,ACC00318,ACC00407
TXN0012054,normal,,ACC00075,ACC00318
TXN0012055,normal,,ACC00318,ACC00007
TXN0012056,normal,,ACC00323,ACC00318
TXN0012057,normal,,ACC00318,ACC00273
TXN0012058,normal,,ACC00275,ACC00318
TXN0012059,normal,,ACC00318,ACC00407
TXN0012060,normal,,ACC00275,ACC00318
TXN0012061,normal,,ACC00318,ACC00392
TXN0012062,normal,,ACC00318,ACC00392
TXN0012063,normal,,ACC00273,ACC00318
TXN0012064,normal,,ACC00399,ACC00318
TXN0012065,normal,,ACC00396,ACC00319
TXN0012066,normal,,ACC00302,ACC00319
TXN0012067,normal,,ACC00418,ACC00319
TXN0012068,normal,,ACC00079,ACC00319
TXN0012069,normal,,ACC00372,ACC00319
TXN0012070,normal,,ACC00319,ACC00302
TXN0012071,normal,,ACC00319,ACC00475
TXN0012072,normal,,ACC00372,ACC00319
TXN0012073,normal,,ACC00057,ACC00319
TXN0012074,normal,,ACC00228,ACC00319
TXN0012075,normal,,ACC00302,ACC00319
TXN0012076,normal,,ACC00319,ACC00302
TXN0012077,normal,,ACC00057,ACC00319
TXN0012078,normal,,ACC00319,ACC00302
TXN0012079,normal,,ACC00319,ACC00177
TXN0012080,normal,,ACC00310,ACC00319
TXN0012081,normal,,ACC00319,ACC00172
TXN0012082,normal,,ACC00475,ACC00319
TXN0012083,normal,,ACC00319,ACC00228
TXN0012084,normal,,ACC00319,ACC00372
TXN0012085,normal,,ACC00319,ACC00302
TXN0012086,normal,,ACC00319,ACC00228
TXN0012087,normal,,ACC00319,ACC00331
TXN0012088,normal,,ACC00319,ACC00372
TXN0012089,normal,,ACC00372,ACC00319
TXN0012090,normal,,ACC00319,ACC00172
TXN0012091,normal,,ACC00319,ACC00172
TXN0012092,normal,,ACC00172,ACC00319
TXN0012093,normal,,ACC00172,ACC00319
TXN0012094,normal,,ACC00319,ACC00180
TXN0012095,normal,,ACC00317,ACC00319
TXN0012096,normal,,ACC00319,ACC00371
TXN0012097,normal,,ACC00319,ACC00302
TXN0012098,normal,,ACC00319,ACC00458
TXN0012099,normal,,ACC00475,ACC00319
TXN0012100,normal,,ACC00458,ACC00319
TXN0012101,normal,,ACC00418,ACC00319
TXN0012102,normal,,ACC00492,ACC00320
TXN0012103,normal,,ACC00492,ACC00320
TXN0012104,normal,,ACC00271,ACC00320
TXN0012105,normal,,ACC00320,ACC00495
TXN0012106,normal,,ACC00492,ACC00320
TXN0012107,normal,,ACC00143,ACC00320
TXN0012108,normal,,ACC00413,ACC00320
TXN0012109,normal,,ACC00320,ACC00035
TXN0012110,normal,,ACC00320,ACC00416
TXN0012111,normal,,ACC00413,ACC00320
TXN0012112,normal,,ACC00040,ACC00320
TXN0012113,normal,,ACC00197,ACC00320
TXN0012114,normal,,ACC00320,ACC00495
TXN0012115,normal,,ACC00320,ACC00144
TXN0012116,normal,,ACC00320,ACC00495
TXN0012117,normal,,ACC00270,ACC00320
TXN0012118,normal,,ACC00271,ACC00320
TXN0012119,normal,,ACC00320,ACC00040
TXN0012120,normal,,ACC00040,ACC00320
TXN0012121,normal,,ACC00320,ACC00413
TXN0012122,normal,,ACC00320,ACC00413
TXN0012123,normal,,ACC00320,ACC00241
TXN0012124,normal,,ACC00495,ACC00320
TXN0012125,normal,,ACC00223,ACC00320
TXN0012126,normal,,ACC00116,ACC00320
TXN0012127,normal,,ACC00320,ACC00413
TXN0012128,normal,,ACC00320,ACC00271
TXN0012129,normal,,ACC00294,ACC00320
TXN0012130,normal,,ACC00492,ACC00320
TXN0012131,normal,,ACC00495,ACC00320
TXN0012132,normal,,ACC00413,ACC00320
TXN0012133,normal,,ACC00271,ACC00320
TXN0012134,normal,,ACC00320,ACC00271
TXN0012135,normal,,ACC00416,ACC00320
TXN0012136,normal,,ACC00271,ACC00320
TXN0012137,normal,,ACC00438,ACC00320
TXN0012138,normal,,ACC00040,ACC00320
TXN0012139,normal,,ACC00416,ACC00320
TXN0012140,normal,,ACC00320,ACC00416
TXN0012141,normal,,ACC00492,ACC00320
TXN0012142,normal,,ACC00320,ACC00040
TXN0012143,normal,,ACC00320,ACC00040
TXN0012144,normal,,ACC00320,ACC00492
TXN0012145,normal,,ACC00035,ACC00320
TXN0012146,normal,,ACC00320,ACC00005
TXN0012147,normal,,ACC00320,ACC00495
TXN0012148,normal,,ACC00320,ACC00492
TXN0012149,normal,,ACC00320,ACC00492
TXN0012150,normal,,ACC00495,ACC00320
TXN0012151,normal,,ACC00035,ACC00320
TXN0012152,normal,,ACC00320,ACC00416
TXN0012153,normal,,ACC00320,ACC00492
TXN0012154,normal,,ACC00035,ACC00320
TXN0012155,normal,,ACC00492,ACC00320
TXN0012156,normal,,ACC00040,ACC00320
TXN0012157,normal,,ACC00321,ACC00134
TXN0012158,normal,,ACC00391,ACC00321
TXN0012159,normal,,ACC00321,ACC00368
TXN0012160,normal,,ACC00168,ACC00321
TXN0012161,normal,,ACC00294,ACC00321
TXN0012162,normal,,ACC00321,ACC00294
TXN0012163,normal,,ACC00373,ACC00321
TXN0012164,normal,,ACC00321,ACC00134
TXN0012165,normal,,ACC00321,ACC00368
TXN0012166,normal,,ACC00321,ACC00134
TXN0012167,normal,,ACC00321,ACC00237
TXN0012168,normal,,ACC00391,ACC00321
TXN0012169,normal,,ACC00095,ACC00321
TXN0012170,normal,,ACC00294,ACC00321
TXN0012171,normal,,ACC00095,ACC00321
TXN0012172,normal,,ACC00321,ACC00294
TXN0012173,normal,,ACC00294,ACC00321
TXN0012174,normal,,ACC00095,ACC00321
TXN0012175,normal,,ACC00413,ACC00322
TXN0012176,normal,,ACC00063,ACC00322
TXN0012177,normal,,ACC00322,ACC00164
TXN0012178,normal,,ACC00322,ACC00413
TXN0012179,normal,,ACC00322,ACC00305
TXN0012180,normal,,ACC00322,ACC00486
TXN0012181,normal,,ACC00322,ACC00149
TXN0012182,normal,,ACC00309,ACC00322
TXN0012183,normal,,ACC00322,ACC00063
TXN0012184,normal,,ACC00486,ACC00322
TXN0012185,normal,,ACC00322,ACC00178
TXN0012186,normal,,ACC00164,ACC00322
TXN0012187,normal,,ACC00322,ACC00050
TXN0012188,normal,,ACC00309,ACC00322
TXN0012189,normal,,ACC00320,ACC00322
TXN0012190,normal,,ACC00322,ACC00432
TXN0012191,normal,,ACC00305,ACC00322
TXN0012192,normal,,ACC00305,ACC00322
TXN0012193,normal,,ACC00413,ACC00322
TXN0012194,normal,,ACC00322,ACC00035
TXN0012195,normal,,ACC00322,ACC00305
TXN0012196,normal,,ACC00322,ACC00309
TXN0012197,normal,,ACC00322,ACC00432
TXN0012198,normal,,ACC00063,ACC00322
TXN0012199,normal,,ACC00209,ACC00322
TXN0012200,normal,,ACC00322,ACC00477
TXN0012201,normal,,ACC00486,ACC00322
TXN0012202,normal,,ACC00322,ACC00486
TXN0012203,normal,,ACC00432,ACC00322
TXN0012204,normal,,ACC00164,ACC00322
TXN0012205,normal,,ACC00309,ACC00322
TXN0012206,normal,,ACC00044,ACC00322
TXN0012207,normal,,ACC00322,ACC00305
TXN0012208,normal,,ACC00322,ACC00209
TXN0012209,normal,,ACC00322,ACC00063
TXN0012210,normal,,ACC00063,ACC00322
TXN0012211,normal,,ACC00413,ACC00322
TXN0012212,normal,,ACC00164,ACC00322
TXN0012213,normal,,ACC00323,ACC00052
TXN0012214,normal,,ACC00303,ACC00323
TXN0012215,normal,,ACC00323,ACC00381
TXN0012216,normal,,ACC00195,ACC00323
TXN0012217,normal,,ACC00396,ACC00323
TXN0012218,normal,,ACC00323,ACC00181
TXN0012219,normal,,ACC00303,ACC00323
TXN0012220,normal,,ACC00323,ACC00445
TXN0012221,normal,,ACC00323,ACC00162
TXN0012222,normal,,ACC00352,ACC00323
TXN0012223,normal,,ACC00052,ACC00323
TXN0012224,normal,,ACC00052,ACC00323
TXN0012225,normal,,ACC00381,ACC00323
TXN0012226,normal,,ACC00303,ACC00323
TXN0012227,normal,,ACC00323,ACC00143
TXN0012228,normal,,ACC00303,ACC00323
TXN0012229,normal,,ACC00352,ACC00323
TXN0012230,normal,,ACC00323,ACC00181
TXN0012231,normal,,ACC00181,ACC00323
TXN0012232,normal,,ACC00303,ACC00323
TXN0012233,normal,,ACC00052,ACC00323
TXN0012234,normal,,ACC00323,ACC00162
TXN0012235,normal,,ACC00446,ACC00323
TXN0012236,normal,,ACC00323,ACC00052
TXN0012237,normal,,ACC00052,ACC00323
TXN0012238,normal,,ACC00323,ACC00303
TXN0012239,normal,,ACC00323,ACC00162
TXN0012240,normal,,ACC00323,ACC00181
TXN0012241,normal,,ACC00323,ACC00143
TXN0012242,normal,,ACC00143,ACC00323
TXN0012243,normal,,ACC00323,ACC00303
TXN0012244,normal,,ACC00323,ACC00069
TXN0012245,normal,,ACC00323,ACC00181
TXN0012246,normal,,ACC00303,ACC00323
TXN0012247,normal,,ACC00323,ACC00181
TXN0012248,normal,,ACC00352,ACC00323
TXN0012249,normal,,ACC00323,ACC00352
TXN0012250,normal,,ACC00323,ACC00181
TXN0012251,normal,,ACC00323,ACC00181
TXN0012252,normal,,ACC00323,ACC00143
TXN0012253,normal,,ACC00195,ACC00323
TXN0012254,normal,,ACC00162,ACC00323
TXN0012255,normal,,ACC00381,ACC00323
TXN0012256,normal,,ACC00323,ACC00352
TXN0012257,normal,,ACC00162,ACC00323
TXN0012258,normal,,ACC00184,ACC00323
TXN0012259,normal,,ACC00162,ACC00323
TXN0012260,normal,,ACC00195,ACC00323
TXN0012261,normal,,ACC00195,ACC00323
TXN0012262,normal,,ACC00323,ACC00303
TXN0012263,normal,,ACC00195,ACC00323
TXN0012264,normal,,ACC00004,ACC00324
TXN0012265,normal,,ACC00324,ACC00240
TXN0012266,normal,,ACC00324,ACC00270
TXN0012267,normal,,ACC00324,ACC00035
TXN0012268,normal,,ACC00324,ACC00084
TXN0012269,normal,,ACC00459,ACC00324
TXN0012270,normal,,ACC00324,ACC00084
TXN0012271,normal,,ACC00172,ACC00324
TXN0012272,normal,,ACC00324,ACC00361
TXN0012273,normal,,ACC00037,ACC00324
TXN0012274,normal,,ACC00459,ACC00324
TXN0012275,normal,,ACC00324,ACC00084
TXN0012276,normal,,ACC00459,ACC00324
TXN0012277,normal,,ACC00324,ACC00037
TXN0012278,normal,,ACC00324,ACC00459
TXN0012279,normal,,ACC00324,ACC00035
TXN0012280,normal,,ACC00281,ACC00324
TXN0012281,normal,,ACC00324,ACC00459
TXN0012282,normal,,ACC00324,ACC00281
TXN0012283,normal,,ACC00324,ACC00361
TXN0012284,normal,,ACC00472,ACC00324
TXN0012285,normal,,ACC00324,ACC00080
TXN0012286,normal,,ACC00324,ACC00416
TXN0012287,normal,,ACC00260,ACC00324
TXN0012288,normal,,ACC00035,ACC00324
TXN0012289,normal,,ACC00324,ACC00260
TXN0012290,normal,,ACC00015,ACC00324
TXN0012291,normal,,ACC00324,ACC00035
TXN0012292,normal,,ACC00137,ACC00324
TXN0012293,normal,,ACC00324,ACC00361
TXN0012294,normal,,ACC00324,ACC00260
TXN0012295,normal,,ACC00084,ACC00324
TXN0012296,normal,,ACC00260,ACC00324
TXN0012297,normal,,ACC00084,ACC00324
TXN0012298,normal,,ACC00037,ACC00324
TXN0012299,normal,,ACC00324,ACC00201
TXN0012300,normal,,ACC00361,ACC00324
TXN0012301,normal,,ACC00260,ACC00324
TXN0012302,normal,,ACC00459,ACC00324
TXN0012303,normal,,ACC00260,ACC00324
TXN0012304,normal,,ACC00290,ACC00324
TXN0012305,normal,,ACC00281,ACC00324
TXN0012306,normal,,ACC00361,ACC00324
TXN0012307,normal,,ACC00084,ACC00324
TXN0012308,normal,,ACC00324,ACC00487
TXN0012309,normal,,ACC00324,ACC00027
TXN0012310,normal,,ACC00421,ACC00324
TXN0012311,normal,,ACC00324,ACC00459
TXN0012312,normal,,ACC00459,ACC00324
TXN0012313,normal,,ACC00324,ACC00035
TXN0012314,normal,,ACC00324,ACC00416
TXN0012315,normal,,ACC00216,ACC00324
TXN0012316,normal,,ACC00109,ACC00325
TXN0012317,normal,,ACC00089,ACC00325
TXN0012318,normal,,ACC00325,ACC00201
TXN0012319,normal,,ACC00239,ACC00325
TXN0012320,normal,,ACC00357,ACC00325
TXN0012321,normal,,ACC00325,ACC00431
TXN0012322,normal,,ACC00162,ACC00325
TXN0012323,normal,,ACC00325,ACC00189
TXN0012324,normal,,ACC00239,ACC00325
TXN0012325,normal,,ACC00325,ACC00357
TXN0012326,normal,,ACC00189,ACC00325
TXN0012327,normal,,ACC00325,ACC00162
TXN0012328,normal,,ACC00325,ACC00162
TXN0012329,normal,,ACC00239,ACC00325
TXN0012330,normal,,ACC00325,ACC00013
TXN0012331,normal,,ACC00357,ACC00325
TXN0012332,normal,,ACC00239,ACC00325
TXN0012333,normal,,ACC00325,ACC00431
TXN0012334,normal,,ACC00139,ACC00325
TXN0012335,normal,,ACC00110,ACC00325
TXN0012336,normal,,ACC00325,ACC00239
TXN0012337,normal,,ACC00325,ACC00089
TXN0012338,normal,,ACC00357,ACC00325
TXN0012339,normal,,ACC00048,ACC00325
TXN0012340,normal,,ACC00139,ACC00325
TXN0012341,normal,,ACC00325,ACC00431
TXN0012342,normal,,ACC00239,ACC00325
TXN0012343,normal,,ACC00139,ACC00325
TXN0012344,normal,,ACC00139,ACC00325
TXN0012345,normal,,ACC00325,ACC00239
TXN0012346,normal,,ACC00239,ACC00325
TXN0012347,normal,,ACC00487,ACC00325
TXN0012348,normal,,ACC00027,ACC00325
TXN0012349,normal,,ACC00325,ACC00121
TXN0012350,normal,,ACC00325,ACC00048
TXN0012351,normal,,ACC00325,ACC00200
TXN0012352,normal,,ACC00326,ACC00265
TXN0012353,normal,,ACC00497,ACC00326
TXN0012354,normal,,ACC00378,ACC00326
TXN0012355,normal,,ACC00269,ACC00326
TXN0012356,normal,,ACC00026,ACC00326
TXN0012357,normal,,ACC00499,ACC00326
TXN0012358,normal,,ACC00265,ACC00326
TXN0012359,normal,,ACC00497,ACC00326
TXN0012360,normal,,ACC00026,ACC00326
TXN0012361,normal,,ACC00326,ACC00057
TXN0012362,normal,,ACC00326,ACC00499
TXN0012363,normal,,ACC00499,ACC00326
TXN0012364,normal,,ACC00265,ACC00326
TXN0012365,normal,,ACC00326,ACC00269
TXN0012366,normal,,ACC00326,ACC00014
TXN0012367,normal,,ACC00499,ACC00326
TXN0012368,normal,,ACC00269,ACC00326
TXN0012369,normal,,ACC00326,ACC00378
TXN0012370,normal,,ACC00265,ACC00326
TXN0012371,normal,,ACC00026,ACC00326
TXN0012372,normal,,ACC00326,ACC00048
TXN0012373,normal,,ACC00326,ACC00378
TXN0012374,normal,,ACC00192,ACC00326
TXN0012375,normal,,ACC00326,ACC00269
TXN0012376,normal,,ACC00497,ACC00326
TXN0012377,normal,,ACC00057,ACC00326
TXN0012378,normal,,ACC00326,ACC00048
TXN0012379,normal,,ACC00326,ACC00269
TXN0012380,normal,,ACC00326,ACC00497
TXN0012381,normal,,ACC00326,ACC00057
TXN0012382,normal,,ACC00326,ACC00046
TXN0012383,normal,,ACC00497,ACC00326
TXN0012384,normal,,ACC00048,ACC00326
TXN0012385,normal,,ACC00265,ACC00326
TXN0012386,normal,,ACC00026,ACC00326
TXN0012387,normal,,ACC00499,ACC00326
TXN0012388,normal,,ACC00326,ACC00026
TXN0012389,normal,,ACC00326,ACC00026
TXN0012390,normal,,ACC00378,ACC00326
TXN0012391,normal,,ACC00326,ACC00499
TXN0012392,normal,,ACC00057,ACC00326
TXN0012393,normal,,ACC00326,ACC00497
TXN0012394,normal,,ACC00269,ACC00326
TXN0012395,normal,,ACC00326,ACC00048
TXN0012396,normal,,ACC00057,ACC00326
TXN0012397,normal,,ACC00265,ACC00326
TXN0012398,normal,,ACC00326,ACC00026
TXN0012399,normal,,ACC00326,ACC00148
TXN0012400,normal,,ACC00326,ACC00378
TXN0012401,normal,,ACC00326,ACC00057
TXN0012402,normal,,ACC00326,ACC00057
TXN0012403,normal,,ACC00326,ACC00019
TXN0012404,normal,,ACC00326,ACC00057
TXN0012405,normal,,ACC00057,ACC00326
TXN0012406,normal,,ACC00048,ACC00326
TXN0012407,normal,,ACC00269,ACC00326
TXN0012408,normal,,ACC00048,ACC00326
TXN0012409,normal,,ACC00326,ACC00466
TXN0012410,normal,,ACC00057,ACC00326
TXN0012411,normal,,ACC00068,ACC00327
TXN0012412,normal,,ACC00327,ACC00203
TXN0012413,normal,,ACC00246,ACC00327
TXN0012414,normal,,ACC00327,ACC00467
TXN0012415,normal,,ACC00487,ACC00327
TXN0012416,normal,,ACC00327,ACC00470
TXN0012417,normal,,ACC00485,ACC00327
TXN0012418,normal,,ACC00327,ACC00485
TXN0012419,normal,,ACC00327,ACC00050
TXN0012420,normal,,ACC00327,ACC00203
TXN0012421,normal,,ACC00327,ACC00470
TXN0012422,normal,,ACC00270,ACC00327
TXN0012423,normal,,ACC00488,ACC00327
TXN0012424,normal,,ACC00327,ACC00203
TXN0012425,normal,,ACC00485,ACC00327
TXN0012426,normal,,ACC00472,ACC00327
TXN0012427,normal,,ACC00472,ACC00327
TXN0012428,normal,,ACC00327,ACC00487
TXN0012429,normal,,ACC00327,ACC00472
TXN0012430,normal,,ACC00327,ACC00203
TXN0012431,normal,,ACC00327,ACC00203
TXN0012432,normal,,ACC00033,ACC00327
TXN0012433,normal,,ACC00487,ACC00327
TXN0012434,normal,,ACC00472,ACC00327
TXN0012435,normal,,ACC00327,ACC00203
TXN0012436,normal,,ACC00470,ACC00327
TXN0012437,normal,,ACC00470,ACC00327
TXN0012438,normal,,ACC00327,ACC00488
TXN0012439,normal,,ACC00246,ACC00327
TXN0012440,normal,,ACC00270,ACC00327
TXN0012441,normal,,ACC00470,ACC00327
TXN0012442,normal,,ACC00246,ACC00327
TXN0012443,normal,,ACC00488,ACC00327
TXN0012444,normal,,ACC00327,ACC00472
TXN0012445,normal,,ACC00490,ACC00328
TXN0012446,normal,,ACC00328,ACC00005
TXN0012447,normal,,ACC00161,ACC00328
TXN0012448,normal,,ACC00105,ACC00328
TXN0012449,normal,,ACC00328,ACC00138
TXN0012450,normal,,ACC00463,ACC00328
TXN0012451,normal,,ACC00328,ACC00148
TXN0012452,normal,,ACC00328,ACC00260
TXN0012453,normal,,ACC00328,ACC00138
TXN0012454,normal,,ACC00328,ACC00148
TXN0012455,normal,,ACC00138,ACC00328
TXN0012456,normal,,ACC00431,ACC00328
TXN0012457,normal,,ACC00328,ACC00382
TXN0012458,normal,,ACC00328,ACC00148
TXN0012459,normal,,ACC00138,ACC00328
TXN0012460,normal,,ACC00328,ACC00138
TXN0012461,normal,,ACC00221,ACC00328
TXN0012462,normal,,ACC00328,ACC00011
TXN0012463,normal,,ACC00328,ACC00148
TXN0012464,normal,,ACC00328,ACC00382
TXN0012465,normal,,ACC00464,ACC00328
TXN0012466,normal,,ACC00221,ACC00328
TXN0012467,normal,,ACC00221,ACC00328
TXN0012468,normal,,ACC00382,ACC00328
TXN0012469,normal,,ACC00463,ACC00328
TXN0012470,normal,,ACC00221,ACC00328
TXN0012471,normal,,ACC00328,ACC00448
TXN0012472,normal,,ACC00328,ACC00005
TXN0012473,normal,,ACC00328,ACC00019
TXN0012474,normal,,ACC00328,ACC00005
TXN0012475,normal,,ACC00138,ACC00328
TXN0012476,normal,,ACC00148,ACC00328
TXN0012477,normal,,ACC00328,ACC00148
TXN0012478,normal,,ACC00328,ACC00367
TXN0012479,normal,,ACC00328,ACC00221
TXN0012480,normal,,ACC00328,ACC00463
TXN0012481,normal,,ACC00328,ACC00221
TXN0012482,normal,,ACC00328,ACC00147
TXN0012483,normal,,ACC00328,ACC00365
TXN0012484,normal,,ACC00328,ACC00005
TXN0012485,normal,,ACC00148,ACC00328
TXN0012486,normal,,ACC00328,ACC00463
TXN0012487,normal,,ACC00328,ACC00463
TXN0012488,normal,,ACC00138,ACC00328
TXN0012489,normal,,ACC00328,ACC00448
TXN0012490,normal,,ACC00148,ACC00328
TXN0012491,normal,,ACC00365,ACC00328
TXN0012492,normal,,ACC00328,ACC00412
TXN0012493,normal,,ACC00382,ACC00328
TXN0012494,normal,,ACC00005,ACC00328
TXN0012495,normal,,ACC00463,ACC00328
TXN0012496,normal,,ACC00448,ACC00328
TXN0012497,normal,,ACC00005,ACC00328
TXN0012498,normal,,ACC00365,ACC00328
TXN0012499,normal,,ACC00328,ACC00463
TXN0012500,normal,,ACC00328,ACC00100
TXN0012501,normal,,ACC00328,ACC00463
TXN0012502,normal,,ACC00212,ACC00329
TXN0012503,normal,,ACC00329,ACC00436
TXN0012504,normal,,ACC00329,ACC00002
TXN0012505,normal,,ACC00386,ACC00329
TXN0012506,normal,,ACC00329,ACC00386
TXN0012507,normal,,ACC00329,ACC00212
TXN0012508,normal,,ACC00002,ACC00329
TXN0012509,normal,,ACC00329,ACC00002
TXN0012510,normal,,ACC00042,ACC00329
TXN0012511,normal,,ACC00002,ACC00329
TXN0012512,normal,,ACC00329,ACC00167
TXN0012513,normal,,ACC00002,ACC00329
TXN0012514,normal,,ACC00002,ACC00329
TXN0012515,normal,,ACC00329,ACC00359
TXN0012516,normal,,ACC00359,ACC00329
TXN0012517,normal,,ACC00212,ACC00329
TXN0012518,normal,,ACC00009,ACC00329
TXN0012519,normal,,ACC00359,ACC00329
TXN0012520,normal,,ACC00167,ACC00329
TXN0012521,normal,,ACC00212,ACC00329
TXN0012522,normal,,ACC00167,ACC00329
TXN0012523,normal,,ACC00329,ACC00002
TXN0012524,normal,,ACC00329,ACC00009
TXN0012525,normal,,ACC00329,ACC00167
TXN0012526,normal,,ACC00167,ACC00329
TXN0012527,normal,,ACC00002,ACC00329
TXN0012528,normal,,ACC00419,ACC00329
TXN0012529,normal,,ACC00212,ACC00329
TXN0012530,normal,,ACC00329,ACC00212
TXN0012531,normal,,ACC00329,ACC00419
TXN0012532,normal,,ACC00329,ACC00359
TXN0012533,normal,,ACC00326,ACC00329
TXN0012534,normal,,ACC00386,ACC00329
TXN0012535,normal,,ACC00329,ACC00301
TXN0012536,normal,,ACC00060,ACC00329
TXN0012537,normal,,ACC00386,ACC00329
TXN0012538,normal,,ACC00329,ACC00214
TXN0012539,normal,,ACC00329,ACC00326
TXN0012540,normal,,ACC00329,ACC00212
TXN0012541,normal,,ACC00329,ACC00167
TXN0012542,normal,,ACC00329,ACC00371
TXN0012543,normal,,ACC00329,ACC00212
TXN0012544,normal,,ACC00329,ACC00167
TXN0012545,normal,,ACC00329,ACC00009
TXN0012546,normal,,ACC00386,ACC00329
TXN0012547,normal,,ACC00167,ACC00329
TXN0012548,normal,,ACC00329,ACC00372
TXN0012549,normal,,ACC00329,ACC00167
TXN0012550,normal,,ACC00151,ACC00329
TXN0012551,normal,,ACC00419,ACC00329
TXN0012552,normal,,ACC00419,ACC00329
TXN0012553,normal,,ACC00329,ACC00212
TXN0012554,normal,,ACC00329,ACC00419
TXN0012555,normal,,ACC00329,ACC00443
TXN0012556,normal,,ACC00002,ACC00329
TXN0012557,normal,,ACC00419,ACC00329
TXN0012558,normal,,ACC00167,ACC00329
TXN0012559,normal,,ACC00359,ACC00329
TXN0012560,normal,,ACC00412,ACC00329
TXN0012561,normal,,ACC00212,ACC00329
TXN0012562,normal,,ACC00492,ACC00330
TXN0012563,normal,,ACC00385,ACC00330
TXN0012564,normal,,ACC00337,ACC00330
TXN0012565,normal,,ACC00330,ACC00332
TXN0012566,normal,,ACC00101,ACC00330
TXN0012567,normal,,ACC00385,ACC00330
TXN0012568,normal,,ACC00330,ACC00120
TXN0012569,normal,,ACC00330,ACC00120
TXN0012570,normal,,ACC00385,ACC00330
TXN0012571,normal,,ACC00281,ACC00330
TXN0012572,normal,,ACC00330,ACC00056
TXN0012573,normal,,ACC00243,ACC00330
TXN0012574,normal,,ACC00492,ACC00330
TXN0012575,normal,,ACC00330,ACC00056
TXN0012576,normal,,ACC00385,ACC00330
TXN0012577,normal,,ACC00359,ACC00330
TXN0012578,normal,,ACC00327,ACC00331
TXN0012579,normal,,ACC00011,ACC00331
TXN0012580,normal,,ACC00011,ACC00331
TXN0012581,normal,,ACC00331,ACC00312
TXN0012582,normal,,ACC00331,ACC00312
TXN0012583,normal,,ACC00331,ACC00183
TXN0012584,normal,,ACC00116,ACC00331
TXN0012585,normal,,ACC00331,ACC00157
TXN0012586,normal,,ACC00327,ACC00331
TXN0012587,normal,,ACC00331,ACC00157
TXN0012588,normal,,ACC00331,ACC00336
TXN0012589,normal,,ACC00331,ACC00336
TXN0012590,normal,,ACC00331,ACC00157
TXN0012591,normal,,ACC00331,ACC00285
TXN0012592,normal,,ACC00285,ACC00331
TXN0012593,normal,,ACC00064,ACC00331
TXN0012594,normal,,ACC00157,ACC00331
TXN0012595,normal,,ACC00064,ACC00331
TXN0012596,normal,,ACC00295,ACC00331
TXN0012597,normal,,ACC00331,ACC00285
TXN0012598,normal,,ACC00331,ACC00285
TXN0012599,normal,,ACC00327,ACC00331
TXN0012600,normal,,ACC00064,ACC00331
TXN0012601,normal,,ACC00285,ACC00331
TXN0012602,normal,,ACC00331,ACC00011
TXN0012603,normal,,ACC00331,ACC00064
TXN0012604,normal,,ACC00154,ACC00331
TXN0012605,normal,,ACC00336,ACC00331
TXN0012606,normal,,ACC00331,ACC00011
TXN0012607,normal,,ACC00011,ACC00331
TXN0012608,normal,,ACC00331,ACC00327
TXN0012609,normal,,ACC00331,ACC00327
TXN0012610,normal,,ACC00285,ACC00331
TXN0012611,normal,,ACC00157,ACC00331
TXN0012612,normal,,ACC00331,ACC00327
TXN0012613,normal,,ACC00332,ACC00297
TXN0012614,normal,,ACC00452,ACC00332
TXN0012615,normal,,ACC00439,ACC00332
TXN0012616,normal,,ACC00297,ACC00332
TXN0012617,normal,,ACC00332,ACC00109
TXN0012618,normal,,ACC00297,ACC00332
TXN0012619,normal,,ACC00332,ACC00303
TXN0012620,normal,,ACC00332,ACC00109
TXN0012621,normal,,ACC00332,ACC00297
TXN0012622,normal,,ACC00332,ACC00439
TXN0012623,normal,,ACC00404,ACC00332
TXN0012624,normal,,ACC00109,ACC00332
TXN0012625,normal,,ACC00109,ACC00332
TXN0012626,normal,,ACC00303,ACC00332
TXN0012627,normal,,ACC00332,ACC00109
TXN0012628,normal,,ACC00332,ACC00303
TXN0012629,normal,,ACC00332,ACC00439
TXN0012630,normal,,ACC00151,ACC00332
TXN0012631,normal,,ACC00332,ACC00476
TXN0012632,normal,,ACC00317,ACC00332
TXN0012633,normal,,ACC00332,ACC00109
TXN0012634,normal,,ACC00332,ACC00032
TXN0012635,normal,,ACC00332,ACC00389
TXN0012636,normal,,ACC00332,ACC00439
TXN0012637,normal,,ACC00439,ACC00332
TXN0012638,normal,,ACC00332,ACC00303
TXN0012639,normal,,ACC00317,ACC00332
TXN0012640,normal,,ACC00332,ACC00317
TXN0012641,normal,,ACC00297,ACC00332
TXN0012642,normal,,ACC00332,ACC00109
TXN0012643,normal,,ACC00439,ACC00332
TXN0012644,normal,,ACC00109,ACC00332
TXN0012645,normal,,ACC00332,ACC00389
TXN0012646,normal,,ACC00439,ACC00332
TXN0012647,normal,,ACC00332,ACC00095
TXN0012648,normal,,ACC00332,ACC00297
TXN0012649,normal,,ACC00109,ACC00332
TXN0012650,normal,,ACC00194,ACC00333
TXN0012651,normal,,ACC00493,ACC00333
TXN0012652,normal,,ACC00447,ACC00333
TXN0012653,normal,,ACC00021,ACC00333
TXN0012654,normal,,ACC00333,ACC00237
TXN0012655,normal,,ACC00333,ACC00493
TXN0012656,normal,,ACC00393,ACC00333
TXN0012657,normal,,ACC00493,ACC00333
TXN0012658,normal,,ACC00447,ACC00333
TXN0012659,normal,,ACC00333,ACC00126
TXN0012660,normal,,ACC00493,ACC00333
TXN0012661,normal,,ACC00126,ACC00333
TXN0012662,normal,,ACC00333,ACC00088
TXN0012663,normal,,ACC00333,ACC00126
TXN0012664,normal,,ACC00333,ACC00194
TXN0012665,normal,,ACC00333,ACC00493
TXN0012666,normal,,ACC00333,ACC00126
TXN0012667,normal,,ACC00480,ACC00333
TXN0012668,normal,,ACC00334,ACC00406
TXN0012669,normal,,ACC00022,ACC00334
TXN0012670,normal,,ACC00334,ACC00242
TXN0012671,normal,,ACC00334,ACC00201
TXN0012672,normal,,ACC00334,ACC00027
TXN0012673,normal,,ACC00200,ACC00334
TXN0012674,normal,,ACC00334,ACC00440
TXN0012675,normal,,ACC00308,ACC00334
TXN0012676,normal,,ACC00406,ACC00334
TXN0012677,normal,,ACC00363,ACC00334
TXN0012678,normal,,ACC00334,ACC00449
TXN0012679,normal,,ACC00260,ACC00334
TXN0012680,normal,,ACC00363,ACC00334
TXN0012681,normal,,ACC00334,ACC00154
TXN0012682,normal,,ACC00406,ACC00334
TXN0012683,normal,,ACC00334,ACC00022
TXN0012684,normal,,ACC00334,ACC00158
TXN0012685,normal,,ACC00334,ACC00449
TXN0012686,normal,,ACC00450,ACC00334
TXN0012687,normal,,ACC00334,ACC00022
TXN0012688,normal,,ACC00334,ACC00154
TXN0012689,normal,,ACC00334,ACC00238
TXN0012690,normal,,ACC00248,ACC00334
TXN0012691,normal,,ACC00363,ACC00334
TXN0012692,normal,,ACC00334,ACC00022
TXN0012693,normal,,ACC00406,ACC00334
TXN0012694,normal,,ACC00022,ACC00334
TXN0012695,normal,,ACC00158,ACC00334
TXN0012696,normal,,ACC00334,ACC00158
TXN0012697,normal,,ACC00334,ACC00147
TXN0012698,normal,,ACC00334,ACC00208
TXN0012699,normal,,ACC00334,ACC00449
TXN0012700,normal,,ACC00334,ACC00094
TXN0012701,normal,,ACC00335,ACC00188
TXN0012702,normal,,ACC00335,ACC00019
TXN0012703,normal,,ACC00486,ACC00335
TXN0012704,normal,,ACC00335,ACC00470
TXN0012705,normal,,ACC00335,ACC00177
TXN0012706,normal,,ACC00177,ACC00335
TXN0012707,normal,,ACC00335,ACC00318
TXN0012708,normal,,ACC00335,ACC00039
TXN0012709,normal,,ACC00335,ACC00142
TXN0012710,normal,,ACC00335,ACC00177
TXN0012711,normal,,ACC00335,ACC00142
TXN0012712,normal,,ACC00335,ACC00142
TXN0012713,normal,,ACC00142,ACC00335
TXN0012714,normal,,ACC00335,ACC00486
TXN0012715,normal,,ACC00318,ACC00335
TXN0012716,normal,,ACC00335,ACC00177
TXN0012717,normal,,ACC00335,ACC00486
TXN0012718,normal,,ACC00019,ACC00335
TXN0012719,normal,,ACC00264,ACC00335
TXN0012720,normal,,ACC00039,ACC00335
TXN0012721,normal,,ACC00039,ACC00335
TXN0012722,normal,,ACC00335,ACC00470
TXN0012723,normal,,ACC00335,ACC00019
TXN0012724,normal,,ACC00335,ACC00318
TXN0012725,normal,,ACC00335,ACC00318
TXN0012726,normal,,ACC00335,ACC00318
TXN0012727,normal,,ACC00335,ACC00177
TXN0012728,normal,,ACC00470,ACC00335
TXN0012729,normal,,ACC00177,ACC00335
TXN0012730,normal,,ACC00335,ACC00019
TXN0012731,normal,,ACC00335,ACC00142
TXN0012732,normal,,ACC00335,ACC00263
TXN0012733,normal,,ACC00335,ACC00470
TXN0012734,normal,,ACC00335,ACC00318
TXN0012735,normal,,ACC00335,ACC00486
TXN0012736,normal,,ACC00039,ACC00335
TXN0012737,normal,,ACC00335,ACC00039
TXN0012738,normal,,ACC00039,ACC00335
TXN0012739,normal,,ACC00335,ACC00315
TXN0012740,normal,,ACC00335,ACC00142
TXN0012741,normal,,ACC00335,ACC00318
TXN0012742,normal,,ACC00476,ACC00336
TXN0012743,normal,,ACC00310,ACC00336
TXN0012744,normal,,ACC00336,ACC00310
TXN0012745,normal,,ACC00026,ACC00336
TXN0012746,normal,,ACC00336,ACC00176
TXN0012747,normal,,ACC00336,ACC00476
TXN0012748,normal,,ACC00336,ACC00199
TXN0012749,normal,,ACC00336,ACC00360
TXN0012750,normal,,ACC00476,ACC00336
TXN0012751,normal,,ACC00336,ACC00476
TXN0012752,normal,,ACC00336,ACC00476
TXN0012753,normal,,ACC00336,ACC00476
TXN0012754,normal,,ACC00476,ACC00336
TXN0012755,normal,,ACC00336,ACC00026
TXN0012756,normal,,ACC00290,ACC00336
TXN0012757,normal,,ACC00474,ACC00337
TXN0012758,normal,,ACC00337,ACC00464
TXN0012759,normal,,ACC00337,ACC00238
TXN0012760,normal,,ACC00337,ACC00059
TXN0012761,normal,,ACC00337,ACC00066
TXN0012762,normal,,ACC00238,ACC00337
TXN0012763,normal,,ACC00337,ACC00238
TXN0012764,normal,,ACC00212,ACC00337
TXN0012765,normal,,ACC00337,ACC00046
TXN0012766,normal,,ACC00337,ACC00066
TXN0012767,normal,,ACC00337,ACC00238
TXN0012768,normal,,ACC00337,ACC00059
TXN0012769,normal,,ACC00337,ACC00447
TXN0012770,normal,,ACC00337,ACC00238
TXN0012771,normal,,ACC00337,ACC00238
TXN0012772,normal,,ACC00244,ACC00337
TXN0012773,normal,,ACC00028,ACC00337
TXN0012774,normal,,ACC00337,ACC00464
TXN0012775,normal,,ACC00337,ACC00134
TXN0012776,normal,,ACC00447,ACC00337
TXN0012777,normal,,ACC00337,ACC00447
TXN0012778,normal,,ACC00337,ACC00134
TXN0012779,normal,,ACC00337,ACC00394
TXN0012780,normal,,ACC00337,ACC00158
TXN0012781,normal,,ACC00238,ACC00337
TXN0012782,normal,,ACC00134,ACC00337
TXN0012783,normal,,ACC00337,ACC00269
TXN0012784,normal,,ACC00046,ACC00337
TXN0012785,normal,,ACC00337,ACC00134
TXN0012786,normal,,ACC00134,ACC00337
TXN0012787,normal,,ACC00337,ACC00134
TXN0012788,normal,,ACC00337,ACC00465
TXN0012789,normal,,ACC00337,ACC00059
TXN0012790,normal,,ACC00337,ACC00497
TXN0012791,normal,,ACC00337,ACC00059
TXN0012792,normal,,ACC00238,ACC00337
TXN0012793,normal,,ACC00059,ACC00337
TXN0012794,normal,,ACC00337,ACC00046
TXN0012795,normal,,ACC00238,ACC00337
TXN0012796,normal,,ACC00337,ACC00134
TXN0012797,normal,,ACC00337,ACC00447
TXN0012798,normal,,ACC00464,ACC00337
TXN0012799,normal,,ACC00337,ACC00059
TXN0012800,normal,,ACC00181,ACC00337
TXN0012801,normal,,ACC00464,ACC00337
TXN0012802,normal,,ACC00181,ACC00337
TXN0012803,normal,,ACC00059,ACC00337
TXN0012804,normal,,ACC00337,ACC00046
TXN0012805,normal,,ACC00134,ACC00337
TXN0012806,normal,,ACC00462,ACC00337
TXN0012807,normal,,ACC00128,ACC00337
TXN0012808,normal,,ACC00337,ACC00244
TXN0012809,normal,,ACC00059,ACC00337
TXN0012810,normal,,ACC00046,ACC00337
TXN0012811,normal,,ACC00181,ACC00337
TXN0012812,normal,,ACC00134,ACC00337
TXN0012813,normal,,ACC00338,ACC00001
TXN0012814,normal,,ACC00011,ACC00338
TXN0012815,normal,,ACC00011,ACC00338
TXN0012816,normal,,ACC00011,ACC00338
TXN0012817,normal,,ACC00011,ACC00338
TXN0012818,normal,,ACC00338,ACC00451
TXN0012819,normal,,ACC00338,ACC00451
TXN0012820,normal,,ACC00451,ACC00338
TXN0012821,normal,,ACC00485,ACC00338
TXN0012822,normal,,ACC00338,ACC00485
TXN0012823,normal,,ACC00338,ACC00011
TXN0012824,normal,,ACC00338,ACC00448
TXN0012825,normal,,ACC00398,ACC00338
TXN0012826,normal,,ACC00338,ACC00153
TXN0012827,normal,,ACC00338,ACC00246
TXN0012828,normal,,ACC00338,ACC00217
TXN0012829,normal,,ACC00451,ACC00338
TXN0012830,normal,,ACC00338,ACC00398
TXN0012831,normal,,ACC00410,ACC00338
TXN0012832,normal,,ACC00485,ACC00338
TXN0012833,normal,,ACC00033,ACC00338
TXN0012834,normal,,ACC00169,ACC00338
TXN0012835,normal,,ACC00338,ACC00153
TXN0012836,normal,,ACC00249,ACC00338
TXN0012837,normal,,ACC00338,ACC00398
TXN0012838,normal,,ACC00338,ACC00176
TXN0012839,normal,,ACC00338,ACC00255
TXN0012840,normal,,ACC00338,ACC00410
TXN0012841,normal,,ACC00153,ACC00338
TXN0012842,normal,,ACC00485,ACC00338
TXN0012843,normal,,ACC00338,ACC00485
TXN0012844,normal,,ACC00255,ACC00338
TXN0012845,normal,,ACC00011,ACC00338
TXN0012846,normal,,ACC00485,ACC00338
TXN0012847,normal,,ACC00297,ACC00338
TXN0012848,normal,,ACC00011,ACC00338
TXN0012849,normal,,ACC00071,ACC00338
TXN0012850,normal,,ACC00338,ACC00118
TXN0012851,normal,,ACC00398,ACC00338
TXN0012852,normal,,ACC00338,ACC00410
TXN0012853,normal,,ACC00338,ACC00153
TXN0012854,normal,,ACC00176,ACC00338
TXN0012855,normal,,ACC00338,ACC00451
TXN0012856,normal,,ACC00255,ACC00338
TXN0012857,normal,,ACC00338,ACC00270
TXN0012858,normal,,ACC00338,ACC00153
TXN0012859,normal,,ACC00339,ACC00284
TXN0012860,normal,,ACC00023,ACC00339
TXN0012861,normal,,ACC00339,ACC00257
TXN0012862,normal,,ACC00339,ACC00036
TXN0012863,normal,,ACC00023,ACC00339
TXN0012864,normal,,ACC00339,ACC00451
TXN0012865,normal,,ACC00339,ACC00036
TXN0012866,normal,,ACC00339,ACC00270
TXN0012867,normal,,ACC00339,ACC00451
TXN0012868,normal,,ACC00499,ACC00339
TXN0012869,normal,,ACC00010,ACC00339
TXN0012870,normal,,ACC00339,ACC00269
TXN0012871,normal,,ACC00339,ACC00451
TXN0012872,normal,,ACC00295,ACC00339
TXN0012873,normal,,ACC00339,ACC00239
TXN0012874,normal,,ACC00312,ACC00339
TXN0012875,normal,,ACC00023,ACC00339
TXN0012876,normal,,ACC00036,ACC00339
TXN0012877,normal,,ACC00339,ACC00451
TXN0012878,normal,,ACC00023,ACC00339
TXN0012879,normal,,ACC00339,ACC00392
TXN0012880,normal,,ACC00036,ACC00339
TXN0012881,normal,,ACC00239,ACC00339
TXN0012882,normal,,ACC00143,ACC00339
TXN0012883,normal,,ACC00339,ACC00450
TXN0012884,normal,,ACC00392,ACC00339
TXN0012885,normal,,ACC00036,ACC00339
TXN0012886,normal,,ACC00339,ACC00394
TXN0012887,normal,,ACC00339,ACC00295
TXN0012888,normal,,ACC00239,ACC00339
TXN0012889,normal,,ACC00036,ACC00339
TXN0012890,normal,,ACC00392,ACC00339
TXN0012891,normal,,ACC00339,ACC00023
TXN0012892,normal,,ACC00339,ACC00295
TXN0012893,normal,,ACC00092,ACC00339
TXN0012894,normal,,ACC00451,ACC00339
TXN0012895,normal,,ACC00339,ACC00023
TXN0012896,normal,,ACC00036,ACC00339
TXN0012897,normal,,ACC00339,ACC00023
TXN0012898,normal,,ACC00340,ACC00004
TXN0012899,normal,,ACC00340,ACC00020
TXN0012900,normal,,ACC00215,ACC00340
TXN0012901,normal,,ACC00340,ACC00486
TXN0012902,normal,,ACC00340,ACC00418
TXN0012903,normal,,ACC00340,ACC00336
TXN0012904,normal,,ACC00004,ACC00340
TXN0012905,normal,,ACC00340,ACC00477
TXN0012906,normal,,ACC00340,ACC00477
TXN0012907,normal,,ACC00340,ACC00215
TXN0012908,normal,,ACC00486,ACC00340
TXN0012909,normal,,ACC00340,ACC00004
TXN0012910,normal,,ACC00340,ACC00460
TXN0012911,normal,,ACC00340,ACC00215
TXN0012912,normal,,ACC00418,ACC00340
TXN0012913,normal,,ACC00477,ACC00340
TXN0012914,normal,,ACC00418,ACC00340
TXN0012915,normal,,ACC00477,ACC00340
TXN0012916,normal,,ACC00340,ACC00215
TXN0012917,normal,,ACC00340,ACC00274
TXN0012918,normal,,ACC00229,ACC00340
TXN0012919,normal,,ACC00340,ACC00217
TXN0012920,normal,,ACC00274,ACC00340
TXN0012921,normal,,ACC00477,ACC00340
TXN0012922,normal,,ACC00004,ACC00340
TXN0012923,normal,,ACC00340,ACC00486
TXN0012924,normal,,ACC00220,ACC00340
TXN0012925,normal,,ACC00340,ACC00418
TXN0012926,normal,,ACC00477,ACC00340
TXN0012927,normal,,ACC00340,ACC00229
TXN0012928,normal,,ACC00229,ACC00340
TXN0012929,normal,,ACC00062,ACC00340
TXN0012930,normal,,ACC00004,ACC00340
TXN0012931,normal,,ACC00220,ACC00340
TXN0012932,normal,,ACC00340,ACC00266
TXN0012933,normal,,ACC00340,ACC00004
TXN0012934,normal,,ACC00340,ACC00004
TXN0012935,normal,,ACC00340,ACC00274
TXN0012936,normal,,ACC00336,ACC00340
TXN0012937,normal,,ACC00340,ACC00004
TXN0012938,normal,,ACC00477,ACC00340
TXN0012939,normal,,ACC00418,ACC00340
TXN0012940,normal,,ACC00340,ACC00116
TXN0012941,normal,,ACC00341,ACC00227
TXN0012942,normal,,ACC00165,ACC00341
TXN0012943,normal,,ACC00341,ACC00059
TXN0012944,normal,,ACC00341,ACC00245
TXN0012945,normal,,ACC00341,ACC00220
TXN0012946,normal,,ACC00341,ACC00288
TXN0012947,normal,,ACC00227,ACC00341
TXN0012948,normal,,ACC00341,ACC00087
TXN0012949,normal,,ACC00227,ACC00341
TXN0012950,normal,,ACC00341,ACC00251
TXN0012951,normal,,ACC00059,ACC00341
TXN0012952,normal,,ACC00341,ACC00157
TXN0012953,normal,,ACC00341,ACC00453
TXN0012954,normal,,ACC00443,ACC00341
TXN0012955,normal,,ACC00245,ACC00341
TXN0012956,normal,,ACC00063,ACC00341
TXN0012957,normal,,ACC00341,ACC00492
TXN0012958,normal,,ACC00341,ACC00081
TXN0012959,normal,,ACC00341,ACC00063
TXN0012960,normal,,ACC00341,ACC00392
TXN0012961,normal,,ACC00081,ACC00341
TXN0012962,normal,,ACC00341,ACC00227
TXN0012963,normal,,ACC00341,ACC00485
TXN0012964,normal,,ACC00443,ACC00341
TXN0012965,normal,,ACC00341,ACC00453
TXN0012966,normal,,ACC00149,ACC00341
TXN0012967,normal,,ACC00341,ACC00443
TXN0012968,normal,,ACC00341,ACC00065
TXN0012969,normal,,ACC00245,ACC00341
TXN0012970,normal,,ACC00341,ACC00245
TXN0012971,normal,,ACC00341,ACC00432
TXN0012972,normal,,ACC00367,ACC00341
TXN0012973,normal,,ACC00341,ACC00453
TXN0012974,normal,,ACC00341,ACC00232
TXN0012975,normal,,ACC00341,ACC00443
TXN0012976,normal,,ACC00341,ACC00251
TXN0012977,normal,,ACC00123,ACC00341
TXN0012978,normal,,ACC00245,ACC00341
TXN0012979,normal,,ACC00341,ACC00059
TXN0012980,normal,,ACC00341,ACC00245
TXN0012981,normal,,ACC00081,ACC00341
TXN0012982,normal,,ACC00249,ACC00341
TXN0012983,normal,,ACC00245,ACC00341
TXN0012984,normal,,ACC00456,ACC00341
TXN0012985,normal,,ACC00453,ACC00341
TXN0012986,normal,,ACC00453,ACC00341
TXN0012987,normal,,ACC00063,ACC00341
TXN0012988,normal,,ACC00059,ACC00341
TXN0012989,normal,,ACC00341,ACC00441
TXN0012990,normal,,ACC00227,ACC00341
TXN0012991,normal,,ACC00341,ACC00245
TXN0012992,normal,,ACC00341,ACC00081
TXN0012993,normal,,ACC00341,ACC00443
TXN0012994,normal,,ACC00443,ACC00341
TXN0012995,normal,,ACC00209,ACC00342
TXN0012996,normal,,ACC00342,ACC00270
TXN0012997,normal,,ACC00342,ACC00462
TXN0012998,normal,,ACC00462,ACC00342
TXN0012999,normal,,ACC00315,ACC00342
TXN0013000,normal,,ACC00342,ACC00315
TXN0013001,normal,,ACC00345,ACC00342
TXN0013002,normal,,ACC00342,ACC00209
TXN0013003,normal,,ACC00342,ACC00209
TXN0013004,normal,,ACC00342,ACC00462
TXN0013005,normal,,ACC00429,ACC00342
TXN0013006,normal,,ACC00342,ACC00024
TXN0013007,normal,,ACC00342,ACC00209
TXN0013008,normal,,ACC00345,ACC00342
TXN0013009,normal,,ACC00342,ACC00429
TXN0013010,normal,,ACC00304,ACC00342
TXN0013011,normal,,ACC00275,ACC00342
TXN0013012,normal,,ACC00123,ACC00342
TXN0013013,normal,,ACC00342,ACC00209
TXN0013014,normal,,ACC00498,ACC00342
TXN0013015,normal,,ACC00429,ACC00342
TXN0013016,normal,,ACC00342,ACC00429
TXN0013017,normal,,ACC00342,ACC00209
TXN0013018,normal,,ACC00342,ACC00270
TXN0013019,normal,,ACC00315,ACC00342
TXN0013020,normal,,ACC00343,ACC00053
TXN0013021,normal,,ACC00343,ACC00025
TXN0013022,normal,,ACC00343,ACC00257
TXN0013023,normal,,ACC00386,ACC00343
TXN0013024,normal,,ACC00068,ACC00343
TXN0013025,normal,,ACC00343,ACC00312
TXN0013026,normal,,ACC00343,ACC00025
TXN0013027,normal,,ACC00343,ACC00361
TXN0013028,normal,,ACC00343,ACC00224
TXN0013029,normal,,ACC00361,ACC00343
TXN0013030,normal,,ACC00361,ACC00343
TXN0013031,normal,,ACC00343,ACC00137
TXN0013032,normal,,ACC00343,ACC00494
TXN0013033,normal,,ACC00343,ACC00358
TXN0013034,normal,,ACC00361,ACC00343
TXN0013035,normal,,ACC00475,ACC00343
TXN0013036,normal,,ACC00137,ACC00343
TXN0013037,normal,,ACC00358,ACC00343
TXN0013038,normal,,ACC00025,ACC00343
TXN0013039,normal,,ACC00343,ACC00259
TXN0013040,normal,,ACC00343,ACC00433
TXN0013041,normal,,ACC00453,ACC00343
TXN0013042,normal,,ACC00343,ACC00197
TXN0013043,normal,,ACC00343,ACC00286
TXN0013044,normal,,ACC00358,ACC00343
TXN0013045,normal,,ACC00137,ACC00343
TXN0013046,normal,,ACC00343,ACC00197
TXN0013047,normal,,ACC00077,ACC00343
TXN0013048,normal,,ACC00361,ACC00343
TXN0013049,normal,,ACC00259,ACC00343
TXN0013050,normal,,ACC00343,ACC00007
TXN0013051,normal,,ACC00343,ACC00197
TXN0013052,normal,,ACC00343,ACC00197
TXN0013053,normal,,ACC00343,ACC00025
TXN0013054,normal,,ACC00343,ACC00197
TXN0013055,normal,,ACC00197,ACC00343
TXN0013056,normal,,ACC00010,ACC00343
TXN0013057,normal,,ACC00326,ACC00344
TXN0013058,normal,,ACC00344,ACC00468
TXN0013059,normal,,ACC00096,ACC00344
TXN0013060,normal,,ACC00344,ACC00009
TXN0013061,normal,,ACC00346,ACC00344
TXN0013062,normal,,ACC00344,ACC00009
TXN0013063,normal,,ACC00430,ACC00344
TXN0013064,normal,,ACC00344,ACC00266
TXN0013065,normal,,ACC00344,ACC00312
TXN0013066,normal,,ACC00344,ACC00096
TXN0013067,normal,,ACC00096,ACC00344
TXN0013068,normal,,ACC00344,ACC00498
TXN0013069,normal,,ACC00498,ACC00344
TXN0013070,normal,,ACC00344,ACC00326
TXN0013071,normal,,ACC00344,ACC00009
TXN0013072,normal,,ACC00344,ACC00346
TXN0013073,normal,,ACC00346,ACC00344
TXN0013074,normal,,ACC00345,ACC00244
TXN0013075,normal,,ACC00005,ACC00345
TXN0013076,normal,,ACC00361,ACC00345
TXN0013077,normal,,ACC00062,ACC00345
TXN0013078,normal,,ACC00062,ACC00345
TXN0013079,normal,,ACC00345,ACC00031
TXN0013080,normal,,ACC00345,ACC00324
TXN0013081,normal,,ACC00356,ACC00345
TXN0013082,normal,,ACC00345,ACC00062
TXN0013083,normal,,ACC00345,ACC00324
TXN0013084,normal,,ACC00345,ACC00356
TXN0013085,normal,,ACC00345,ACC00465
TXN0013086,normal,,ACC00345,ACC00244
TXN0013087,normal,,ACC00197,ACC00345
TXN0013088,normal,,ACC00356,ACC00345
TXN0013089,normal,,ACC00281,ACC00345
TXN0013090,normal,,ACC00244,ACC00345
TXN0013091,normal,,ACC00345,ACC00361
TXN0013092,normal,,ACC00474,ACC00345
TXN0013093,normal,,ACC00396,ACC00345
TXN0013094,normal,,ACC00345,ACC00012
TXN0013095,normal,,ACC00324,ACC00345
TXN0013096,normal,,ACC00062,ACC00345
TXN0013097,normal,,ACC00345,ACC00281
TXN0013098,normal,,ACC00345,ACC00244
TXN0013099,normal,,ACC00345,ACC00356
TXN0013100,normal,,ACC00345,ACC00244
TXN0013101,normal,,ACC00396,ACC00345
TXN0013102,normal,,ACC00324,ACC00345
TXN0013103,normal,,ACC00345,ACC00062
TXN0013104,normal,,ACC00346,ACC00254
TXN0013105,normal,,ACC00346,ACC00369
TXN0013106,normal,,ACC00338,ACC00346
TXN0013107,normal,,ACC00369,ACC00346
TXN0013108,normal,,ACC00172,ACC00346
TXN0013109,normal,,ACC00137,ACC00346
TXN0013110,normal,,ACC00460,ACC00346
TXN0013111,normal,,ACC00346,ACC00177
TXN0013112,normal,,ACC00346,ACC00177
TXN0013113,normal,,ACC00286,ACC00346
TXN0013114,normal,,ACC00215,ACC00346
TXN0013115,normal,,ACC00423,ACC00346
TXN0013116,normal,,ACC00346,ACC00460
TXN0013117,normal,,ACC00172,ACC00346
TXN0013118,normal,,ACC00346,ACC00055
TXN0013119,normal,,ACC00172,ACC00346
TXN0013120,normal,,ACC00338,ACC00346
TXN0013121,normal,,ACC00172,ACC00346
TXN0013122,normal,,ACC00172,ACC00346
TXN0013123,normal,,ACC00254,ACC00346
TXN0013124,normal,,ACC00369,ACC00346
TXN0013125,normal,,ACC00254,ACC00346
TXN0013126,normal,,ACC00346,ACC00254
TXN0013127,normal,,ACC00423,ACC00346
TXN0013128,normal,,ACC00460,ACC00346
TXN0013129,normal,,ACC00055,ACC00346
TXN0013130,normal,,ACC00172,ACC00346
TXN0013131,normal,,ACC00346,ACC00207
TXN0013132,normal,,ACC00346,ACC00172
TXN0013133,normal,,ACC00443,ACC00346
TXN0013134,normal,,ACC00346,ACC00254
TXN0013135,normal,,ACC00346,ACC00055
TXN0013136,normal,,ACC00369,ACC00346
TXN0013137,normal,,ACC00485,ACC00346
TXN0013138,normal,,ACC00423,ACC00346
TXN0013139,normal,,ACC00254,ACC00346
TXN0013140,normal,,ACC00346,ACC00172
TXN0013141,normal,,ACC00172,ACC00346
TXN0013142,normal,,ACC00346,ACC00369
TXN0013143,normal,,ACC00172,ACC00346
TXN0013144,normal,,ACC00346,ACC00369
TXN0013145,normal,,ACC00338,ACC00346
TXN0013146,normal,,ACC00055,ACC00346
TXN0013147,normal,,ACC00177,ACC00346
TXN0013148,normal,,ACC00055,ACC00346
TXN0013149,normal,,ACC00346,ACC00338
TXN0013150,normal,,ACC00346,ACC00423
TXN0013151,normal,,ACC00346,ACC00177
TXN0013152,normal,,ACC00346,ACC00055
TXN0013153,normal,,ACC00346,ACC00460
TXN0013154,normal,,ACC00346,ACC00055
TXN0013155,normal,,ACC00448,ACC00347
TXN0013156,normal,,ACC00347,ACC00012
TXN0013157,normal,,ACC00293,ACC00347
TXN0013158,normal,,ACC00082,ACC00347
TXN0013159,normal,,ACC00347,ACC00059
TXN0013160,normal,,ACC00347,ACC00012
TXN0013161,normal,,ACC00059,ACC00347
TXN0013162,normal,,ACC00347,ACC00448
TXN0013163,normal,,ACC00172,ACC00347
TXN0013164,normal,,ACC00172,ACC00347
TXN0013165,normal,,ACC00347,ACC00320
TXN0013166,normal,,ACC00347,ACC00159
TXN0013167,normal,,ACC00347,ACC00012
TXN0013168,normal,,ACC00448,ACC00347
TXN0013169,normal,,ACC00347,ACC00159
TXN0013170,normal,,ACC00347,ACC00293
TXN0013171,normal,,ACC00347,ACC00059
TXN0013172,normal,,ACC00347,ACC00389
TXN0013173,normal,,ACC00347,ACC00448
TXN0013174,normal,,ACC00172,ACC00347
TXN0013175,normal,,ACC00347,ACC00172
TXN0013176,normal,,ACC00347,ACC00082
TXN0013177,normal,,ACC00059,ACC00347
TXN0013178,normal,,ACC00347,ACC00320
TXN0013179,normal,,ACC00347,ACC00448
TXN0013180,normal,,ACC00482,ACC00347
TXN0013181,normal,,ACC00159,ACC00347
TXN0013182,normal,,ACC00347,ACC00082
TXN0013183,normal,,ACC00001,ACC00347
TXN0013184,normal,,ACC00347,ACC00059
TXN0013185,normal,,ACC00347,ACC00215
TXN0013186,normal,,ACC00347,ACC00059
TXN0013187,normal,,ACC00059,ACC00347
TXN0013188,normal,,ACC00347,ACC00159
TXN0013189,normal,,ACC00347,ACC00293
TXN0013190,normal,,ACC00158,ACC00347
TXN0013191,normal,,ACC00347,ACC00082
TXN0013192,normal,,ACC00347,ACC00082
TXN0013193,normal,,ACC00347,ACC00448
TXN0013194,normal,,ACC00347,ACC00172
TXN0013195,normal,,ACC00347,ACC00293
TXN0013196,normal,,ACC00418,ACC00347
TXN0013197,normal,,ACC00059,ACC00347
TXN0013198,normal,,ACC00320,ACC00347
TXN0013199,normal,,ACC00347,ACC00293
TXN0013200,normal,,ACC00347,ACC00293
TXN0013201,normal,,ACC00347,ACC00448
TXN0013202,normal,,ACC00347,ACC00159
TXN0013203,normal,,ACC00293,ACC00347
TXN0013204,normal,,ACC00347,ACC00267
TXN0013205,normal,,ACC00059,ACC00347
TXN0013206,normal,,ACC00347,ACC00172
TXN0013207,normal,,ACC00012,ACC00347
TXN0013208,normal,,ACC00293,ACC00347
TXN0013209,normal,,ACC00347,ACC00059
TXN0013210,normal,,ACC00347,ACC00320
TXN0013211,normal,,ACC00347,ACC00012
TXN0013212,normal,,ACC00375,ACC00348
TXN0013213,normal,,ACC00348,ACC00480
TXN0013214,normal,,ACC00348,ACC00188
TXN0013215,normal,,ACC00327,ACC00348
TXN0013216,normal,,ACC00297,ACC00348
TXN0013217,normal,,ACC00348,ACC00398
TXN0013218,normal,,ACC00348,ACC00249
TXN0013219,normal,,ACC00133,ACC00348
TXN0013220,normal,,ACC00010,ACC00348
TXN0013221,normal,,ACC00348,ACC00398
TXN0013222,normal,,ACC00302,ACC00348
TXN0013223,normal,,ACC00348,ACC00188
TXN0013224,normal,,ACC00403,ACC00348
TXN0013225,normal,,ACC00354,ACC00348
TXN0013226,normal,,ACC00348,ACC00249
TXN0013227,normal,,ACC00348,ACC00398
TXN0013228,normal,,ACC00348,ACC00010
TXN0013229,normal,,ACC00327,ACC00348
TXN0013230,normal,,ACC00348,ACC00327
TXN0013231,normal,,ACC00348,ACC00010
TXN0013232,normal,,ACC00348,ACC00480
TXN0013233,normal,,ACC00348,ACC00403
TXN0013234,normal,,ACC00375,ACC00348
TXN0013235,normal,,ACC00348,ACC00403
TXN0013236,normal,,ACC00249,ACC00348
TXN0013237,normal,,ACC00398,ACC00348
TXN0013238,normal,,ACC00348,ACC00403
TXN0013239,normal,,ACC00348,ACC00375
TXN0013240,normal,,ACC00348,ACC00188
TXN0013241,normal,,ACC00348,ACC00480
TXN0013242,normal,,ACC00348,ACC00327
TXN0013243,normal,,ACC00348,ACC00480
TXN0013244,normal,,ACC00374,ACC00348
TXN0013245,normal,,ACC00349,ACC00481
TXN0013246,normal,,ACC00272,ACC00349
TXN0013247,normal,,ACC00349,ACC00435
TXN0013248,normal,,ACC00349,ACC00023
TXN0013249,normal,,ACC00435,ACC00349
TXN0013250,normal,,ACC00133,ACC00349
TXN0013251,normal,,ACC00349,ACC00301
TXN0013252,normal,,ACC00023,ACC00349
TXN0013253,normal,,ACC00158,ACC00349
TXN0013254,normal,,ACC00349,ACC00235
TXN0013255,normal,,ACC00271,ACC00349
TXN0013256,normal,,ACC00359,ACC00349
TXN0013257,normal,,ACC00359,ACC00349
TXN0013258,normal,,ACC00349,ACC00359
TXN0013259,normal,,ACC00349,ACC00023
TXN0013260,normal,,ACC00301,ACC00349
TXN0013261,normal,,ACC00435,ACC00349
TXN0013262,normal,,ACC00349,ACC00429
TXN0013263,normal,,ACC00349,ACC00158
TXN0013264,normal,,ACC00259,ACC00349
TXN0013265,normal,,ACC00227,ACC00349
TXN0013266,normal,,ACC00349,ACC00158
TXN0013267,normal,,ACC00096,ACC00349
TXN0013268,normal,,ACC00349,ACC00450
TXN0013269,normal,,ACC00023,ACC00349
TXN0013270,normal,,ACC00349,ACC00359
TXN0013271,normal,,ACC00055,ACC00349
TXN0013272,normal,,ACC00349,ACC00435
TXN0013273,normal,,ACC00349,ACC00029
TXN0013274,normal,,ACC00349,ACC00435
TXN0013275,normal,,ACC00359,ACC00349
TXN0013276,normal,,ACC00349,ACC00435
TXN0013277,normal,,ACC00096,ACC00349
TXN0013278,normal,,ACC00359,ACC00349
TXN0013279,normal,,ACC00193,ACC00349
TXN0013280,normal,,ACC00096,ACC00349
TXN0013281,normal,,ACC00349,ACC00010
TXN0013282,normal,,ACC00275,ACC00350
TXN0013283,normal,,ACC00374,ACC00350
TXN0013284,normal,,ACC00112,ACC00350
TXN0013285,normal,,ACC00122,ACC00350
TXN0013286,normal,,ACC00345,ACC00350
TXN0013287,normal,,ACC00439,ACC00350
TXN0013288,normal,,ACC00345,ACC00350
TXN0013289,normal,,ACC00350,ACC00296
TXN0013290,normal,,ACC00350,ACC00374
TXN0013291,normal,,ACC00350,ACC00040
TXN0013292,normal,,ACC00350,ACC00022
TXN0013293,normal,,ACC00412,ACC00350
TXN0013294,normal,,ACC00350,ACC00089
TXN0013295,normal,,ACC00112,ACC00350
TXN0013296,normal,,ACC00350,ACC00115
TXN0013297,normal,,ACC00350,ACC00374
TXN0013298,normal,,ACC00275,ACC00350
TXN0013299,normal,,ACC00374,ACC00350
TXN0013300,normal,,ACC00350,ACC00345
TXN0013301,normal,,ACC00174,ACC00350
TXN0013302,normal,,ACC00374,ACC00350
TXN0013303,normal,,ACC00350,ACC00374
TXN0013304,normal,,ACC00411,ACC00350
TXN0013305,normal,,ACC00350,ACC00469
TXN0013306,normal,,ACC00350,ACC00374
TXN0013307,normal,,ACC00374,ACC00350
TXN0013308,normal,,ACC00350,ACC00345
TXN0013309,normal,,ACC00022,ACC00350
TXN0013310,normal,,ACC00122,ACC00350
TXN0013311,normal,,ACC00350,ACC00219
TXN0013312,normal,,ACC00382,ACC00350
TXN0013313,normal,,ACC00022,ACC00350
TXN0013314,normal,,ACC00115,ACC00350
TXN0013315,normal,,ACC00264,ACC00350
TXN0013316,normal,,ACC00350,ACC00455
TXN0013317,normal,,ACC00008,ACC00350
TXN0013318,normal,,ACC00350,ACC00469
TXN0013319,normal,,ACC00350,ACC00345
TXN0013320,normal,,ACC00350,ACC00055
TXN0013321,normal,,ACC00350,ACC00022
TXN0013322,normal,,ACC00350,ACC00275
TXN0013323,normal,,ACC00350,ACC00345
TXN0013324,normal,,ACC00115,ACC00350
TXN0013325,normal,,ACC00112,ACC00350
TXN0013326,normal,,ACC00350,ACC00275
TXN0013327,normal,,ACC00052,ACC00350
TXN0013328,normal,,ACC00022,ACC00350
TXN0013329,normal,,ACC00350,ACC00022
TXN0013330,normal,,ACC00350,ACC00022
TXN0013331,normal,,ACC00350,ACC00144
TXN0013332,normal,,ACC00167,ACC00351
TXN0013333,normal,,ACC00351,ACC00427
TXN0013334,normal,,ACC00006,ACC00351
TXN0013335,normal,,ACC00351,ACC00405
TXN0013336,normal,,ACC00405,ACC00351
TXN0013337,normal,,ACC00157,ACC00351
TXN0013338,normal,,ACC00305,ACC00351
TXN0013339,normal,,ACC00351,ACC00278
TXN0013340,normal,,ACC00405,ACC00351
TXN0013341,normal,,ACC00006,ACC00351
TXN0013342,normal,,ACC00167,ACC00351
TXN0013343,normal,,ACC00351,ACC00157
TXN0013344,normal,,ACC00427,ACC00351
TXN0013345,normal,,ACC00006,ACC00351
TXN0013346,normal,,ACC00157,ACC00351
TXN0013347,normal,,ACC00405,ACC00351
TXN0013348,normal,,ACC00045,ACC00351
TXN0013349,normal,,ACC00351,ACC00405
TXN0013350,normal,,ACC00006,ACC00351
TXN0013351,normal,,ACC00351,ACC00006
TXN0013352,normal,,ACC00351,ACC00314
TXN0013353,normal,,ACC00107,ACC00351
TXN0013354,normal,,ACC00045,ACC00351
TXN0013355,normal,,ACC00351,ACC00445
TXN0013356,normal,,ACC00351,ACC00427
TXN0013357,normal,,ACC00351,ACC00167
TXN0013358,normal,,ACC00351,ACC00374
TXN0013359,normal,,ACC00405,ACC00351
TXN0013360,normal,,ACC00405,ACC00351
TXN0013361,normal,,ACC00167,ACC00351
TXN0013362,normal,,ACC00351,ACC00445
TXN0013363,normal,,ACC00157,ACC00351
TXN0013364,normal,,ACC00351,ACC00472
TXN0013365,normal,,ACC00006,ACC00351
TXN0013366,normal,,ACC00314,ACC00351
TXN0013367,normal,,ACC00157,ACC00351
TXN0013368,normal,,ACC00405,ACC00351
TXN0013369,normal,,ACC00157,ACC00351
TXN0013370,normal,,ACC00445,ACC00351
TXN0013371,normal,,ACC00351,ACC00314
TXN0013372,normal,,ACC00167,ACC00351
TXN0013373,normal,,ACC00351,ACC00291
TXN0013374,normal,,ACC00351,ACC00045
TXN0013375,normal,,ACC00448,ACC00351
TXN0013376,normal,,ACC00045,ACC00351
TXN0013377,normal,,ACC00157,ACC00351
TXN0013378,normal,,ACC00314,ACC00351
TXN0013379,normal,,ACC00167,ACC00351
TXN0013380,normal,,ACC00355,ACC00351
TXN0013381,normal,,ACC00351,ACC00405
TXN0013382,normal,,ACC00314,ACC00351
TXN0013383,normal,,ACC00006,ACC00351
TXN0013384,normal,,ACC00427,ACC00351
TXN0013385,normal,,ACC00445,ACC00351
TXN0013386,normal,,ACC00351,ACC00167
TXN0013387,normal,,ACC00427,ACC00351
TXN0013388,normal,,ACC00352,ACC00316
TXN0013389,normal,,ACC00240,ACC00352
TXN0013390,normal,,ACC00352,ACC00219
TXN0013391,normal,,ACC00352,ACC00293
TXN0013392,normal,,ACC00352,ACC00038
TXN0013393,normal,,ACC00352,ACC00293
TXN0013394,normal,,ACC00219,ACC00352
TXN0013395,normal,,ACC00419,ACC00352
TXN0013396,normal,,ACC00293,ACC00352
TXN0013397,normal,,ACC00293,ACC00352
TXN0013398,normal,,ACC00352,ACC00316
TXN0013399,normal,,ACC00352,ACC00419
TXN0013400,normal,,ACC00316,ACC00352
TXN0013401,normal,,ACC00427,ACC00352
TXN0013402,normal,,ACC00165,ACC00352
TXN0013403,normal,,ACC00352,ACC00027
TXN0013404,normal,,ACC00352,ACC00240
TXN0013405,normal,,ACC00027,ACC00352
TXN0013406,normal,,ACC00352,ACC00006
TXN0013407,normal,,ACC00240,ACC00352
TXN0013408,normal,,ACC00352,ACC00293
TXN0013409,normal,,ACC00352,ACC00027
TXN0013410,normal,,ACC00404,ACC00352
TXN0013411,normal,,ACC00352,ACC00404
TXN0013412,normal,,ACC00006,ACC00352
TXN0013413,normal,,ACC00352,ACC00419
TXN0013414,normal,,ACC00352,ACC00027
TXN0013415,normal,,ACC00404,ACC00352
TXN0013416,normal,,ACC00352,ACC00293
TXN0013417,normal,,ACC00419,ACC00352
TXN0013418,normal,,ACC00352,ACC00219
TXN0013419,normal,,ACC00404,ACC00352
TXN0013420,normal,,ACC00316,ACC00352
TXN0013421,normal,,ACC00006,ACC00352
TXN0013422,normal,,ACC00240,ACC00352
TXN0013423,normal,,ACC00316,ACC00352
TXN0013424,normal,,ACC00352,ACC00215
TXN0013425,normal,,ACC00219,ACC00352
TXN0013426,normal,,ACC00352,ACC00226
TXN0013427,normal,,ACC00352,ACC00404
TXN0013428,normal,,ACC00027,ACC00352
TXN0013429,normal,,ACC00404,ACC00352
TXN0013430,normal,,ACC00352,ACC00006
TXN0013431,normal,,ACC00404,ACC00352
TXN0013432,normal,,ACC00006,ACC00352
TXN0013433,normal,,ACC00316,ACC00352
TXN0013434,normal,,ACC00240,ACC00352
TXN0013435,normal,,ACC00352,ACC00316
TXN0013436,normal,,ACC00353,ACC00115
TXN0013437,normal,,ACC00150,ACC00353
TXN0013438,normal,,ACC00012,ACC00353
TXN0013439,normal,,ACC00150,ACC00353
TXN0013440,normal,,ACC00353,ACC00150
TXN0013441,normal,,ACC00353,ACC00278
TXN0013442,normal,,ACC00046,ACC00353
TXN0013443,normal,,ACC00353,ACC00115
TXN0013444,normal,,ACC00353,ACC00410
TXN0013445,normal,,ACC00278,ACC00353
TXN0013446,normal,,ACC00473,ACC00353
TXN0013447,normal,,ACC00046,ACC00353
TXN0013448,normal,,ACC00353,ACC00274
TXN0013449,normal,,ACC00353,ACC00046
TXN0013450,normal,,ACC00353,ACC00015
TXN0013451,normal,,ACC00114,ACC00353
TXN0013452,normal,,ACC00165,ACC00353
TXN0013453,normal,,ACC00353,ACC00114
TXN0013454,normal,,ACC00353,ACC00468
TXN0013455,normal,,ACC00165,ACC00353
TXN0013456,normal,,ACC00353,ACC00278
TXN0013457,normal,,ACC00353,ACC00114
TXN0013458,normal,,ACC00353,ACC00083
TXN0013459,normal,,ACC00353,ACC00015
TXN0013460,normal,,ACC00353,ACC00150
TXN0013461,normal,,ACC00353,ACC00150
TXN0013462,normal,,ACC00353,ACC00023
TXN0013463,normal,,ACC00046,ACC00353
TXN0013464,normal,,ACC00012,ACC00353
TXN0013465,normal,,ACC00424,ACC00353
TXN0013466,normal,,ACC00278,ACC00353
TXN0013467,normal,,ACC00353,ACC00150
TXN0013468,normal,,ACC00353,ACC00312
TXN0013469,normal,,ACC00165,ACC00353
TXN0013470,normal,,ACC00219,ACC00353
TXN0013471,normal,,ACC00353,ACC00012
TXN0013472,normal,,ACC00046,ACC00353
TXN0013473,normal,,ACC00353,ACC00121
TXN0013474,normal,,ACC00353,ACC00115
TXN0013475,normal,,ACC00353,ACC00278
TXN0013476,normal,,ACC00353,ACC00015
TXN0013477,normal,,ACC00353,ACC00012
TXN0013478,normal,,ACC00165,ACC00353
TXN0013479,normal,,ACC00046,ACC00353
TXN0013480,normal,,ACC00353,ACC00156
TXN0013481,normal,,ACC00046,ACC00353
TXN0013482,normal,,ACC00353,ACC00046
TXN0013483,normal,,ACC00353,ACC00150
TXN0013484,normal,,ACC00353,ACC00150
TXN0013485,normal,,ACC00256,ACC00353
TXN0013486,normal,,ACC00353,ACC00257
TXN0013487,normal,,ACC00353,ACC00015
TXN0013488,normal,,ACC00150,ACC00353
TXN0013489,normal,,ACC00046,ACC00353
TXN0013490,normal,,ACC00353,ACC00278
TXN0013491,normal,,ACC00150,ACC00353
TXN0013492,normal,,ACC00305,ACC00354
TXN0013493,normal,,ACC00354,ACC00223
TXN0013494,normal,,ACC00354,ACC00199
TXN0013495,normal,,ACC00305,ACC00354
TXN0013496,normal,,ACC00354,ACC00450
TXN0013497,normal,,ACC00205,ACC00354
TXN0013498,normal,,ACC00354,ACC00253
TXN0013499,normal,,ACC00354,ACC00187
TXN0013500,normal,,ACC00122,ACC00354
TXN0013501,normal,,ACC00354,ACC00073
TXN0013502,normal,,ACC00354,ACC00424
TXN0013503,normal,,ACC00354,ACC00153
TXN0013504,normal,,ACC00283,ACC00354
TXN0013505,normal,,ACC00354,ACC00296
TXN0013506,normal,,ACC00354,ACC00305
TXN0013507,normal,,ACC00354,ACC00199
TXN0013508,normal,,ACC00354,ACC00283
TXN0013509,normal,,ACC00223,ACC00354
TXN0013510,normal,,ACC00354,ACC00283
TXN0013511,normal,,ACC00305,ACC00354
TXN0013512,normal,,ACC00199,ACC00354
TXN0013513,normal,,ACC00354,ACC00296
TXN0013514,normal,,ACC00495,ACC00354
TXN0013515,normal,,ACC00354,ACC00080
TXN0013516,normal,,ACC00305,ACC00354
TXN0013517,normal,,ACC00354,ACC00189
TXN0013518,normal,,ACC00223,ACC00354
TXN0013519,normal,,ACC00354,ACC00199
TXN0013520,normal,,ACC00305,ACC00354
TXN0013521,normal,,ACC00283,ACC00354
TXN0013522,normal,,ACC00354,ACC00189
TXN0013523,normal,,ACC00253,ACC00354
TXN0013524,normal,,ACC00223,ACC00354
TXN0013525,normal,,ACC00283,ACC00354
TXN0013526,normal,,ACC00354,ACC00190
TXN0013527,normal,,ACC00354,ACC00223
TXN0013528,normal,,ACC00420,ACC00354
TXN0013529,normal,,ACC00355,ACC00319
TXN0013530,normal,,ACC00334,ACC00355
TXN0013531,normal,,ACC00355,ACC00485
TXN0013532,normal,,ACC00341,ACC00355
TXN0013533,normal,,ACC00355,ACC00341
TXN0013534,normal,,ACC00355,ACC00334
TXN0013535,normal,,ACC00355,ACC00021
TXN0013536,normal,,ACC00021,ACC00355
TXN0013537,normal,,ACC00355,ACC00485
TXN0013538,normal,,ACC00355,ACC00341
TXN0013539,normal,,ACC00355,ACC00485
TXN0013540,normal,,ACC00424,ACC00355
TXN0013541,normal,,ACC00355,ACC00485
TXN0013542,normal,,ACC00355,ACC00132
TXN0013543,normal,,ACC00355,ACC00353
TXN0013544,normal,,ACC00355,ACC00341
TXN0013545,normal,,ACC00355,ACC00131
TXN0013546,normal,,ACC00355,ACC00341
TXN0013547,normal,,ACC00355,ACC00067
TXN0013548,normal,,ACC00021,ACC00355
TXN0013549,normal,,ACC00055,ACC00355
TXN0013550,normal,,ACC00319,ACC00355
TXN0013551,normal,,ACC00355,ACC00319
TXN0013552,normal,,ACC00334,ACC00355
TXN0013553,normal,,ACC00355,ACC00055
TXN0013554,normal,,ACC00146,ACC00355
TXN0013555,normal,,ACC00355,ACC00318
TXN0013556,normal,,ACC00355,ACC00334
TXN0013557,normal,,ACC00355,ACC00319
TXN0013558,normal,,ACC00355,ACC00021
TXN0013559,normal,,ACC00341,ACC00355
TXN0013560,normal,,ACC00355,ACC00341
TXN0013561,normal,,ACC00355,ACC00131
TXN0013562,normal,,ACC00355,ACC00219
TXN0013563,normal,,ACC00355,ACC00319
TXN0013564,normal,,ACC00355,ACC00404
TXN0013565,normal,,ACC00355,ACC00319
TXN0013566,normal,,ACC00055,ACC00355
TXN0013567,normal,,ACC00485,ACC00355
TXN0013568,normal,,ACC00177,ACC00355
TXN0013569,normal,,ACC00355,ACC00393
TXN0013570,normal,,ACC00355,ACC00380
TXN0013571,normal,,ACC00177,ACC00355
TXN0013572,normal,,ACC00021,ACC00355
TXN0013573,normal,,ACC00355,ACC00055
TXN0013574,normal,,ACC00355,ACC00131
TXN0013575,normal,,ACC00131,ACC00355
TXN0013576,normal,,ACC00355,ACC00014
TXN0013577,normal,,ACC00021,ACC00355
TXN0013578,normal,,ACC00165,ACC00355
TXN0013579,normal,,ACC00177,ACC00355
TXN0013580,normal,,ACC00334,ACC00355
TXN0013581,normal,,ACC00355,ACC00055
TXN0013582,normal,,ACC00355,ACC00485
TXN0013583,normal,,ACC00485,ACC00355
TXN0013584,normal,,ACC00356,ACC00011
TXN0013585,normal,,ACC00356,ACC00299
TXN0013586,normal,,ACC00356,ACC00140
TXN0013587,normal,,ACC00343,ACC00356
TXN0013588,normal,,ACC00047,ACC00356
TXN0013589,normal,,ACC00356,ACC00394
TXN0013590,normal,,ACC00356,ACC00311
TXN0013591,normal,,ACC00356,ACC00052
TXN0013592,normal,,ACC00069,ACC00356
TXN0013593,normal,,ACC00465,ACC00356
TXN0013594,normal,,ACC00343,ACC00356
TXN0013595,normal,,ACC00356,ACC00069
TXN0013596,normal,,ACC00011,ACC00356
TXN0013597,normal,,ACC00001,ACC00356
TXN0013598,normal,,ACC00356,ACC00143
TXN0013599,normal,,ACC00356,ACC00237
TXN0013600,normal,,ACC00356,ACC00133
TXN0013601,normal,,ACC00001,ACC00356
TXN0013602,normal,,ACC00051,ACC00356
TXN0013603,normal,,ACC00180,ACC00356
TXN0013604,normal,,ACC00011,ACC00356
TXN0013605,normal,,ACC00356,ACC00105
TXN0013606,normal,,ACC00236,ACC00356
TXN0013607,normal,,ACC00356,ACC00343
TXN0013608,normal,,ACC00237,ACC00356
TXN0013609,normal,,ACC00356,ACC00001
TXN0013610,normal,,ACC00356,ACC00011
TXN0013611,normal,,ACC00174,ACC00356
TXN0013612,normal,,ACC00183,ACC00356
TXN0013613,normal,,ACC00180,ACC00356
TXN0013614,normal,,ACC00356,ACC00052
TXN0013615,normal,,ACC00356,ACC00180
TXN0013616,normal,,ACC00357,ACC00022
TXN0013617,normal,,ACC00025,ACC00357
TXN0013618,normal,,ACC00281,ACC00357
TXN0013619,normal,,ACC00357,ACC00231
TXN0013620,normal,,ACC00357,ACC00310
TXN0013621,normal,,ACC00281,ACC00357
TXN0013622,normal,,ACC00357,ACC00471
TXN0013623,normal,,ACC00357,ACC00025
TXN0013624,normal,,ACC00022,ACC00357
TXN0013625,normal,,ACC00271,ACC00357
TXN0013626,normal,,ACC00429,ACC00357
TXN0013627,normal,,ACC00429,ACC00357
TXN0013628,normal,,ACC00357,ACC00022
TXN0013629,normal,,ACC00022,ACC00357
TXN0013630,normal,,ACC00271,ACC00357
TXN0013631,normal,,ACC00357,ACC00271
TXN0013632,normal,,ACC00113,ACC00357
TXN0013633,normal,,ACC00026,ACC00357
TXN0013634,normal,,ACC00357,ACC00022
TXN0013635,normal,,ACC00357,ACC00113
TXN0013636,normal,,ACC00271,ACC00357
TXN0013637,normal,,ACC00357,ACC00281
TXN0013638,normal,,ACC00429,ACC00357
TXN0013639,normal,,ACC00124,ACC00357
TXN0013640,normal,,ACC00357,ACC00490
TXN0013641,normal,,ACC00471,ACC00357
TXN0013642,normal,,ACC00429,ACC00357
TXN0013643,normal,,ACC00471,ACC00357
TXN0013644,normal,,ACC00357,ACC00058
TXN0013645,normal,,ACC00108,ACC00357
TXN0013646,normal,,ACC00357,ACC00271
TXN0013647,normal,,ACC00357,ACC00025
TXN0013648,normal,,ACC00022,ACC00357
TXN0013649,normal,,ACC00471,ACC00357
TXN0013650,normal,,ACC00357,ACC00025
TXN0013651,normal,,ACC00357,ACC00113
TXN0013652,normal,,ACC00152,ACC00358
TXN0013653,normal,,ACC00358,ACC00201
TXN0013654,normal,,ACC00358,ACC00072
TXN0013655,normal,,ACC00201,ACC00358
TXN0013656,normal,,ACC00358,ACC00128
TXN0013657,normal,,ACC00072,ACC00358
TXN0013658,normal,,ACC00358,ACC00203
TXN0013659,normal,,ACC00371,ACC00358
TXN0013660,normal,,ACC00201,ACC00358
TXN0013661,normal,,ACC00358,ACC00128
TXN0013662,normal,,ACC00358,ACC00211
TXN0013663,normal,,ACC00358,ACC00243
TXN0013664,normal,,ACC00358,ACC00128
TXN0013665,normal,,ACC00358,ACC00201
TXN0013666,normal,,ACC00072,ACC00358
TXN0013667,normal,,ACC00371,ACC00358
TXN0013668,normal,,ACC00218,ACC00358
TXN0013669,normal,,ACC00209,ACC00358
TXN0013670,normal,,ACC00358,ACC00211
TXN0013671,normal,,ACC00243,ACC00358
TXN0013672,normal,,ACC00358,ACC00119
TXN0013673,normal,,ACC00371,ACC00358
TXN0013674,normal,,ACC00211,ACC00358
TXN0013675,normal,,ACC00152,ACC00358
TXN0013676,normal,,ACC00371,ACC00358
TXN0013677,normal,,ACC00211,ACC00358
TXN0013678,normal,,ACC00027,ACC00358
TXN0013679,normal,,ACC00358,ACC00307
TXN0013680,normal,,ACC00358,ACC00152
TXN0013681,normal,,ACC00243,ACC00358
TXN0013682,normal,,ACC00358,ACC00243
TXN0013683,normal,,ACC00211,ACC00358
TXN0013684,normal,,ACC00358,ACC00211
TXN0013685,normal,,ACC00358,ACC00152
TXN0013686,normal,,ACC00358,ACC00128
TXN0013687,normal,,ACC00211,ACC00358
TXN0013688,normal,,ACC00358,ACC00243
TXN0013689,normal,,ACC00358,ACC00211
TXN0013690,normal,,ACC00152,ACC00358
TXN0013691,normal,,ACC00358,ACC00152
TXN0013692,normal,,ACC00358,ACC00144
TXN0013693,normal,,ACC00201,ACC00358
TXN0013694,normal,,ACC00358,ACC00405
TXN0013695,normal,,ACC00358,ACC00209
TXN0013696,normal,,ACC00243,ACC00358
TXN0013697,normal,,ACC00358,ACC00209
TXN0013698,normal,,ACC00243,ACC00358
TXN0013699,normal,,ACC00243,ACC00358
TXN0013700,normal,,ACC00358,ACC00045
TXN0013701,normal,,ACC00152,ACC00358
TXN0013702,normal,,ACC00001,ACC00358
TXN0013703,normal,,ACC00128,ACC00358
TXN0013704,normal,,ACC00358,ACC00152
TXN0013705,normal,,ACC00358,ACC00371
TXN0013706,normal,,ACC00358,ACC00371
TXN0013707,normal,,ACC00371,ACC00358
TXN0013708,normal,,ACC00358,ACC00211
TXN0013709,normal,,ACC00047,ACC00358
TXN0013710,normal,,ACC00072,ACC00358
TXN0013711,normal,,ACC00159,ACC00359
TXN0013712,normal,,ACC00488,ACC00359
TXN0013713,normal,,ACC00187,ACC00359
TXN0013714,normal,,ACC00359,ACC00286
TXN0013715,normal,,ACC00359,ACC00384
TXN0013716,normal,,ACC00473,ACC00359
TXN0013717,normal,,ACC00194,ACC00359
TXN0013718,normal,,ACC00359,ACC00473
TXN0013719,normal,,ACC00359,ACC00196
TXN0013720,normal,,ACC00439,ACC00359
TXN0013721,normal,,ACC00473,ACC00359
TXN0013722,normal,,ACC00194,ACC00359
TXN0013723,normal,,ACC00359,ACC00474
TXN0013724,normal,,ACC00359,ACC00384
TXN0013725,normal,,ACC00359,ACC00474
TXN0013726,normal,,ACC00474,ACC00359
TXN0013727,normal,,ACC00384,ACC00359
TXN0013728,normal,,ACC00359,ACC00194
TXN0013729,normal,,ACC00088,ACC00359
TXN0013730,normal,,ACC00473,ACC00359
TXN0013731,normal,,ACC00384,ACC00359
TXN0013732,normal,,ACC00286,ACC00359
TXN0013733,normal,,ACC00359,ACC00294
TXN0013734,normal,,ACC00439,ACC00359
TXN0013735,normal,,ACC00194,ACC00359
TXN0013736,normal,,ACC00452,ACC00359
TXN0013737,normal,,ACC00286,ACC00359
TXN0013738,normal,,ACC00359,ACC00112
TXN0013739,normal,,ACC00359,ACC00251
TXN0013740,normal,,ACC00359,ACC00088
TXN0013741,normal,,ACC00359,ACC00384
TXN0013742,normal,,ACC00112,ACC00359
TXN0013743,normal,,ACC00359,ACC00444
TXN0013744,normal,,ACC00359,ACC00112
TXN0013745,normal,,ACC00359,ACC00269
TXN0013746,normal,,ACC00359,ACC00088
TXN0013747,normal,,ACC00359,ACC00302
TXN0013748,normal,,ACC00359,ACC00248
TXN0013749,normal,,ACC00359,ACC00439
TXN0013750,normal,,ACC00301,ACC00359
TXN0013751,normal,,ACC00359,ACC00384
TXN0013752,normal,,ACC00359,ACC00384
TXN0013753,normal,,ACC00359,ACC00473
TXN0013754,normal,,ACC00359,ACC00286
TXN0013755,normal,,ACC00359,ACC00439
TXN0013756,normal,,ACC00473,ACC00359
TXN0013757,normal,,ACC00384,ACC00359
TXN0013758,normal,,ACC00194,ACC00359
TXN0013759,normal,,ACC00474,ACC00359
TXN0013760,normal,,ACC00495,ACC00359
TXN0013761,normal,,ACC00359,ACC00474
TXN0013762,normal,,ACC00360,ACC00475
TXN0013763,normal,,ACC00360,ACC00172
TXN0013764,normal,,ACC00360,ACC00172
TXN0013765,normal,,ACC00024,ACC00360
TXN0013766,normal,,ACC00360,ACC00172
TXN0013767,normal,,ACC00308,ACC00360
TXN0013768,normal,,ACC00393,ACC00360
TXN0013769,normal,,ACC00360,ACC00054
TXN0013770,normal,,ACC00054,ACC00360
TXN0013771,normal,,ACC00176,ACC00360
TXN0013772,normal,,ACC00011,ACC00360
TXN0013773,normal,,ACC00360,ACC00011
TXN0013774,normal,,ACC00024,ACC00360
TXN0013775,normal,,ACC00065,ACC00360
TXN0013776,normal,,ACC00312,ACC00360
TXN0013777,normal,,ACC00308,ACC00360
TXN0013778,normal,,ACC00360,ACC00322
TXN0013779,normal,,ACC00489,ACC00361
TXN0013780,normal,,ACC00361,ACC00187
TXN0013781,normal,,ACC00111,ACC00361
TXN0013782,normal,,ACC00217,ACC00361
TXN0013783,normal,,ACC00361,ACC00393
TXN0013784,normal,,ACC00361,ACC00393
TXN0013785,normal,,ACC00111,ACC00361
TXN0013786,normal,,ACC00217,ACC00361
TXN0013787,normal,,ACC00180,ACC00361
TXN0013788,normal,,ACC00361,ACC00217
TXN0013789,normal,,ACC00361,ACC00454
TXN0013790,normal,,ACC00361,ACC00159
TXN0013791,normal,,ACC00361,ACC00357
TXN0013792,normal,,ACC00489,ACC00361
TXN0013793,normal,,ACC00361,ACC00489
TXN0013794,normal,,ACC00361,ACC00043
TXN0013795,normal,,ACC00210,ACC00361
TXN0013796,normal,,ACC00111,ACC00361
TXN0013797,normal,,ACC00361,ACC00111
TXN0013798,normal,,ACC00489,ACC00361
TXN0013799,normal,,ACC00393,ACC00361
TXN0013800,normal,,ACC00210,ACC00361
TXN0013801,normal,,ACC00210,ACC00361
TXN0013802,normal,,ACC00489,ACC00361
TXN0013803,normal,,ACC00361,ACC00043
TXN0013804,normal,,ACC00210,ACC00361
TXN0013805,normal,,ACC00159,ACC00361
TXN0013806,normal,,ACC00361,ACC00105
TXN0013807,normal,,ACC00361,ACC00160
TXN0013808,normal,,ACC00159,ACC00361
TXN0013809,normal,,ACC00361,ACC00392
TXN0013810,normal,,ACC00393,ACC00361
TXN0013811,normal,,ACC00361,ACC00254
TXN0013812,normal,,ACC00361,ACC00489
TXN0013813,normal,,ACC00454,ACC00361
TXN0013814,normal,,ACC00155,ACC00361
TXN0013815,normal,,ACC00072,ACC00361
TXN0013816,normal,,ACC00159,ACC00361
TXN0013817,normal,,ACC00217,ACC00361
TXN0013818,normal,,ACC00361,ACC00217
TXN0013819,normal,,ACC00159,ACC00361
TXN0013820,normal,,ACC00361,ACC00159
TXN0013821,normal,,ACC00361,ACC00043
TXN0013822,normal,,ACC00361,ACC00454
TXN0013823,normal,,ACC00361,ACC00217
TXN0013824,normal,,ACC00489,ACC00361
TXN0013825,normal,,ACC00111,ACC00361
TXN0013826,normal,,ACC00210,ACC00361
TXN0013827,normal,,ACC00361,ACC00111
TXN0013828,normal,,ACC00361,ACC00043
TXN0013829,normal,,ACC00361,ACC00210
TXN0013830,normal,,ACC00210,ACC00361
TXN0013831,normal,,ACC00361,ACC00386
TXN0013832,normal,,ACC00361,ACC00393
TXN0013833,normal,,ACC00361,ACC00393
TXN0013834,normal,,ACC00361,ACC00210
TXN0013835,normal,,ACC00078,ACC00362
TXN0013836,normal,,ACC00290,ACC00362
TXN0013837,normal,,ACC00362,ACC00266
TXN0013838,normal,,ACC00013,ACC00362
TXN0013839,normal,,ACC00362,ACC00015
TXN0013840,normal,,ACC00362,ACC00395
TXN0013841,normal,,ACC00362,ACC00266
TXN0013842,normal,,ACC00362,ACC00369
TXN0013843,normal,,ACC00290,ACC00362
TXN0013844,normal,,ACC00362,ACC00040
TXN0013845,normal,,ACC00289,ACC00362
TXN0013846,normal,,ACC00362,ACC00266
TXN0013847,normal,,ACC00134,ACC00362
TXN0013848,normal,,ACC00362,ACC00244
TXN0013849,normal,,ACC00290,ACC00362
TXN0013850,normal,,ACC00395,ACC00362
TXN0013851,normal,,ACC00266,ACC00362
TXN0013852,normal,,ACC00290,ACC00362
TXN0013853,normal,,ACC00362,ACC00015
TXN0013854,normal,,ACC00266,ACC00362
TXN0013855,normal,,ACC00362,ACC00015
TXN0013856,normal,,ACC00362,ACC00388
TXN0013857,normal,,ACC00362,ACC00015
TXN0013858,normal,,ACC00266,ACC00362
TXN0013859,normal,,ACC00362,ACC00266
TXN0013860,normal,,ACC00362,ACC00015
TXN0013861,normal,,ACC00015,ACC00362
TXN0013862,normal,,ACC00362,ACC00239
TXN0013863,normal,,ACC00408,ACC00362
TXN0013864,normal,,ACC00362,ACC00369
TXN0013865,normal,,ACC00034,ACC00362
TXN0013866,normal,,ACC00362,ACC00290
TXN0013867,normal,,ACC00369,ACC00362
TXN0013868,normal,,ACC00362,ACC00244
TXN0013869,normal,,ACC00244,ACC00362
TXN0013870,normal,,ACC00369,ACC00362
TXN0013871,normal,,ACC00244,ACC00362
TXN0013872,normal,,ACC00008,ACC00362
TXN0013873,normal,,ACC00362,ACC00395
TXN0013874,normal,,ACC00362,ACC00015
TXN0013875,normal,,ACC00369,ACC00362
TXN0013876,normal,,ACC00363,ACC00282
TXN0013877,normal,,ACC00363,ACC00357
TXN0013878,normal,,ACC00363,ACC00215
TXN0013879,normal,,ACC00452,ACC00363
TXN0013880,normal,,ACC00363,ACC00074
TXN0013881,normal,,ACC00265,ACC00363
TXN0013882,normal,,ACC00363,ACC00412
TXN0013883,normal,,ACC00084,ACC00363
TXN0013884,normal,,ACC00363,ACC00215
TXN0013885,normal,,ACC00268,ACC00363
TXN0013886,normal,,ACC00363,ACC00451
TXN0013887,normal,,ACC00329,ACC00363
TXN0013888,normal,,ACC00265,ACC00363
TXN0013889,normal,,ACC00268,ACC00363
TXN0013890,normal,,ACC00074,ACC00363
TXN0013891,normal,,ACC00363,ACC00125
TXN0013892,normal,,ACC00329,ACC00363
TXN0013893,normal,,ACC00159,ACC00363
TXN0013894,normal,,ACC00329,ACC00363
TXN0013895,normal,,ACC00265,ACC00363
TXN0013896,normal,,ACC00363,ACC00265
TXN0013897,normal,,ACC00159,ACC00363
TXN0013898,normal,,ACC00363,ACC00215
TXN0013899,normal,,ACC00159,ACC00363
TXN0013900,normal,,ACC00329,ACC00363
TXN0013901,normal,,ACC00363,ACC00215
TXN0013902,normal,,ACC00363,ACC00074
TXN0013903,normal,,ACC00363,ACC00235
TXN0013904,normal,,ACC00265,ACC00363
TXN0013905,normal,,ACC00363,ACC00074
TXN0013906,normal,,ACC00363,ACC00452
TXN0013907,normal,,ACC00074,ACC00363
TXN0013908,normal,,ACC00159,ACC00363
TXN0013909,normal,,ACC00363,ACC00215
TXN0013910,normal,,ACC00159,ACC00363
TXN0013911,normal,,ACC00363,ACC00301
TXN0013912,normal,,ACC00363,ACC00329
TXN0013913,normal,,ACC00363,ACC00301
TXN0013914,normal,,ACC00301,ACC00363
TXN0013915,normal,,ACC00301,ACC00363
TXN0013916,normal,,ACC00301,ACC00363
TXN0013917,normal,,ACC00452,ACC00363
TXN0013918,normal,,ACC00116,ACC00363
TXN0013919,normal,,ACC00363,ACC00265
TXN0013920,normal,,ACC00363,ACC00052
TXN0013921,normal,,ACC00363,ACC00074
TXN0013922,normal,,ACC00364,ACC00093
TXN0013923,normal,,ACC00240,ACC00364
TXN0013924,normal,,ACC00364,ACC00179
TXN0013925,normal,,ACC00094,ACC00364
TXN0013926,normal,,ACC00184,ACC00364
TXN0013927,normal,,ACC00364,ACC00093
TXN0013928,normal,,ACC00393,ACC00364
TXN0013929,normal,,ACC00115,ACC00364
TXN0013930,normal,,ACC00364,ACC00024
TXN0013931,normal,,ACC00364,ACC00381
TXN0013932,normal,,ACC00240,ACC00364
TXN0013933,normal,,ACC00364,ACC00116
TXN0013934,normal,,ACC00410,ACC00364
TXN0013935,normal,,ACC00024,ACC00364
TXN0013936,normal,,ACC00364,ACC00393
TXN0013937,normal,,ACC00097,ACC00365
TXN0013938,normal,,ACC00418,ACC00365
TXN0013939,normal,,ACC00365,ACC00051
TXN0013940,normal,,ACC00223,ACC00365
TXN0013941,normal,,ACC00193,ACC00365
TXN0013942,normal,,ACC00271,ACC00365
TXN0013943,normal,,ACC00442,ACC00365
TXN0013944,normal,,ACC00418,ACC00365
TXN0013945,normal,,ACC00365,ACC00459
TXN0013946,normal,,ACC00214,ACC00365
TXN0013947,normal,,ACC00418,ACC00365
TXN0013948,normal,,ACC00365,ACC00217
TXN0013949,normal,,ACC00097,ACC00365
TXN0013950,normal,,ACC00100,ACC00365
TXN0013951,normal,,ACC00217,ACC00365
TXN0013952,normal,,ACC00418,ACC00365
TXN0013953,normal,,ACC00193,ACC00365
TXN0013954,normal,,ACC00121,ACC00365
TXN0013955,normal,,ACC00097,ACC00365
TXN0013956,normal,,ACC00365,ACC00100
TXN0013957,normal,,ACC00365,ACC00442
TXN0013958,normal,,ACC00365,ACC00371
TXN0013959,normal,,ACC00014,ACC00365
TXN0013960,normal,,ACC00365,ACC00359
TXN0013961,normal,,ACC00365,ACC00401
TXN0013962,normal,,ACC00193,ACC00365
TXN0013963,normal,,ACC00193,ACC00365
TXN0013964,normal,,ACC00217,ACC00365
TXN0013965,normal,,ACC00366,ACC00464
TXN0013966,normal,,ACC00122,ACC00366
TXN0013967,normal,,ACC00366,ACC00050
TXN0013968,normal,,ACC00443,ACC00366
TXN0013969,normal,,ACC00215,ACC00366
TXN0013970,normal,,ACC00366,ACC00052
TXN0013971,normal,,ACC00324,ACC00366
TXN0013972,normal,,ACC00451,ACC00366
TXN0013973,normal,,ACC00443,ACC00366
TXN0013974,normal,,ACC00366,ACC00050
TXN0013975,normal,,ACC00366,ACC00096
TXN0013976,normal,,ACC00457,ACC00366
TXN0013977,normal,,ACC00215,ACC00366
TXN0013978,normal,,ACC00058,ACC00366
TXN0013979,normal,,ACC00120,ACC00366
TXN0013980,normal,,ACC00215,ACC00366
TXN0013981,normal,,ACC00058,ACC00366
TXN0013982,normal,,ACC00443,ACC00366
TXN0013983,normal,,ACC00366,ACC00115
TXN0013984,normal,,ACC00050,ACC00366
TXN0013985,normal,,ACC00366,ACC00443
TXN0013986,normal,,ACC00366,ACC00058
TXN0013987,normal,,ACC00366,ACC00443
TXN0013988,normal,,ACC00366,ACC00443
TXN0013989,normal,,ACC00366,ACC00058
TXN0013990,normal,,ACC00366,ACC00029
TXN0013991,normal,,ACC00096,ACC00366
TXN0013992,normal,,ACC00050,ACC00366
TXN0013993,normal,,ACC00215,ACC00366
TXN0013994,normal,,ACC00122,ACC00366
TXN0013995,normal,,ACC00215,ACC00366
TXN0013996,normal,,ACC00096,ACC00366
TXN0013997,normal,,ACC00215,ACC00366
TXN0013998,normal,,ACC00058,ACC00366
TXN0013999,normal,,ACC00366,ACC00122
TXN0014000,normal,,ACC00366,ACC00096
TXN0014001,normal,,ACC00366,ACC00122
TXN0014002,normal,,ACC00122,ACC00366
TXN0014003,normal,,ACC00366,ACC00197
TXN0014004,normal,,ACC00366,ACC00215
TXN0014005,normal,,ACC00366,ACC00443
TXN0014006,normal,,ACC00451,ACC00366
TXN0014007,normal,,ACC00366,ACC00122
TXN0014008,normal,,ACC00287,ACC00366
TXN0014009,normal,,ACC00366,ACC00158
TXN0014010,normal,,ACC00443,ACC00366
TXN0014011,normal,,ACC00443,ACC00366
TXN0014012,normal,,ACC00341,ACC00366
TXN0014013,normal,,ACC00443,ACC00366
TXN0014014,normal,,ACC00443,ACC00366
TXN0014015,normal,,ACC00366,ACC00260
TXN0014016,normal,,ACC00464,ACC00366
TXN0014017,normal,,ACC00050,ACC00366
TXN0014018,normal,,ACC00122,ACC00366
TXN0014019,normal,,ACC00058,ACC00366
TXN0014020,normal,,ACC00366,ACC00051
TXN0014021,normal,,ACC00464,ACC00366
TXN0014022,normal,,ACC00155,ACC00366
TXN0014023,normal,,ACC00443,ACC00366
TXN0014024,normal,,ACC00399,ACC00366
TXN0014025,normal,,ACC00418,ACC00367
TXN0014026,normal,,ACC00367,ACC00414
TXN0014027,normal,,ACC00414,ACC00367
TXN0014028,normal,,ACC00414,ACC00367
TXN0014029,normal,,ACC00367,ACC00282
TXN0014030,normal,,ACC00240,ACC00367
TXN0014031,normal,,ACC00367,ACC00156
TXN0014032,normal,,ACC00367,ACC00483
TXN0014033,normal,,ACC00240,ACC00367
TXN0014034,normal,,ACC00028,ACC00367
TXN0014035,normal,,ACC00418,ACC00367
TXN0014036,normal,,ACC00287,ACC00367
TXN0014037,normal,,ACC00343,ACC00367
TXN0014038,normal,,ACC00367,ACC00308
TXN0014039,normal,,ACC00003,ACC00367
TXN0014040,normal,,ACC00308,ACC00367
TXN0014041,normal,,ACC00483,ACC00367
TXN0014042,normal,,ACC00483,ACC00367
TXN0014043,normal,,ACC00394,ACC00367
TXN0014044,normal,,ACC00367,ACC00084
TXN0014045,normal,,ACC00367,ACC00287
TXN0014046,normal,,ACC00367,ACC00282
TXN0014047,normal,,ACC00367,ACC00483
TXN0014048,normal,,ACC00251,ACC00367
TXN0014049,normal,,ACC00367,ACC00240
TXN0014050,normal,,ACC00028,ACC00367
TXN0014051,normal,,ACC00367,ACC00028
TXN0014052,normal,,ACC00367,ACC00240
TXN0014053,normal,,ACC00367,ACC00028
TXN0014054,normal,,ACC00367,ACC00251
TXN0014055,normal,,ACC00287,ACC00367
TXN0014056,normal,,ACC00382,ACC00368
TXN0014057,normal,,ACC00368,ACC00314
TXN0014058,normal,,ACC00368,ACC00147
TXN0014059,normal,,ACC00368,ACC00419
TXN0014060,normal,,ACC00368,ACC00132
TXN0014061,normal,,ACC00125,ACC00368
TXN0014062,normal,,ACC00368,ACC00429
TXN0014063,normal,,ACC00419,ACC00368
TXN0014064,normal,,ACC00368,ACC00147
TXN0014065,normal,,ACC00368,ACC00447
TXN0014066,normal,,ACC00429,ACC00368
TXN0014067,normal,,ACC00324,ACC00368
TXN0014068,normal,,ACC00368,ACC00337
TXN0014069,normal,,ACC00368,ACC00369
TXN0014070,normal,,ACC00419,ACC00368
TXN0014071,normal,,ACC00337,ACC00368
TXN0014072,normal,,ACC00368,ACC00337
TXN0014073,normal,,ACC00337,ACC00368
TXN0014074,normal,,ACC00368,ACC00369
TXN0014075,normal,,ACC00369,ACC00368
TXN0014076,normal,,ACC00368,ACC00411
TXN0014077,normal,,ACC00147,ACC00368
TXN0014078,normal,,ACC00071,ACC00368
TXN0014079,normal,,ACC00368,ACC00429
TXN0014080,normal,,ACC00419,ACC00368
TXN0014081,normal,,ACC00170,ACC00369
TXN0014082,normal,,ACC00170,ACC00369
TXN0014083,normal,,ACC00369,ACC00170
TXN0014084,normal,,ACC00161,ACC00369
TXN0014085,normal,,ACC00161,ACC00369
TXN0014086,normal,,ACC00096,ACC00369
TXN0014087,normal,,ACC00369,ACC00169
TXN0014088,normal,,ACC00320,ACC00369
TXN0014089,normal,,ACC00044,ACC00369
TXN0014090,normal,,ACC00369,ACC00314
TXN0014091,normal,,ACC00369,ACC00306
TXN0014092,normal,,ACC00331,ACC00369
TXN0014093,normal,,ACC00369,ACC00085
TXN0014094,normal,,ACC00369,ACC00170
TXN0014095,normal,,ACC00306,ACC00369
TXN0014096,normal,,ACC00169,ACC00369
TXN0014097,normal,,ACC00369,ACC00085
TXN0014098,normal,,ACC00331,ACC00369
TXN0014099,normal,,ACC00320,ACC00369
TXN0014100,normal,,ACC00320,ACC00369
TXN0014101,normal,,ACC00170,ACC00369
TXN0014102,normal,,ACC00369,ACC00306
TXN0014103,normal,,ACC00369,ACC00161
TXN0014104,normal,,ACC00369,ACC00169
TXN0014105,normal,,ACC00044,ACC00369
TXN0014106,normal,,ACC00369,ACC00161
TXN0014107,normal,,ACC00369,ACC00161
TXN0014108,normal,,ACC00369,ACC00273
TXN0014109,normal,,ACC00306,ACC00369
TXN0014110,normal,,ACC00085,ACC00369
TXN0014111,normal,,ACC00369,ACC00044
TXN0014112,normal,,ACC00369,ACC00287
TXN0014113,normal,,ACC00369,ACC00169
TXN0014114,normal,,ACC00044,ACC00369
TXN0014115,normal,,ACC00169,ACC00369
TXN0014116,normal,,ACC00369,ACC00131
TXN0014117,normal,,ACC00331,ACC00369
TXN0014118,normal,,ACC00169,ACC00369
TXN0014119,normal,,ACC00369,ACC00331
TXN0014120,normal,,ACC00369,ACC00169
TXN0014121,normal,,ACC00320,ACC00369
TXN0014122,normal,,ACC00369,ACC00215
TXN0014123,normal,,ACC00369,ACC00085
TXN0014124,normal,,ACC00306,ACC00369
TXN0014125,normal,,ACC00161,ACC00369
TXN0014126,normal,,ACC00313,ACC00369
TXN0014127,normal,,ACC00331,ACC00369
TXN0014128,normal,,ACC00044,ACC00369
TXN0014129,normal,,ACC00169,ACC00369
TXN0014130,normal,,ACC00369,ACC00170
TXN0014131,normal,,ACC00369,ACC00331
TXN0014132,normal,,ACC00369,ACC00044
TXN0014133,normal,,ACC00369,ACC00170
TXN0014134,normal,,ACC00369,ACC00116
TXN0014135,normal,,ACC00170,ACC00369
TXN0014136,normal,,ACC00170,ACC00369
TXN0014137,normal,,ACC00175,ACC00370
TXN0014138,normal,,ACC00370,ACC00034
TXN0014139,normal,,ACC00332,ACC00370
TXN0014140,normal,,ACC00040,ACC00370
TXN0014141,normal,,ACC00370,ACC00048
TXN0014142,normal,,ACC00370,ACC00303
TXN0014143,normal,,ACC00048,ACC00370
TXN0014144,normal,,ACC00097,ACC00370
TXN0014145,normal,,ACC00191,ACC00370
TXN0014146,normal,,ACC00097,ACC00370
TXN0014147,normal,,ACC00493,ACC00370
TXN0014148,normal,,ACC00367,ACC00370
TXN0014149,normal,,ACC00370,ACC00303
TXN0014150,normal,,ACC00370,ACC00332
TXN0014151,normal,,ACC00370,ACC00175
TXN0014152,normal,,ACC00285,ACC00370
TXN0014153,normal,,ACC00370,ACC00175
TXN0014154,normal,,ACC00370,ACC00175
TXN0014155,normal,,ACC00370,ACC00048
TXN0014156,normal,,ACC00222,ACC00371
TXN0014157,normal,,ACC00371,ACC00335
TXN0014158,normal,,ACC00499,ACC00371
TXN0014159,normal,,ACC00499,ACC00371
TXN0014160,normal,,ACC00371,ACC00020
TXN0014161,normal,,ACC00371,ACC00222
TXN0014162,normal,,ACC00298,ACC00371
TXN0014163,normal,,ACC00499,ACC00371
TXN0014164,normal,,ACC00267,ACC00371
TXN0014165,normal,,ACC00371,ACC00335
TXN0014166,normal,,ACC00371,ACC00222
TXN0014167,normal,,ACC00371,ACC00335
TXN0014168,normal,,ACC00020,ACC00371
TXN0014169,normal,,ACC00464,ACC00371
TXN0014170,normal,,ACC00178,ACC00371
TXN0014171,normal,,ACC00178,ACC00371
TXN0014172,normal,,ACC00371,ACC00149
TXN0014173,normal,,ACC00372,ACC00113
TXN0014174,normal,,ACC00372,ACC00182
TXN0014175,normal,,ACC00372,ACC00178
TXN0014176,normal,,ACC00372,ACC00132
TXN0014177,normal,,ACC00372,ACC00182
TXN0014178,normal,,ACC00372,ACC00257
TXN0014179,normal,,ACC00372,ACC00178
TXN0014180,normal,,ACC00372,ACC00178
TXN0014181,normal,,ACC00113,ACC00372
TXN0014182,normal,,ACC00155,ACC00372
TXN0014183,normal,,ACC00226,ACC00372
TXN0014184,normal,,ACC00226,ACC00372
TXN0014185,normal,,ACC00345,ACC00372
TXN0014186,normal,,ACC00345,ACC00372
TXN0014187,normal,,ACC00257,ACC00372
TXN0014188,normal,,ACC00178,ACC00372
TXN0014189,normal,,ACC00017,ACC00373
TXN0014190,normal,,ACC00076,ACC00373
TXN0014191,normal,,ACC00373,ACC00017
TXN0014192,normal,,ACC00265,ACC00373
TXN0014193,normal,,ACC00373,ACC00127
TXN0014194,normal,,ACC00373,ACC00278
TXN0014195,normal,,ACC00373,ACC00288
TXN0014196,normal,,ACC00373,ACC00309
TXN0014197,normal,,ACC00127,ACC00373
TXN0014198,normal,,ACC00185,ACC00373
TXN0014199,normal,,ACC00090,ACC00373
TXN0014200,normal,,ACC00185,ACC00373
TXN0014201,normal,,ACC00373,ACC00459
TXN0014202,normal,,ACC00373,ACC00017
TXN0014203,normal,,ACC00076,ACC00373
TXN0014204,normal,,ACC00017,ACC00373
TXN0014205,normal,,ACC00373,ACC00136
TXN0014206,normal,,ACC00325,ACC00373
TXN0014207,normal,,ACC00115,ACC00373
TXN0014208,normal,,ACC00373,ACC00017
TXN0014209,normal,,ACC00373,ACC00076
TXN0014210,normal,,ACC00265,ACC00373
TXN0014211,normal,,ACC00373,ACC00498
TXN0014212,normal,,ACC00265,ACC00373
TXN0014213,normal,,ACC00373,ACC00076
TXN0014214,normal,,ACC00373,ACC00076
TXN0014215,normal,,ACC00373,ACC00127
TXN0014216,normal,,ACC00338,ACC00373
TXN0014217,normal,,ACC00076,ACC00373
TXN0014218,normal,,ACC00373,ACC00265
TXN0014219,normal,,ACC00373,ACC00265
TXN0014220,normal,,ACC00127,ACC00373
TXN0014221,normal,,ACC00017,ACC00373
TXN0014222,normal,,ACC00288,ACC00373
TXN0014223,normal,,ACC00288,ACC00373
TXN0014224,normal,,ACC00345,ACC00374
TXN0014225,normal,,ACC00374,ACC00365
TXN0014226,normal,,ACC00227,ACC00374
TXN0014227,normal,,ACC00374,ACC00379
TXN0014228,normal,,ACC00090,ACC00374
TXN0014229,normal,,ACC00374,ACC00241
TXN0014230,normal,,ACC00179,ACC00374
TXN0014231,normal,,ACC00374,ACC00241
TXN0014232,normal,,ACC00298,ACC00374
TXN0014233,normal,,ACC00090,ACC00374
TXN0014234,normal,,ACC00374,ACC00241
TXN0014235,normal,,ACC00365,ACC00374
TXN0014236,normal,,ACC00182,ACC00374
TXN0014237,normal,,ACC00374,ACC00298
TXN0014238,normal,,ACC00241,ACC00374
TXN0014239,normal,,ACC00374,ACC00331
TXN0014240,normal,,ACC00241,ACC00374
TXN0014241,normal,,ACC00374,ACC00090
TXN0014242,normal,,ACC00345,ACC00374
TXN0014243,normal,,ACC00298,ACC00374
TXN0014244,normal,,ACC00241,ACC00374
TXN0014245,normal,,ACC00375,ACC00483
TXN0014246,normal,,ACC00375,ACC00446
TXN0014247,normal,,ACC00115,ACC00375
TXN0014248,normal,,ACC00375,ACC00325
TXN0014249,normal,,ACC00115,ACC00375
TXN0014250,normal,,ACC00375,ACC00483
TXN0014251,normal,,ACC00483,ACC00375
TXN0014252,normal,,ACC00249,ACC00375
TXN0014253,normal,,ACC00494,ACC00375
TXN0014254,normal,,ACC00028,ACC00375
TXN0014255,normal,,ACC00375,ACC00034
TXN0014256,normal,,ACC00483,ACC00375
TXN0014257,normal,,ACC00349,ACC00375
TXN0014258,normal,,ACC00349,ACC00375
TXN0014259,normal,,ACC00375,ACC00065
TXN0014260,normal,,ACC00349,ACC00375
TXN0014261,normal,,ACC00375,ACC00325
TXN0014262,normal,,ACC00375,ACC00349
TXN0014263,normal,,ACC00375,ACC00402
TXN0014264,normal,,ACC00376,ACC00255
TXN0014265,normal,,ACC00150,ACC00376
TXN0014266,normal,,ACC00376,ACC00255
TXN0014267,normal,,ACC00424,ACC00376
TXN0014268,normal,,ACC00376,ACC00433
TXN0014269,normal,,ACC00376,ACC00150
TXN0014270,normal,,ACC00150,ACC00376
TXN0014271,normal,,ACC00428,ACC00376
TXN0014272,normal,,ACC00376,ACC00068
TXN0014273,normal,,ACC00376,ACC00431
TXN0014274,normal,,ACC00376,ACC00255
TXN0014275,normal,,ACC00465,ACC00376
TXN0014276,normal,,ACC00433,ACC00376
TXN0014277,normal,,ACC00192,ACC00376
TXN0014278,normal,,ACC00376,ACC00150
TXN0014279,normal,,ACC00376,ACC00255
TXN0014280,normal,,ACC00376,ACC00073
TXN0014281,normal,,ACC00040,ACC00376
TXN0014282,normal,,ACC00192,ACC00376
TXN0014283,normal,,ACC00183,ACC00376
TXN0014284,normal,,ACC00255,ACC00376
TXN0014285,normal,,ACC00376,ACC00334
TXN0014286,normal,,ACC00433,ACC00376
TXN0014287,normal,,ACC00150,ACC00376
TXN0014288,normal,,ACC00040,ACC00376
TXN0014289,normal,,ACC00376,ACC00433
TXN0014290,normal,,ACC00150,ACC00376
TXN0014291,normal,,ACC00295,ACC00376
TXN0014292,normal,,ACC00376,ACC00337
TXN0014293,normal,,ACC00376,ACC00040
TXN0014294,normal,,ACC00171,ACC00376
TXN0014295,normal,,ACC00073,ACC00376
TXN0014296,normal,,ACC00213,ACC00376
TXN0014297,normal,,ACC00255,ACC00376
TXN0014298,normal,,ACC00295,ACC00376
TXN0014299,normal,,ACC00376,ACC00002
TXN0014300,normal,,ACC00376,ACC00295
TXN0014301,normal,,ACC00376,ACC00433
TXN0014302,normal,,ACC00376,ACC00192
TXN0014303,normal,,ACC00040,ACC00376
TXN0014304,normal,,ACC00150,ACC00376
TXN0014305,normal,,ACC00376,ACC00073
TXN0014306,normal,,ACC00201,ACC00376
TXN0014307,normal,,ACC00376,ACC00255
TXN0014308,normal,,ACC00376,ACC00295
TXN0014309,normal,,ACC00171,ACC00376
TXN0014310,normal,,ACC00038,ACC00376
TXN0014311,normal,,ACC00255,ACC00376
TXN0014312,normal,,ACC00433,ACC00376
TXN0014313,normal,,ACC00296,ACC00377
TXN0014314,normal,,ACC00377,ACC00365
TXN0014315,normal,,ACC00377,ACC00104
TXN0014316,normal,,ACC00049,ACC00377
TXN0014317,normal,,ACC00028,ACC00377
TXN0014318,normal,,ACC00377,ACC00103
TXN0014319,normal,,ACC00377,ACC00365
TXN0014320,normal,,ACC00429,ACC00377
TXN0014321,normal,,ACC00377,ACC00082
TXN0014322,normal,,ACC00218,ACC00377
TXN0014323,normal,,ACC00082,ACC00377
TXN0014324,normal,,ACC00377,ACC00212
TXN0014325,normal,,ACC00233,ACC00377
TXN0014326,normal,,ACC00028,ACC00377
TXN0014327,normal,,ACC00377,ACC00429
TXN0014328,normal,,ACC00377,ACC00429
TXN0014329,normal,,ACC00377,ACC00118
TXN0014330,normal,,ACC00377,ACC00374
TXN0014331,normal,,ACC00377,ACC00103
TXN0014332,normal,,ACC00028,ACC00377
TXN0014333,normal,,ACC00377,ACC00429
TXN0014334,normal,,ACC00377,ACC00009
TXN0014335,normal,,ACC00377,ACC00028
TXN0014336,normal,,ACC00377,ACC00374
TXN0014337,normal,,ACC00377,ACC00482
TXN0014338,normal,,ACC00377,ACC00082
TXN0014339,normal,,ACC00377,ACC00103
TXN0014340,normal,,ACC00377,ACC00103
TXN0014341,normal,,ACC00377,ACC00196
TXN0014342,normal,,ACC00103,ACC00377
TXN0014343,normal,,ACC00377,ACC00118
TXN0014344,normal,,ACC00377,ACC00118
TXN0014345,normal,,ACC00429,ACC00377
TXN0014346,normal,,ACC00079,ACC00377
TXN0014347,normal,,ACC00377,ACC00207
TXN0014348,normal,,ACC00377,ACC00301
TXN0014349,normal,,ACC00374,ACC00377
TXN0014350,normal,,ACC00377,ACC00374
TXN0014351,normal,,ACC00028,ACC00377
TXN0014352,normal,,ACC00242,ACC00378
TXN0014353,normal,,ACC00378,ACC00242
TXN0014354,normal,,ACC00378,ACC00434
TXN0014355,normal,,ACC00378,ACC00120
TXN0014356,normal,,ACC00120,ACC00378
TXN0014357,normal,,ACC00378,ACC00120
TXN0014358,normal,,ACC00444,ACC00378
TXN0014359,normal,,ACC00113,ACC00378
TXN0014360,normal,,ACC00293,ACC00378
TXN0014361,normal,,ACC00141,ACC00378
TXN0014362,normal,,ACC00378,ACC00254
TXN0014363,normal,,ACC00378,ACC00120
TXN0014364,normal,,ACC00378,ACC00113
TXN0014365,normal,,ACC00378,ACC00254
TXN0014366,normal,,ACC00119,ACC00378
TXN0014367,normal,,ACC00444,ACC00378
TXN0014368,normal,,ACC00378,ACC00129
TXN0014369,normal,,ACC00242,ACC00378
TXN0014370,normal,,ACC00378,ACC00119
TXN0014371,normal,,ACC00246,ACC00378
TXN0014372,normal,,ACC00104,ACC00378
TXN0014373,normal,,ACC00113,ACC00378
TXN0014374,normal,,ACC00378,ACC00254
TXN0014375,normal,,ACC00378,ACC00444
TXN0014376,normal,,ACC00379,ACC00438
TXN0014377,normal,,ACC00020,ACC00379
TXN0014378,normal,,ACC00379,ACC00362
TXN0014379,normal,,ACC00377,ACC00379
TXN0014380,normal,,ACC00209,ACC00379
TXN0014381,normal,,ACC00379,ACC00083
TXN0014382,normal,,ACC00422,ACC00379
TXN0014383,normal,,ACC00047,ACC00379
TXN0014384,normal,,ACC00438,ACC00379
TXN0014385,normal,,ACC00379,ACC00209
TXN0014386,normal,,ACC00379,ACC00269
TXN0014387,normal,,ACC00379,ACC00209
TXN0014388,normal,,ACC00379,ACC00422
TXN0014389,normal,,ACC00020,ACC00379
TXN0014390,normal,,ACC00379,ACC00209
TXN0014391,normal,,ACC00422,ACC00379
TXN0014392,normal,,ACC00029,ACC00380
TXN0014393,normal,,ACC00396,ACC00380
TXN0014394,normal,,ACC00380,ACC00482
TXN0014395,normal,,ACC00380,ACC00242
TXN0014396,normal,,ACC00008,ACC00380
TXN0014397,normal,,ACC00211,ACC00380
TXN0014398,normal,,ACC00380,ACC00396
TXN0014399,normal,,ACC00380,ACC00242
TXN0014400,normal,,ACC00380,ACC00075
TXN0014401,normal,,ACC00380,ACC00308
TXN0014402,normal,,ACC00380,ACC00256
TXN0014403,normal,,ACC00380,ACC00144
TXN0014404,normal,,ACC00482,ACC00380
TXN0014405,normal,,ACC00260,ACC00380
TXN0014406,normal,,ACC00380,ACC00242
TXN0014407,normal,,ACC00380,ACC00256
TXN0014408,normal,,ACC00380,ACC00075
TXN0014409,normal,,ACC00380,ACC00117
TXN0014410,normal,,ACC00380,ACC00482
TXN0014411,normal,,ACC00383,ACC00380
TXN0014412,normal,,ACC00380,ACC00075
TXN0014413,normal,,ACC00242,ACC00380
TXN0014414,normal,,ACC00242,ACC00380
TXN0014415,normal,,ACC00308,ACC00380
TXN0014416,normal,,ACC00205,ACC00380
TXN0014417,normal,,ACC00085,ACC00380
TXN0014418,normal,,ACC00380,ACC00482
TXN0014419,normal,,ACC00380,ACC00092
TXN0014420,normal,,ACC00380,ACC00482
TXN0014421,normal,,ACC00075,ACC00380
TXN0014422,normal,,ACC00380,ACC00008
TXN0014423,normal,,ACC00075,ACC00380
TXN0014424,normal,,ACC00380,ACC00242
TXN0014425,normal,,ACC00380,ACC00188
TXN0014426,normal,,ACC00482,ACC00380
TXN0014427,normal,,ACC00380,ACC00482
TXN0014428,normal,,ACC00092,ACC00380
TXN0014429,normal,,ACC00380,ACC00092
TXN0014430,normal,,ACC00233,ACC00380
TXN0014431,normal,,ACC00308,ACC00380
TXN0014432,normal,,ACC00308,ACC00380
TXN0014433,normal,,ACC00098,ACC00380
TXN0014434,normal,,ACC00380,ACC00256
TXN0014435,normal,,ACC00008,ACC00380
TXN0014436,normal,,ACC00380,ACC00242
TXN0014437,normal,,ACC00308,ACC00380
TXN0014438,normal,,ACC00478,ACC00381
TXN0014439,normal,,ACC00381,ACC00108
TXN0014440,normal,,ACC00447,ACC00381
TXN0014441,normal,,ACC00381,ACC00002
TXN0014442,normal,,ACC00454,ACC00381
TXN0014443,normal,,ACC00381,ACC00398
TXN0014444,normal,,ACC00381,ACC00063
TXN0014445,normal,,ACC00338,ACC00381
TXN0014446,normal,,ACC00338,ACC00381
TXN0014447,normal,,ACC00478,ACC00381
TXN0014448,normal,,ACC00163,ACC00381
TXN0014449,normal,,ACC00214,ACC00381
TXN0014450,normal,,ACC00398,ACC00381
TXN0014451,normal,,ACC00287,ACC00381
TXN0014452,normal,,ACC00381,ACC00163
TXN0014453,normal,,ACC00058,ACC00381
TXN0014454,normal,,ACC00381,ACC00478
TXN0014455,normal,,ACC00063,ACC00381
TXN0014456,normal,,ACC00381,ACC00163
TXN0014457,normal,,ACC00338,ACC00381
TXN0014458,normal,,ACC00214,ACC00381
TXN0014459,normal,,ACC00063,ACC00381
TXN0014460,normal,,ACC00381,ACC00356
TXN0014461,normal,,ACC00381,ACC00163
TXN0014462,normal,,ACC00381,ACC00356
TXN0014463,normal,,ACC00381,ACC00478
TXN0014464,normal,,ACC00381,ACC00163
TXN0014465,normal,,ACC00478,ACC00381
TXN0014466,normal,,ACC00107,ACC00381
TXN0014467,normal,,ACC00381,ACC00214
TXN0014468,normal,,ACC00427,ACC00381
TXN0014469,normal,,ACC00163,ACC00381
TXN0014470,normal,,ACC00381,ACC00063
TXN0014471,normal,,ACC00381,ACC00404
TXN0014472,normal,,ACC00381,ACC00422
TXN0014473,normal,,ACC00398,ACC00381
TXN0014474,normal,,ACC00338,ACC00381
TXN0014475,normal,,ACC00338,ACC00381
TXN0014476,normal,,ACC00381,ACC00478
TXN0014477,normal,,ACC00381,ACC00165
TXN0014478,normal,,ACC00163,ACC00381
TXN0014479,normal,,ACC00398,ACC00381
TXN0014480,normal,,ACC00381,ACC00014
TXN0014481,normal,,ACC00108,ACC00381
TXN0014482,normal,,ACC00164,ACC00381
TXN0014483,normal,,ACC00398,ACC00381
TXN0014484,normal,,ACC00382,ACC00147
TXN0014485,normal,,ACC00179,ACC00382
TXN0014486,normal,,ACC00382,ACC00021
TXN0014487,normal,,ACC00080,ACC00382
TXN0014488,normal,,ACC00382,ACC00271
TXN0014489,normal,,ACC00145,ACC00382
TXN0014490,normal,,ACC00147,ACC00382
TXN0014491,normal,,ACC00382,ACC00167
TXN0014492,normal,,ACC00382,ACC00201
TXN0014493,normal,,ACC00382,ACC00080
TXN0014494,normal,,ACC00382,ACC00291
TXN0014495,normal,,ACC00382,ACC00413
TXN0014496,normal,,ACC00271,ACC00382
TXN0014497,normal,,ACC00145,ACC00382
TXN0014498,normal,,ACC00382,ACC00145
TXN0014499,normal,,ACC00037,ACC00382
TXN0014500,normal,,ACC00412,ACC00382
TXN0014501,normal,,ACC00382,ACC00498
TXN0014502,normal,,ACC00382,ACC00147
TXN0014503,normal,,ACC00147,ACC00382
TXN0014504,normal,,ACC00412,ACC00382
TXN0014505,normal,,ACC00147,ACC00382
TXN0014506,normal,,ACC00390,ACC00382
TXN0014507,normal,,ACC00382,ACC00271
TXN0014508,normal,,ACC00382,ACC00179
TXN0014509,normal,,ACC00080,ACC00382
TXN0014510,normal,,ACC00147,ACC00382
TXN0014511,normal,,ACC00179,ACC00382
TXN0014512,normal,,ACC00382,ACC00271
TXN0014513,normal,,ACC00382,ACC00412
TXN0014514,normal,,ACC00179,ACC00382
TXN0014515,normal,,ACC00382,ACC00080
TXN0014516,normal,,ACC00382,ACC00145
TXN0014517,normal,,ACC00382,ACC00271
TXN0014518,normal,,ACC00382,ACC00271
TXN0014519,normal,,ACC00382,ACC00080
TXN0014520,normal,,ACC00382,ACC00151
TXN0014521,normal,,ACC00145,ACC00382
TXN0014522,normal,,ACC00412,ACC00382
TXN0014523,normal,,ACC00383,ACC00296
TXN0014524,normal,,ACC00350,ACC00383
TXN0014525,normal,,ACC00462,ACC00383
TXN0014526,normal,,ACC00296,ACC00383
TXN0014527,normal,,ACC00154,ACC00383
TXN0014528,normal,,ACC00462,ACC00383
TXN0014529,normal,,ACC00383,ACC00151
TXN0014530,normal,,ACC00365,ACC00383
TXN0014531,normal,,ACC00015,ACC00383
TXN0014532,normal,,ACC00383,ACC00489
TXN0014533,normal,,ACC00304,ACC00383
TXN0014534,normal,,ACC00296,ACC00383
TXN0014535,normal,,ACC00258,ACC00383
TXN0014536,normal,,ACC00383,ACC00131
TXN0014537,normal,,ACC00082,ACC00383
TXN0014538,normal,,ACC00340,ACC00384
TXN0014539,normal,,ACC00384,ACC00362
TXN0014540,normal,,ACC00384,ACC00232
TXN0014541,normal,,ACC00367,ACC00384
TXN0014542,normal,,ACC00445,ACC00384
TXN0014543,normal,,ACC00436,ACC00384
TXN0014544,normal,,ACC00384,ACC00436
TXN0014545,normal,,ACC00384,ACC00436
TXN0014546,normal,,ACC00445,ACC00384
TXN0014547,normal,,ACC00239,ACC00384
TXN0014548,normal,,ACC00384,ACC00158
TXN0014549,normal,,ACC00367,ACC00384
TXN0014550,normal,,ACC00478,ACC00384
TXN0014551,normal,,ACC00384,ACC00159
TXN0014552,normal,,ACC00340,ACC00384
TXN0014553,normal,,ACC00445,ACC00384
TXN0014554,normal,,ACC00158,ACC00384
TXN0014555,normal,,ACC00384,ACC00367
TXN0014556,normal,,ACC00384,ACC00436
TXN0014557,normal,,ACC00384,ACC00436
TXN0014558,normal,,ACC00445,ACC00384
TXN0014559,normal,,ACC00384,ACC00440
TXN0014560,normal,,ACC00159,ACC00384
TXN0014561,normal,,ACC00158,ACC00384
TXN0014562,normal,,ACC00340,ACC00384
TXN0014563,normal,,ACC00166,ACC00384
TXN0014564,normal,,ACC00351,ACC00384
TXN0014565,normal,,ACC00384,ACC00174
TXN0014566,normal,,ACC00384,ACC00158
TXN0014567,normal,,ACC00384,ACC00239
TXN0014568,normal,,ACC00239,ACC00384
TXN0014569,normal,,ACC00384,ACC00444
TXN0014570,normal,,ACC00384,ACC00239
TXN0014571,normal,,ACC00384,ACC00137
TXN0014572,normal,,ACC00065,ACC00384
TXN0014573,normal,,ACC00436,ACC00384
TXN0014574,normal,,ACC00367,ACC00384
TXN0014575,normal,,ACC00440,ACC00384
TXN0014576,normal,,ACC00367,ACC00384
TXN0014577,normal,,ACC00384,ACC00158
TXN0014578,normal,,ACC00440,ACC00384
TXN0014579,normal,,ACC00365,ACC00385
TXN0014580,normal,,ACC00157,ACC00385
TXN0014581,normal,,ACC00365,ACC00385
TXN0014582,normal,,ACC00030,ACC00385
TXN0014583,normal,,ACC00385,ACC00492
TXN0014584,normal,,ACC00385,ACC00199
TXN0014585,normal,,ACC00365,ACC00385
TXN0014586,normal,,ACC00385,ACC00277
TXN0014587,normal,,ACC00385,ACC00030
TXN0014588,normal,,ACC00365,ACC00385
TXN0014589,normal,,ACC00385,ACC00157
TXN0014590,normal,,ACC00385,ACC00099
TXN0014591,normal,,ACC00277,ACC00385
TXN0014592,normal,,ACC00121,ACC00385
TXN0014593,normal,,ACC00199,ACC00385
TXN0014594,normal,,ACC00277,ACC00385
TXN0014595,normal,,ACC00385,ACC00277
TXN0014596,normal,,ACC00474,ACC00386
TXN0014597,normal,,ACC00386,ACC00254
TXN0014598,normal,,ACC00474,ACC00386
TXN0014599,normal,,ACC00386,ACC00474
TXN0014600,normal,,ACC00338,ACC00386
TXN0014601,normal,,ACC00071,ACC00386
TXN0014602,normal,,ACC00175,ACC00386
TXN0014603,normal,,ACC00338,ACC00386
TXN0014604,normal,,ACC00386,ACC00127
TXN0014605,normal,,ACC00386,ACC00475
TXN0014606,normal,,ACC00151,ACC00386
TXN0014607,normal,,ACC00430,ACC00386
TXN0014608,normal,,ACC00386,ACC00151
TXN0014609,normal,,ACC00474,ACC00386
TXN0014610,normal,,ACC00386,ACC00254
TXN0014611,normal,,ACC00386,ACC00151
TXN0014612,normal,,ACC00008,ACC00386
TXN0014613,normal,,ACC00386,ACC00175
TXN0014614,normal,,ACC00386,ACC00338
TXN0014615,normal,,ACC00386,ACC00151
TXN0014616,normal,,ACC00386,ACC00474
TXN0014617,normal,,ACC00127,ACC00386
TXN0014618,normal,,ACC00386,ACC00151
TXN0014619,normal,,ACC00386,ACC00071
TXN0014620,normal,,ACC00175,ACC00386
TXN0014621,normal,,ACC00386,ACC00474
TXN0014622,normal,,ACC00338,ACC00386
TXN0014623,normal,,ACC00221,ACC00387
TXN0014624,normal,,ACC00387,ACC00130
TXN0014625,normal,,ACC00387,ACC00021
TXN0014626,normal,,ACC00500,ACC00387
TXN0014627,normal,,ACC00297,ACC00387
TXN0014628,normal,,ACC00267,ACC00387
TXN0014629,normal,,ACC00288,ACC00387
TXN0014630,normal,,ACC00387,ACC00187
TXN0014631,normal,,ACC00387,ACC00500
TXN0014632,normal,,ACC00387,ACC00285
TXN0014633,normal,,ACC00387,ACC00500
TXN0014634,normal,,ACC00387,ACC00297
TXN0014635,normal,,ACC00387,ACC00221
TXN0014636,normal,,ACC00500,ACC00387
TXN0014637,normal,,ACC00387,ACC00102
TXN0014638,normal,,ACC00175,ACC00387
TXN0014639,normal,,ACC00387,ACC00297
TXN0014640,normal,,ACC00387,ACC00285
TXN0014641,normal,,ACC00285,ACC00387
TXN0014642,normal,,ACC00387,ACC00354
TXN0014643,normal,,ACC00387,ACC00288
TXN0014644,normal,,ACC00387,ACC00221
TXN0014645,normal,,ACC00387,ACC00288
TXN0014646,normal,,ACC00387,ACC00007
TXN0014647,normal,,ACC00387,ACC00175
TXN0014648,normal,,ACC00288,ACC00387
TXN0014649,normal,,ACC00387,ACC00090
TXN0014650,normal,,ACC00368,ACC00387
TXN0014651,normal,,ACC00387,ACC00007
TXN0014652,normal,,ACC00175,ACC00387
TXN0014653,normal,,ACC00387,ACC00297
TXN0014654,normal,,ACC00387,ACC00297
TXN0014655,normal,,ACC00387,ACC00288
TXN0014656,normal,,ACC00388,ACC00086
TXN0014657,normal,,ACC00388,ACC00142
TXN0014658,normal,,ACC00161,ACC00388
TXN0014659,normal,,ACC00010,ACC00388
TXN0014660,normal,,ACC00388,ACC00251
TXN0014661,normal,,ACC00388,ACC00195
TXN0014662,normal,,ACC00344,ACC00388
TXN0014663,normal,,ACC00388,ACC00346
TXN0014664,normal,,ACC00388,ACC00161
TXN0014665,normal,,ACC00010,ACC00388
TXN0014666,normal,,ACC00010,ACC00388
TXN0014667,normal,,ACC00142,ACC00388
TXN0014668,normal,,ACC00476,ACC00388
TXN0014669,normal,,ACC00161,ACC00388
TXN0014670,normal,,ACC00388,ACC00086
TXN0014671,normal,,ACC00388,ACC00161
TXN0014672,normal,,ACC00086,ACC00388
TXN0014673,normal,,ACC00086,ACC00388
TXN0014674,normal,,ACC00251,ACC00388
TXN0014675,normal,,ACC00010,ACC00388
TXN0014676,normal,,ACC00388,ACC00354
TXN0014677,normal,,ACC00142,ACC00388
TXN0014678,normal,,ACC00388,ACC00142
TXN0014679,normal,,ACC00388,ACC00178
TXN0014680,normal,,ACC00388,ACC00195
TXN0014681,normal,,ACC00388,ACC00492
TXN0014682,normal,,ACC00388,ACC00025
TXN0014683,normal,,ACC00010,ACC00388
TXN0014684,normal,,ACC00142,ACC00388
TXN0014685,normal,,ACC00225,ACC00388
TXN0014686,normal,,ACC00388,ACC00195
TXN0014687,normal,,ACC00195,ACC00388
TXN0014688,normal,,ACC00195,ACC00388
TXN0014689,normal,,ACC00010,ACC00388
TXN0014690,normal,,ACC00195,ACC00388
TXN0014691,normal,,ACC00010,ACC00388
TXN0014692,normal,,ACC00166,ACC00388
TXN0014693,normal,,ACC00195,ACC00388
TXN0014694,normal,,ACC00388,ACC00133
TXN0014695,normal,,ACC00064,ACC00388
TXN0014696,normal,,ACC00388,ACC00161
TXN0014697,normal,,ACC00161,ACC00388
TXN0014698,normal,,ACC00346,ACC00388
TXN0014699,normal,,ACC00388,ACC00195
TXN0014700,normal,,ACC00346,ACC00388
TXN0014701,normal,,ACC00388,ACC00142
TXN0014702,normal,,ACC00201,ACC00388
TXN0014703,normal,,ACC00010,ACC00388
TXN0014704,normal,,ACC00086,ACC00388
TXN0014705,normal,,ACC00388,ACC00251
TXN0014706,normal,,ACC00010,ACC00388
TXN0014707,normal,,ACC00010,ACC00388
TXN0014708,normal,,ACC00086,ACC00388
TXN0014709,normal,,ACC00388,ACC00192
TXN0014710,normal,,ACC00251,ACC00388
TXN0014711,normal,,ACC00329,ACC00388
TXN0014712,normal,,ACC00350,ACC00388
TXN0014713,normal,,ACC00322,ACC00388
TXN0014714,normal,,ACC00142,ACC00388
TXN0014715,normal,,ACC00033,ACC00389
TXN0014716,normal,,ACC00437,ACC00389
TXN0014717,normal,,ACC00389,ACC00176
TXN0014718,normal,,ACC00389,ACC00001
TXN0014719,normal,,ACC00389,ACC00028
TXN0014720,normal,,ACC00389,ACC00459
TXN0014721,normal,,ACC00389,ACC00058
TXN0014722,normal,,ACC00389,ACC00437
TXN0014723,normal,,ACC00389,ACC00176
TXN0014724,normal,,ACC00107,ACC00389
TXN0014725,normal,,ACC00055,ACC00389
TXN0014726,normal,,ACC00176,ACC00389
TXN0014727,normal,,ACC00389,ACC00249
TXN0014728,normal,,ACC00389,ACC00287
TXN0014729,normal,,ACC00287,ACC00389
TXN0014730,normal,,ACC00389,ACC00274
TXN0014731,normal,,ACC00028,ACC00389
TXN0014732,normal,,ACC00389,ACC00176
TXN0014733,normal,,ACC00389,ACC00058
TXN0014734,normal,,ACC00389,ACC00058
TXN0014735,normal,,ACC00058,ACC00389
TXN0014736,normal,,ACC00389,ACC00349
TXN0014737,normal,,ACC00176,ACC00389
TXN0014738,normal,,ACC00028,ACC00389
TXN0014739,normal,,ACC00389,ACC00287
TXN0014740,normal,,ACC00001,ACC00389
TXN0014741,normal,,ACC00389,ACC00176
TXN0014742,normal,,ACC00337,ACC00389
TXN0014743,normal,,ACC00287,ACC00389
TXN0014744,normal,,ACC00389,ACC00055
TXN0014745,normal,,ACC00389,ACC00055
TXN0014746,normal,,ACC00189,ACC00390
TXN0014747,normal,,ACC00389,ACC00390
TXN0014748,normal,,ACC00189,ACC00390
TXN0014749,normal,,ACC00396,ACC00390
TXN0014750,normal,,ACC00242,ACC00390
TXN0014751,normal,,ACC00390,ACC00302
TXN0014752,normal,,ACC00396,ACC00390
TXN0014753,normal,,ACC00390,ACC00338
TXN0014754,normal,,ACC00054,ACC00390
TXN0014755,normal,,ACC00390,ACC00189
TXN0014756,normal,,ACC00189,ACC00390
TXN0014757,normal,,ACC00390,ACC00054
TXN0014758,normal,,ACC00438,ACC00390
TXN0014759,normal,,ACC00390,ACC00101
TXN0014760,normal,,ACC00054,ACC00390
TXN0014761,normal,,ACC00390,ACC00242
TXN0014762,normal,,ACC00389,ACC00390
TXN0014763,normal,,ACC00101,ACC00390
TXN0014764,normal,,ACC00389,ACC00390
TXN0014765,normal,,ACC00099,ACC00390
TXN0014766,normal,,ACC00286,ACC00390
TXN0014767,normal,,ACC00099,ACC00390
TXN0014768,normal,,ACC00389,ACC00390
TXN0014769,normal,,ACC00082,ACC00390
TXN0014770,normal,,ACC00389,ACC00390
TXN0014771,normal,,ACC00242,ACC00390
TXN0014772,normal,,ACC00438,ACC00390
TXN0014773,normal,,ACC00054,ACC00390
TXN0014774,normal,,ACC00391,ACC00157
TXN0014775,normal,,ACC00391,ACC00256
TXN0014776,normal,,ACC00157,ACC00391
TXN0014777,normal,,ACC00320,ACC00391
TXN0014778,normal,,ACC00391,ACC00290
TXN0014779,normal,,ACC00116,ACC00391
TXN0014780,normal,,ACC00256,ACC00391
TXN0014781,normal,,ACC00391,ACC00157
TXN0014782,normal,,ACC00290,ACC00391
TXN0014783,normal,,ACC00039,ACC00391
TXN0014784,normal,,ACC00391,ACC00401
TXN0014785,normal,,ACC00391,ACC00075
TXN0014786,normal,,ACC00371,ACC00391
TXN0014787,normal,,ACC00157,ACC00391
TXN0014788,normal,,ACC00391,ACC00401
TXN0014789,normal,,ACC00391,ACC00371
TXN0014790,normal,,ACC00075,ACC00391
TXN0014791,normal,,ACC00391,ACC00138
TXN0014792,normal,,ACC00391,ACC00222
TXN0014793,normal,,ACC00371,ACC00391
TXN0014794,normal,,ACC00391,ACC00075
TXN0014795,normal,,ACC00391,ACC00165
TXN0014796,normal,,ACC00395,ACC00391
TXN0014797,normal,,ACC00182,ACC00391
TXN0014798,normal,,ACC00391,ACC00401
TXN0014799,normal,,ACC00391,ACC00165
TXN0014800,normal,,ACC00391,ACC00075
TXN0014801,normal,,ACC00391,ACC00215
TXN0014802,normal,,ACC00371,ACC00391
TXN0014803,normal,,ACC00046,ACC00392
TXN0014804,normal,,ACC00392,ACC00306
TXN0014805,normal,,ACC00392,ACC00335
TXN0014806,normal,,ACC00392,ACC00451
TXN0014807,normal,,ACC00392,ACC00493
TXN0014808,normal,,ACC00451,ACC00392
TXN0014809,normal,,ACC00349,ACC00392
TXN0014810,normal,,ACC00392,ACC00214
TXN0014811,normal,,ACC00284,ACC00392
TXN0014812,normal,,ACC00020,ACC00392
TXN0014813,normal,,ACC00020,ACC00392
TXN0014814,normal,,ACC00306,ACC00392
TXN0014815,normal,,ACC00381,ACC00392
TXN0014816,normal,,ACC00392,ACC00058
TXN0014817,normal,,ACC00392,ACC00306
TXN0014818,normal,,ACC00019,ACC00392
TXN0014819,normal,,ACC00284,ACC00392
TXN0014820,normal,,ACC00235,ACC00392
TXN0014821,normal,,ACC00335,ACC00392
TXN0014822,normal,,ACC00392,ACC00058
TXN0014823,normal,,ACC00235,ACC00392
TXN0014824,normal,,ACC00392,ACC00479
TXN0014825,normal,,ACC00392,ACC00451
TXN0014826,normal,,ACC00392,ACC00235
TXN0014827,normal,,ACC00306,ACC00392
TXN0014828,normal,,ACC00058,ACC00392
TXN0014829,normal,,ACC00392,ACC00493
TXN0014830,normal,,ACC00392,ACC00139
TXN0014831,normal,,ACC00335,ACC00392
TXN0014832,normal,,ACC00451,ACC00392
TXN0014833,normal,,ACC00020,ACC00392
TXN0014834,normal,,ACC00020,ACC00392
TXN0014835,normal,,ACC00392,ACC00218
TXN0014836,normal,,ACC00392,ACC00235
TXN0014837,normal,,ACC00392,ACC00284
TXN0014838,normal,,ACC00056,ACC00392
TXN0014839,normal,,ACC00392,ACC00190
TXN0014840,normal,,ACC00493,ACC00392
TXN0014841,normal,,ACC00392,ACC00235
TXN0014842,normal,,ACC00278,ACC00392
TXN0014843,normal,,ACC00392,ACC00335
TXN0014844,normal,,ACC00138,ACC00393
TXN0014845,normal,,ACC00393,ACC00195
TXN0014846,normal,,ACC00056,ACC00393
TXN0014847,normal,,ACC00195,ACC00393
TXN0014848,normal,,ACC00163,ACC00393
TXN0014849,normal,,ACC00111,ACC00393
TXN0014850,normal,,ACC00393,ACC00138
TXN0014851,normal,,ACC00393,ACC00163
TXN0014852,normal,,ACC00393,ACC00138
TXN0014853,normal,,ACC00393,ACC00395
TXN0014854,normal,,ACC00163,ACC00393
TXN0014855,normal,,ACC00111,ACC00393
TXN0014856,normal,,ACC00139,ACC00393
TXN0014857,normal,,ACC00393,ACC00109
TXN0014858,normal,,ACC00211,ACC00393
TXN0014859,normal,,ACC00349,ACC00394
TXN0014860,normal,,ACC00394,ACC00087
TXN0014861,normal,,ACC00394,ACC00349
TXN0014862,normal,,ACC00394,ACC00066
TXN0014863,normal,,ACC00066,ACC00394
TXN0014864,normal,,ACC00394,ACC00471
TXN0014865,normal,,ACC00394,ACC00356
TXN0014866,normal,,ACC00394,ACC00206
TXN0014867,normal,,ACC00396,ACC00394
TXN0014868,normal,,ACC00394,ACC00465
TXN0014869,normal,,ACC00349,ACC00394
TXN0014870,normal,,ACC00495,ACC00394
TXN0014871,normal,,ACC00396,ACC00394
TXN0014872,normal,,ACC00471,ACC00394
TXN0014873,normal,,ACC00394,ACC00339
TXN0014874,normal,,ACC00394,ACC00349
TXN0014875,normal,,ACC00394,ACC00270
TXN0014876,normal,,ACC00394,ACC00087
TXN0014877,normal,,ACC00396,ACC00394
TXN0014878,normal,,ACC00394,ACC00465
TXN0014879,normal,,ACC00394,ACC00087
TXN0014880,normal,,ACC00349,ACC00394
TXN0014881,normal,,ACC00394,ACC00465
TXN0014882,normal,,ACC00394,ACC00331
TXN0014883,normal,,ACC00349,ACC00394
TXN0014884,normal,,ACC00144,ACC00394
TXN0014885,normal,,ACC00471,ACC00394
TXN0014886,normal,,ACC00325,ACC00394
TXN0014887,normal,,ACC00394,ACC00349
TXN0014888,normal,,ACC00066,ACC00394
TXN0014889,normal,,ACC00394,ACC00465
TXN0014890,normal,,ACC00087,ACC00394
TXN0014891,normal,,ACC00008,ACC00394
TXN0014892,normal,,ACC00396,ACC00394
TXN0014893,normal,,ACC00465,ACC00394
TXN0014894,normal,,ACC00394,ACC00396
TXN0014895,normal,,ACC00394,ACC00339
TXN0014896,normal,,ACC00066,ACC00394
TXN0014897,normal,,ACC00394,ACC00270
TXN0014898,normal,,ACC00394,ACC00396
TXN0014899,normal,,ACC00066,ACC00394
TXN0014900,normal,,ACC00471,ACC00394
TXN0014901,normal,,ACC00394,ACC00270
TXN0014902,normal,,ACC00270,ACC00394
TXN0014903,normal,,ACC00394,ACC00465
TXN0014904,normal,,ACC00481,ACC00394
TXN0014905,normal,,ACC00394,ACC00066
TXN0014906,normal,,ACC00394,ACC00087
TXN0014907,normal,,ACC00471,ACC00394
TXN0014908,normal,,ACC00465,ACC00394
TXN0014909,normal,,ACC00375,ACC00394
TXN0014910,normal,,ACC00405,ACC00395
TXN0014911,normal,,ACC00453,ACC00395
TXN0014912,normal,,ACC00395,ACC00011
TXN0014913,normal,,ACC00395,ACC00002
TXN0014914,normal,,ACC00395,ACC00405
TXN0014915,normal,,ACC00405,ACC00395
TXN0014916,normal,,ACC00341,ACC00395
TXN0014917,normal,,ACC00405,ACC00395
TXN0014918,normal,,ACC00210,ACC00395
TXN0014919,normal,,ACC00424,ACC00395
TXN0014920,normal,,ACC00395,ACC00011
TXN0014921,normal,,ACC00395,ACC00453
TXN0014922,normal,,ACC00395,ACC00258
TXN0014923,normal,,ACC00453,ACC00395
TXN0014924,normal,,ACC00395,ACC00173
TXN0014925,normal,,ACC00453,ACC00395
TXN0014926,normal,,ACC00395,ACC00026
TXN0014927,normal,,ACC00395,ACC00011
TXN0014928,normal,,ACC00395,ACC00316
TXN0014929,normal,,ACC00011,ACC00395
TXN0014930,normal,,ACC00011,ACC00395
TXN0014931,normal,,ACC00250,ACC00395
TXN0014932,normal,,ACC00395,ACC00494
TXN0014933,normal,,ACC00453,ACC00395
TXN0014934,normal,,ACC00258,ACC00395
TXN0014935,normal,,ACC00395,ACC00405
TXN0014936,normal,,ACC00011,ACC00395
TXN0014937,normal,,ACC00395,ACC00118
TXN0014938,normal,,ACC00303,ACC00395
TXN0014939,normal,,ACC00395,ACC00303
TXN0014940,normal,,ACC00185,ACC00395
TXN0014941,normal,,ACC00164,ACC00395
TXN0014942,normal,,ACC00395,ACC00011
TXN0014943,normal,,ACC00395,ACC00303
TXN0014944,normal,,ACC00303,ACC00395
TXN0014945,normal,,ACC00395,ACC00002
TXN0014946,normal,,ACC00108,ACC00395
TXN0014947,normal,,ACC00395,ACC00284
TXN0014948,normal,,ACC00453,ACC00395
TXN0014949,normal,,ACC00002,ACC00395
TXN0014950,normal,,ACC00395,ACC00497
TXN0014951,normal,,ACC00395,ACC00175
TXN0014952,normal,,ACC00258,ACC00395
TXN0014953,normal,,ACC00486,ACC00395
TXN0014954,normal,,ACC00405,ACC00395
TXN0014955,normal,,ACC00303,ACC00395
TXN0014956,normal,,ACC00405,ACC00395
TXN0014957,normal,,ACC00395,ACC00011
TXN0014958,normal,,ACC00395,ACC00011
TXN0014959,normal,,ACC00396,ACC00304
TXN0014960,normal,,ACC00396,ACC00377
TXN0014961,normal,,ACC00396,ACC00229
TXN0014962,normal,,ACC00396,ACC00271
TXN0014963,normal,,ACC00396,ACC00377
TXN0014964,normal,,ACC00396,ACC00377
TXN0014965,normal,,ACC00396,ACC00377
TXN0014966,normal,,ACC00396,ACC00377
TXN0014967,normal,,ACC00396,ACC00206
TXN0014968,normal,,ACC00396,ACC00304
TXN0014969,normal,,ACC00396,ACC00271
TXN0014970,normal,,ACC00033,ACC00396
TXN0014971,normal,,ACC00033,ACC00396
TXN0014972,normal,,ACC00377,ACC00396
TXN0014973,normal,,ACC00377,ACC00396
TXN0014974,normal,,ACC00396,ACC00271
TXN0014975,normal,,ACC00271,ACC00396
TXN0014976,normal,,ACC00206,ACC00396
TXN0014977,normal,,ACC00396,ACC00233
TXN0014978,normal,,ACC00396,ACC00207
TXN0014979,normal,,ACC00396,ACC00218
TXN0014980,normal,,ACC00218,ACC00396
TXN0014981,normal,,ACC00377,ACC00396
TXN0014982,normal,,ACC00396,ACC00377
TXN0014983,normal,,ACC00206,ACC00396
TXN0014984,normal,,ACC00396,ACC00271
TXN0014985,normal,,ACC00496,ACC00396
TXN0014986,normal,,ACC00032,ACC00396
TXN0014987,normal,,ACC00396,ACC00261
TXN0014988,normal,,ACC00273,ACC00396
TXN0014989,normal,,ACC00304,ACC00396
TXN0014990,normal,,ACC00079,ACC00396
TXN0014991,normal,,ACC00396,ACC00196
TXN0014992,normal,,ACC00396,ACC00206
TXN0014993,normal,,ACC00293,ACC00396
TXN0014994,normal,,ACC00396,ACC00270
TXN0014995,normal,,ACC00396,ACC00010
TXN0014996,normal,,ACC00377,ACC00396
TXN0014997,normal,,ACC00396,ACC00496
TXN0014998,normal,,ACC00396,ACC00496
TXN0014999,normal,,ACC00396,ACC00496
TXN0015000,normal,,ACC00230,ACC00396
TXN0015001,normal,,ACC00489,ACC00396
TXN0015002,normal,,ACC00397,ACC00435
TXN0015003,normal,,ACC00255,ACC00397
TXN0015004,normal,,ACC00397,ACC00138
TXN0015005,normal,,ACC00435,ACC00397
TXN0015006,normal,,ACC00397,ACC00271
TXN0015007,normal,,ACC00292,ACC00397
TXN0015008,normal,,ACC00255,ACC00397
TXN0015009,normal,,ACC00397,ACC00292
TXN0015010,normal,,ACC00024,ACC00397
TXN0015011,normal,,ACC00397,ACC00344
TXN0015012,normal,,ACC00248,ACC00397
TXN0015013,normal,,ACC00397,ACC00100
TXN0015014,normal,,ACC00397,ACC00353
TXN0015015,normal,,ACC00397,ACC00024
TXN0015016,normal,,ACC00024,ACC00397
TXN0015017,normal,,ACC00024,ACC00397
TXN0015018,normal,,ACC00397,ACC00357
TXN0015019,normal,,ACC00357,ACC00397
TXN0015020,normal,,ACC00218,ACC00397
TXN0015021,normal,,ACC00100,ACC00397
TXN0015022,normal,,ACC00100,ACC00397
TXN0015023,normal,,ACC00397,ACC00100
TXN0015024,normal,,ACC00255,ACC00397
TXN0015025,normal,,ACC00397,ACC00119
TXN0015026,normal,,ACC00397,ACC00292
TXN0015027,normal,,ACC00357,ACC00397
TXN0015028,normal,,ACC00267,ACC00397
TXN0015029,normal,,ACC00100,ACC00397
TXN0015030,normal,,ACC00255,ACC00397
TXN0015031,normal,,ACC00397,ACC00244
TXN0015032,normal,,ACC00397,ACC00435
TXN0015033,normal,,ACC00357,ACC00397
TXN0015034,normal,,ACC00292,ACC00397
TXN0015035,normal,,ACC00100,ACC00397
TXN0015036,normal,,ACC00357,ACC00397
TXN0015037,normal,,ACC00255,ACC00397
TXN0015038,normal,,ACC00044,ACC00397
TXN0015039,normal,,ACC00127,ACC00397
TXN0015040,normal,,ACC00397,ACC00271
TXN0015041,normal,,ACC00255,ACC00397
TXN0015042,normal,,ACC00397,ACC00100
TXN0015043,normal,,ACC00357,ACC00397
TXN0015044,normal,,ACC00024,ACC00397
TXN0015045,normal,,ACC00271,ACC00397
TXN0015046,normal,,ACC00255,ACC00397
TXN0015047,normal,,ACC00397,ACC00100
TXN0015048,normal,,ACC00397,ACC00100
TXN0015049,normal,,ACC00119,ACC00397
TXN0015050,normal,,ACC00397,ACC00357
TXN0015051,normal,,ACC00397,ACC00206
TXN0015052,normal,,ACC00397,ACC00100
TXN0015053,normal,,ACC00397,ACC00119
TXN0015054,normal,,ACC00231,ACC00398
TXN0015055,normal,,ACC00416,ACC00398
TXN0015056,normal,,ACC00303,ACC00398
TXN0015057,normal,,ACC00398,ACC00220
TXN0015058,normal,,ACC00398,ACC00414
TXN0015059,normal,,ACC00231,ACC00398
TXN0015060,normal,,ACC00220,ACC00398
TXN0015061,normal,,ACC00398,ACC00075
TXN0015062,normal,,ACC00398,ACC00231
TXN0015063,normal,,ACC00398,ACC00231
TXN0015064,normal,,ACC00448,ACC00398
TXN0015065,normal,,ACC00398,ACC00013
TXN0015066,normal,,ACC00398,ACC00231
TXN0015067,normal,,ACC00398,ACC00075
TXN0015068,normal,,ACC00423,ACC00398
TXN0015069,normal,,ACC00303,ACC00398
TXN0015070,normal,,ACC00398,ACC00075
TXN0015071,normal,,ACC00398,ACC00329
TXN0015072,normal,,ACC00398,ACC00130
TXN0015073,normal,,ACC00399,ACC00316
TXN0015074,normal,,ACC00399,ACC00454
TXN0015075,normal,,ACC00399,ACC00251
TXN0015076,normal,,ACC00399,ACC00413
TXN0015077,normal,,ACC00399,ACC00027
TXN0015078,normal,,ACC00399,ACC00080
TXN0015079,normal,,ACC00399,ACC00019
TXN0015080,normal,,ACC00399,ACC00316
TXN0015081,normal,,ACC00137,ACC00399
TXN0015082,normal,,ACC00399,ACC00457
TXN0015083,normal,,ACC00399,ACC00065
TXN0015084,normal,,ACC00399,ACC00457
TXN0015085,normal,,ACC00399,ACC00019
TXN0015086,normal,,ACC00137,ACC00399
TXN0015087,normal,,ACC00399,ACC00316
TXN0015088,normal,,ACC00316,ACC00399
TXN0015089,normal,,ACC00399,ACC00009
TXN0015090,normal,,ACC00137,ACC00399
TXN0015091,normal,,ACC00399,ACC00413
TXN0015092,normal,,ACC00413,ACC00399
TXN0015093,normal,,ACC00457,ACC00399
TXN0015094,normal,,ACC00399,ACC00027
TXN0015095,normal,,ACC00045,ACC00399
TXN0015096,normal,,ACC00027,ACC00399
TXN0015097,normal,,ACC00350,ACC00399
TXN0015098,normal,,ACC00399,ACC00425
TXN0015099,normal,,ACC00137,ACC00399
TXN0015100,normal,,ACC00019,ACC00399
TXN0015101,normal,,ACC00399,ACC00316
TXN0015102,normal,,ACC00399,ACC00019
TXN0015103,normal,,ACC00316,ACC00399
TXN0015104,normal,,ACC00399,ACC00413
TXN0015105,normal,,ACC00399,ACC00027
TXN0015106,normal,,ACC00350,ACC00399
TXN0015107,normal,,ACC00350,ACC00399
TXN0015108,normal,,ACC00350,ACC00399
TXN0015109,normal,,ACC00399,ACC00045
TXN0015110,normal,,ACC00399,ACC00316
TXN0015111,normal,,ACC00399,ACC00316
TXN0015112,normal,,ACC00027,ACC00399
TXN0015113,normal,,ACC00413,ACC00399
TXN0015114,normal,,ACC00316,ACC00399
TXN0015115,normal,,ACC00399,ACC00150
TXN0015116,normal,,ACC00399,ACC00445
TXN0015117,normal,,ACC00399,ACC00045
TXN0015118,normal,,ACC00093,ACC00399
TXN0015119,normal,,ACC00399,ACC00316
TXN0015120,normal,,ACC00350,ACC00399
TXN0015121,normal,,ACC00400,ACC00176
TXN0015122,normal,,ACC00400,ACC00185
TXN0015123,normal,,ACC00400,ACC00185
TXN0015124,normal,,ACC00427,ACC00400
TXN0015125,normal,,ACC00296,ACC00400
TXN0015126,normal,,ACC00400,ACC00157
TXN0015127,normal,,ACC00400,ACC00185
TXN0015128,normal,,ACC00400,ACC00197
TXN0015129,normal,,ACC00251,ACC00400
TXN0015130,normal,,ACC00400,ACC00251
TXN0015131,normal,,ACC00400,ACC00282
TXN0015132,normal,,ACC00185,ACC00400
TXN0015133,normal,,ACC00251,ACC00400
TXN0015134,normal,,ACC00267,ACC00400
TXN0015135,normal,,ACC00185,ACC00400
TXN0015136,normal,,ACC00176,ACC00400
TXN0015137,normal,,ACC00231,ACC00400
TXN0015138,normal,,ACC00440,ACC00400
TXN0015139,normal,,ACC00400,ACC00282
TXN0015140,normal,,ACC00176,ACC00400
TXN0015141,normal,,ACC00400,ACC00251
TXN0015142,normal,,ACC00197,ACC00400
TXN0015143,normal,,ACC00282,ACC00400
TXN0015144,normal,,ACC00400,ACC00157
TXN0015145,normal,,ACC00400,ACC00157
TXN0015146,normal,,ACC00267,ACC00400
TXN0015147,normal,,ACC00332,ACC00400
TXN0015148,normal,,ACC00197,ACC00400
TXN0015149,normal,,ACC00269,ACC00400
TXN0015150,normal,,ACC00400,ACC00282
TXN0015151,normal,,ACC00041,ACC00400
TXN0015152,normal,,ACC00400,ACC00437
TXN0015153,normal,,ACC00400,ACC00176
TXN0015154,normal,,ACC00440,ACC00400
TXN0015155,normal,,ACC00400,ACC00157
TXN0015156,normal,,ACC00400,ACC00267
TXN0015157,normal,,ACC00400,ACC00176
TXN0015158,normal,,ACC00157,ACC00400
TXN0015159,normal,,ACC00197,ACC00400
TXN0015160,normal,,ACC00400,ACC00157
TXN0015161,normal,,ACC00361,ACC00400
TXN0015162,normal,,ACC00190,ACC00400
TXN0015163,normal,,ACC00267,ACC00400
TXN0015164,normal,,ACC00400,ACC00185
TXN0015165,normal,,ACC00440,ACC00400
TXN0015166,normal,,ACC00197,ACC00400
TXN0015167,normal,,ACC00400,ACC00440
TXN0015168,normal,,ACC00400,ACC00037
TXN0015169,normal,,ACC00400,ACC00226
TXN0015170,normal,,ACC00401,ACC00015
TXN0015171,normal,,ACC00433,ACC00401
TXN0015172,normal,,ACC00401,ACC00482
TXN0015173,normal,,ACC00122,ACC00401
TXN0015174,normal,,ACC00401,ACC00017
TXN0015175,normal,,ACC00401,ACC00405
TXN0015176,normal,,ACC00466,ACC00401
TXN0015177,normal,,ACC00401,ACC00424
TXN0015178,normal,,ACC00401,ACC00017
TXN0015179,normal,,ACC00401,ACC00015
TXN0015180,normal,,ACC00466,ACC00401
TXN0015181,normal,,ACC00323,ACC00401
TXN0015182,normal,,ACC00466,ACC00401
TXN0015183,normal,,ACC00401,ACC00017
TXN0015184,normal,,ACC00466,ACC00401
TXN0015185,normal,,ACC00401,ACC00405
TXN0015186,normal,,ACC00401,ACC00482
TXN0015187,normal,,ACC00401,ACC00017
TXN0015188,normal,,ACC00433,ACC00401
TXN0015189,normal,,ACC00122,ACC00401
TXN0015190,normal,,ACC00347,ACC00401
TXN0015191,normal,,ACC00015,ACC00401
TXN0015192,normal,,ACC00401,ACC00253
TXN0015193,normal,,ACC00401,ACC00122
TXN0015194,normal,,ACC00461,ACC00401
TXN0015195,normal,,ACC00401,ACC00015
TXN0015196,normal,,ACC00401,ACC00122
TXN0015197,normal,,ACC00168,ACC00401
TXN0015198,normal,,ACC00015,ACC00401
TXN0015199,normal,,ACC00401,ACC00346
TXN0015200,normal,,ACC00466,ACC00401
TXN0015201,normal,,ACC00401,ACC00347
TXN0015202,normal,,ACC00401,ACC00347
TXN0015203,normal,,ACC00401,ACC00017
TXN0015204,normal,,ACC00401,ACC00122
TXN0015205,normal,,ACC00401,ACC00274
TXN0015206,normal,,ACC00401,ACC00122
TXN0015207,normal,,ACC00401,ACC00466
TXN0015208,normal,,ACC00401,ACC00122
TXN0015209,normal,,ACC00401,ACC00347
TXN0015210,normal,,ACC00401,ACC00015
TXN0015211,normal,,ACC00433,ACC00401
TXN0015212,normal,,ACC00248,ACC00401
TXN0015213,normal,,ACC00401,ACC00405
TXN0015214,normal,,ACC00401,ACC00494
TXN0015215,normal,,ACC00401,ACC00405
TXN0015216,normal,,ACC00401,ACC00433
TXN0015217,normal,,ACC00466,ACC00401
TXN0015218,normal,,ACC00482,ACC00401
TXN0015219,normal,,ACC00405,ACC00401
TXN0015220,normal,,ACC00433,ACC00401
TXN0015221,normal,,ACC00482,ACC00401
TXN0015222,normal,,ACC00482,ACC00401
TXN0015223,normal,,ACC00402,ACC00287
TXN0015224,normal,,ACC00402,ACC00022
TXN0015225,normal,,ACC00022,ACC00402
TXN0015226,normal,,ACC00402,ACC00477
TXN0015227,normal,,ACC00402,ACC00284
TXN0015228,normal,,ACC00173,ACC00402
TXN0015229,normal,,ACC00284,ACC00402
TXN0015230,normal,,ACC00402,ACC00256
TXN0015231,normal,,ACC00428,ACC00402
TXN0015232,normal,,ACC00402,ACC00287
TXN0015233,normal,,ACC00428,ACC00402
TXN0015234,normal,,ACC00143,ACC00402
TXN0015235,normal,,ACC00287,ACC00402
TXN0015236,normal,,ACC00402,ACC00022
TXN0015237,normal,,ACC00428,ACC00402
TXN0015238,normal,,ACC00402,ACC00153
TXN0015239,normal,,ACC00402,ACC00160
TXN0015240,normal,,ACC00227,ACC00402
TXN0015241,normal,,ACC00402,ACC00173
TXN0015242,normal,,ACC00153,ACC00402
TXN0015243,normal,,ACC00402,ACC00284
TXN0015244,normal,,ACC00157,ACC00402
TXN0015245,normal,,ACC00224,ACC00402
TXN0015246,normal,,ACC00242,ACC00402
TXN0015247,normal,,ACC00477,ACC00402
TXN0015248,normal,,ACC00256,ACC00402
TXN0015249,normal,,ACC00477,ACC00402
TXN0015250,normal,,ACC00402,ACC00022
TXN0015251,normal,,ACC00477,ACC00402
TXN0015252,normal,,ACC00450,ACC00402
TXN0015253,normal,,ACC00402,ACC00287
TXN0015254,normal,,ACC00022,ACC00402
TXN0015255,normal,,ACC00402,ACC00153
TXN0015256,normal,,ACC00402,ACC00153
TXN0015257,normal,,ACC00402,ACC00048
TXN0015258,normal,,ACC00287,ACC00402
TXN0015259,normal,,ACC00402,ACC00287
TXN0015260,normal,,ACC00153,ACC00402
TXN0015261,normal,,ACC00402,ACC00153
TXN0015262,normal,,ACC00428,ACC00402
TXN0015263,normal,,ACC00402,ACC00287
TXN0015264,normal,,ACC00402,ACC00477
TXN0015265,normal,,ACC00428,ACC00402
TXN0015266,normal,,ACC00402,ACC00256
TXN0015267,normal,,ACC00477,ACC00402
TXN0015268,normal,,ACC00428,ACC00402
TXN0015269,normal,,ACC00402,ACC00477
TXN0015270,normal,,ACC00173,ACC00402
TXN0015271,normal,,ACC00402,ACC00153
TXN0015272,normal,,ACC00402,ACC00284
TXN0015273,normal,,ACC00402,ACC00153
TXN0015274,normal,,ACC00402,ACC00428
TXN0015275,normal,,ACC00403,ACC00461
TXN0015276,normal,,ACC00403,ACC00332
TXN0015277,normal,,ACC00129,ACC00403
TXN0015278,normal,,ACC00403,ACC00332
TXN0015279,normal,,ACC00403,ACC00461
TXN0015280,normal,,ACC00346,ACC00403
TXN0015281,normal,,ACC00403,ACC00498
TXN0015282,normal,,ACC00403,ACC00461
TXN0015283,normal,,ACC00403,ACC00129
TXN0015284,normal,,ACC00346,ACC00403
TXN0015285,normal,,ACC00403,ACC00346
TXN0015286,normal,,ACC00403,ACC00264
TXN0015287,normal,,ACC00403,ACC00014
TXN0015288,normal,,ACC00414,ACC00403
TXN0015289,normal,,ACC00403,ACC00461
TXN0015290,normal,,ACC00013,ACC00403
TXN0015291,normal,,ACC00129,ACC00403
TXN0015292,normal,,ACC00403,ACC00461
TXN0015293,normal,,ACC00414,ACC00403
TXN0015294,normal,,ACC00403,ACC00332
TXN0015295,normal,,ACC00403,ACC00346
TXN0015296,normal,,ACC00013,ACC00403
TXN0015297,normal,,ACC00129,ACC00403
TXN0015298,normal,,ACC00461,ACC00403
TXN0015299,normal,,ACC00403,ACC00013
TXN0015300,normal,,ACC00461,ACC00403
TXN0015301,normal,,ACC00403,ACC00332
TXN0015302,normal,,ACC00013,ACC00403
TXN0015303,normal,,ACC00332,ACC00403
TXN0015304,normal,,ACC00346,ACC00403
TXN0015305,normal,,ACC00414,ACC00403
TXN0015306,normal,,ACC00409,ACC00403
TXN0015307,normal,,ACC00403,ACC00414
TXN0015308,normal,,ACC00437,ACC00403
TXN0015309,normal,,ACC00403,ACC00414
TXN0015310,normal,,ACC00414,ACC00403
TXN0015311,normal,,ACC00403,ACC00057
TXN0015312,normal,,ACC00072,ACC00403
TXN0015313,normal,,ACC00403,ACC00129
TXN0015314,normal,,ACC00149,ACC00403
TXN0015315,normal,,ACC00403,ACC00353
TXN0015316,normal,,ACC00403,ACC00093
TXN0015317,normal,,ACC00414,ACC00403
TXN0015318,normal,,ACC00404,ACC00104
TXN0015319,normal,,ACC00404,ACC00275
TXN0015320,normal,,ACC00245,ACC00404
TXN0015321,normal,,ACC00404,ACC00171
TXN0015322,normal,,ACC00171,ACC00404
TXN0015323,normal,,ACC00275,ACC00404
TXN0015324,normal,,ACC00404,ACC00066
TXN0015325,normal,,ACC00404,ACC00171
TXN0015326,normal,,ACC00402,ACC00404
TXN0015327,normal,,ACC00275,ACC00404
TXN0015328,normal,,ACC00404,ACC00171
TXN0015329,normal,,ACC00402,ACC00404
TXN0015330,normal,,ACC00171,ACC00404
TXN0015331,normal,,ACC00287,ACC00404
TXN0015332,normal,,ACC00404,ACC00154
TXN0015333,normal,,ACC00072,ACC00404
TXN0015334,normal,,ACC00404,ACC00368
TXN0015335,normal,,ACC00404,ACC00402
TXN0015336,normal,,ACC00275,ACC00404
TXN0015337,normal,,ACC00445,ACC00404
TXN0015338,normal,,ACC00274,ACC00404
TXN0015339,normal,,ACC00404,ACC00239
TXN0015340,normal,,ACC00104,ACC00404
TXN0015341,normal,,ACC00404,ACC00066
TXN0015342,normal,,ACC00404,ACC00047
TXN0015343,normal,,ACC00275,ACC00404
TXN0015344,normal,,ACC00402,ACC00404
TXN0015345,normal,,ACC00404,ACC00164
TXN0015346,normal,,ACC00404,ACC00171
TXN0015347,normal,,ACC00404,ACC00190
TXN0015348,normal,,ACC00178,ACC00404
TXN0015349,normal,,ACC00404,ACC00275
TXN0015350,normal,,ACC00404,ACC00104
TXN0015351,normal,,ACC00404,ACC00164
TXN0015352,normal,,ACC00404,ACC00090
TXN0015353,normal,,ACC00404,ACC00046
TXN0015354,normal,,ACC00275,ACC00404
TXN0015355,normal,,ACC00404,ACC00374
TXN0015356,normal,,ACC00083,ACC00404
TXN0015357,normal,,ACC00404,ACC00104
TXN0015358,normal,,ACC00405,ACC00446
TXN0015359,normal,,ACC00115,ACC00405
TXN0015360,normal,,ACC00405,ACC00131
TXN0015361,normal,,ACC00131,ACC00405
TXN0015362,normal,,ACC00405,ACC00045
TXN0015363,normal,,ACC00405,ACC00323
TXN0015364,normal,,ACC00405,ACC00323
TXN0015365,normal,,ACC00405,ACC00446
TXN0015366,normal,,ACC00405,ACC00323
TXN0015367,normal,,ACC00262,ACC00405
TXN0015368,normal,,ACC00378,ACC00405
TXN0015369,normal,,ACC00205,ACC00405
TXN0015370,normal,,ACC00405,ACC00262
TXN0015371,normal,,ACC00131,ACC00405
TXN0015372,normal,,ACC00045,ACC00405
TXN0015373,normal,,ACC00405,ACC00471
TXN0015374,normal,,ACC00207,ACC00405
TXN0015375,normal,,ACC00262,ACC00405
TXN0015376,normal,,ACC00115,ACC00405
TXN0015377,normal,,ACC00405,ACC00323
TXN0015378,normal,,ACC00446,ACC00405
TXN0015379,normal,,ACC00405,ACC00131
TXN0015380,normal,,ACC00322,ACC00405
TXN0015381,normal,,ACC00131,ACC00405
TXN0015382,normal,,ACC00405,ACC00446
TXN0015383,normal,,ACC00405,ACC00045
TXN0015384,normal,,ACC00045,ACC00405
TXN0015385,normal,,ACC00074,ACC00405
TXN0015386,normal,,ACC00205,ACC00405
TXN0015387,normal,,ACC00045,ACC00405
TXN0015388,normal,,ACC00405,ACC00323
TXN0015389,normal,,ACC00405,ACC00131
TXN0015390,normal,,ACC00144,ACC00405
TXN0015391,normal,,ACC00131,ACC00405
TXN0015392,normal,,ACC00405,ACC00262
TXN0015393,normal,,ACC00405,ACC00131
TXN0015394,normal,,ACC00251,ACC00405
TXN0015395,normal,,ACC00446,ACC00405
TXN0015396,normal,,ACC00115,ACC00405
TXN0015397,normal,,ACC00013,ACC00406
TXN0015398,normal,,ACC00406,ACC00013
TXN0015399,normal,,ACC00218,ACC00406
TXN0015400,normal,,ACC00406,ACC00059
TXN0015401,normal,,ACC00406,ACC00224
TXN0015402,normal,,ACC00406,ACC00232
TXN0015403,normal,,ACC00406,ACC00132
TXN0015404,normal,,ACC00406,ACC00224
TXN0015405,normal,,ACC00405,ACC00406
TXN0015406,normal,,ACC00315,ACC00406
TXN0015407,normal,,ACC00425,ACC00406
TXN0015408,normal,,ACC00406,ACC00315
TXN0015409,normal,,ACC00406,ACC00425
TXN0015410,normal,,ACC00132,ACC00406
TXN0015411,normal,,ACC00406,ACC00218
TXN0015412,normal,,ACC00013,ACC00406
TXN0015413,normal,,ACC00059,ACC00406
TXN0015414,normal,,ACC00132,ACC00406
TXN0015415,normal,,ACC00406,ACC00315
TXN0015416,normal,,ACC00040,ACC00406
TXN0015417,normal,,ACC00425,ACC00406
TXN0015418,normal,,ACC00425,ACC00406
TXN0015419,normal,,ACC00406,ACC00425
TXN0015420,normal,,ACC00406,ACC00315
TXN0015421,normal,,ACC00074,ACC00406
TXN0015422,normal,,ACC00294,ACC00406
TXN0015423,normal,,ACC00406,ACC00132
TXN0015424,normal,,ACC00406,ACC00405
TXN0015425,normal,,ACC00425,ACC00406
TXN0015426,normal,,ACC00406,ACC00132
TXN0015427,normal,,ACC00406,ACC00315
TXN0015428,normal,,ACC00406,ACC00013
TXN0015429,normal,,ACC00406,ACC00218
TXN0015430,normal,,ACC00425,ACC00406
TXN0015431,normal,,ACC00013,ACC00406
TXN0015432,normal,,ACC00013,ACC00406
TXN0015433,normal,,ACC00406,ACC00013
TXN0015434,normal,,ACC00013,ACC00406
TXN0015435,normal,,ACC00174,ACC00406
TXN0015436,normal,,ACC00405,ACC00406
TXN0015437,normal,,ACC00406,ACC00425
TXN0015438,normal,,ACC00406,ACC00013
TXN0015439,normal,,ACC00428,ACC00406
TXN0015440,normal,,ACC00406,ACC00464
TXN0015441,normal,,ACC00406,ACC00013
TXN0015442,normal,,ACC00013,ACC00406
TXN0015443,normal,,ACC00425,ACC00406
TXN0015444,normal,,ACC00406,ACC00425
TXN0015445,normal,,ACC00406,ACC00315
TXN0015446,normal,,ACC00406,ACC00405
TXN0015447,normal,,ACC00338,ACC00406
TXN0015448,normal,,ACC00407,ACC00194
TXN0015449,normal,,ACC00272,ACC00407
TXN0015450,normal,,ACC00407,ACC00089
TXN0015451,normal,,ACC00279,ACC00407
TXN0015452,normal,,ACC00407,ACC00094
TXN0015453,normal,,ACC00407,ACC00388
TXN0015454,normal,,ACC00164,ACC00407
TXN0015455,normal,,ACC00407,ACC00412
TXN0015456,normal,,ACC00407,ACC00397
TXN0015457,normal,,ACC00397,ACC00407
TXN0015458,normal,,ACC00317,ACC00407
TXN0015459,normal,,ACC00194,ACC00407
TXN0015460,normal,,ACC00194,ACC00407
TXN0015461,normal,,ACC00094,ACC00407
TXN0015462,normal,,ACC00187,ACC00407
TXN0015463,normal,,ACC00397,ACC00407
TXN0015464,normal,,ACC00407,ACC00019
TXN0015465,normal,,ACC00279,ACC00407
TXN0015466,normal,,ACC00397,ACC00407
TXN0015467,normal,,ACC00385,ACC00407
TXN0015468,normal,,ACC00407,ACC00272
TXN0015469,normal,,ACC00407,ACC00264
TXN0015470,normal,,ACC00407,ACC00194
TXN0015471,normal,,ACC00407,ACC00317
TXN0015472,normal,,ACC00407,ACC00279
TXN0015473,normal,,ACC00407,ACC00171
TXN0015474,normal,,ACC00272,ACC00407
TXN0015475,normal,,ACC00408,ACC00371
TXN0015476,normal,,ACC00408,ACC00152
TXN0015477,normal,,ACC00408,ACC00384
TXN0015478,normal,,ACC00408,ACC00019
TXN0015479,normal,,ACC00019,ACC00408
TXN0015480,normal,,ACC00408,ACC00307
TXN0015481,normal,,ACC00408,ACC00040
TXN0015482,normal,,ACC00056,ACC00408
TXN0015483,normal,,ACC00408,ACC00371
TXN0015484,normal,,ACC00408,ACC00144
TXN0015485,normal,,ACC00408,ACC00375
TXN0015486,normal,,ACC00408,ACC00019
TXN0015487,normal,,ACC00039,ACC00408
TXN0015488,normal,,ACC00307,ACC00408
TXN0015489,normal,,ACC00408,ACC00371
TXN0015490,normal,,ACC00408,ACC00144
TXN0015491,normal,,ACC00408,ACC00307
TXN0015492,normal,,ACC00144,ACC00408
TXN0015493,normal,,ACC00254,ACC00408
TXN0015494,normal,,ACC00152,ACC00408
TXN0015495,normal,,ACC00408,ACC00384
TXN0015496,normal,,ACC00408,ACC00307
TXN0015497,normal,,ACC00408,ACC00384
TXN0015498,normal,,ACC00144,ACC00408
TXN0015499,normal,,ACC00408,ACC00307
TXN0015500,normal,,ACC00408,ACC00375
TXN0015501,normal,,ACC00408,ACC00307
TXN0015502,normal,,ACC00474,ACC00408
TXN0015503,normal,,ACC00408,ACC00384
TXN0015504,normal,,ACC00408,ACC00019
TXN0015505,normal,,ACC00474,ACC00408
TXN0015506,normal,,ACC00408,ACC00152
TXN0015507,normal,,ACC00371,ACC00408
TXN0015508,normal,,ACC00152,ACC00408
TXN0015509,normal,,ACC00408,ACC00307
TXN0015510,normal,,ACC00408,ACC00019
TXN0015511,normal,,ACC00307,ACC00408
TXN0015512,normal,,ACC00408,ACC00375
TXN0015513,normal,,ACC00474,ACC00408
TXN0015514,normal,,ACC00408,ACC00474
TXN0015515,normal,,ACC00408,ACC00474
TXN0015516,normal,,ACC00307,ACC00408
TXN0015517,normal,,ACC00408,ACC00307
TXN0015518,normal,,ACC00371,ACC00408
TXN0015519,normal,,ACC00408,ACC00474
TXN0015520,normal,,ACC00408,ACC00291
TXN0015521,normal,,ACC00144,ACC00408
TXN0015522,normal,,ACC00408,ACC00152
TXN0015523,normal,,ACC00375,ACC00408
TXN0015524,normal,,ACC00408,ACC00019
TXN0015525,normal,,ACC00487,ACC00408
TXN0015526,normal,,ACC00409,ACC00356
TXN0015527,normal,,ACC00405,ACC00409
TXN0015528,normal,,ACC00443,ACC00409
TXN0015529,normal,,ACC00409,ACC00068
TXN0015530,normal,,ACC00137,ACC00409
TXN0015531,normal,,ACC00409,ACC00068
TXN0015532,normal,,ACC00137,ACC00409
TXN0015533,normal,,ACC00443,ACC00409
TXN0015534,normal,,ACC00409,ACC00137
TXN0015535,normal,,ACC00409,ACC00137
TXN0015536,normal,,ACC00443,ACC00409
TXN0015537,normal,,ACC00420,ACC00409
TXN0015538,normal,,ACC00356,ACC00409
TXN0015539,normal,,ACC00420,ACC00409
TXN0015540,normal,,ACC00409,ACC00228
TXN0015541,normal,,ACC00409,ACC00420
TXN0015542,normal,,ACC00409,ACC00405
TXN0015543,normal,,ACC00409,ACC00228
TXN0015544,normal,,ACC00409,ACC00405
TXN0015545,normal,,ACC00409,ACC00228
TXN0015546,normal,,ACC00443,ACC00409
TXN0015547,normal,,ACC00007,ACC00409
TXN0015548,normal,,ACC00356,ACC00409
TXN0015549,normal,,ACC00443,ACC00409
TXN0015550,normal,,ACC00409,ACC00420
TXN0015551,normal,,ACC00356,ACC00409
TXN0015552,normal,,ACC00420,ACC00409
TXN0015553,normal,,ACC00409,ACC00356
TXN0015554,normal,,ACC00085,ACC00409
TXN0015555,normal,,ACC00085,ACC00409
TXN0015556,normal,,ACC00174,ACC00409
TXN0015557,normal,,ACC00137,ACC00409
TXN0015558,normal,,ACC00410,ACC00257
TXN0015559,normal,,ACC00212,ACC00410
TXN0015560,normal,,ACC00410,ACC00302
TXN0015561,normal,,ACC00329,ACC00410
TXN0015562,normal,,ACC00481,ACC00410
TXN0015563,normal,,ACC00410,ACC00302
TXN0015564,normal,,ACC00410,ACC00072
TXN0015565,normal,,ACC00122,ACC00410
TXN0015566,normal,,ACC00410,ACC00390
TXN0015567,normal,,ACC00122,ACC00410
TXN0015568,normal,,ACC00410,ACC00302
TXN0015569,normal,,ACC00410,ACC00122
TXN0015570,normal,,ACC00212,ACC00410
TXN0015571,normal,,ACC00410,ACC00329
TXN0015572,normal,,ACC00213,ACC00410
TXN0015573,normal,,ACC00212,ACC00410
TXN0015574,normal,,ACC00257,ACC00410
TXN0015575,normal,,ACC00257,ACC00410
TXN0015576,normal,,ACC00410,ACC00302
TXN0015577,normal,,ACC00212,ACC00410
TXN0015578,normal,,ACC00410,ACC00329
TXN0015579,normal,,ACC00390,ACC00410
TXN0015580,normal,,ACC00410,ACC00257
TXN0015581,normal,,ACC00410,ACC00302
TXN0015582,normal,,ACC00410,ACC00329
TXN0015583,normal,,ACC00410,ACC00302
TXN0015584,normal,,ACC00481,ACC00410
TXN0015585,normal,,ACC00410,ACC00397
TXN0015586,normal,,ACC00212,ACC00410
TXN0015587,normal,,ACC00089,ACC00410
TXN0015588,normal,,ACC00410,ACC00212
TXN0015589,normal,,ACC00410,ACC00420
TXN0015590,normal,,ACC00327,ACC00410
TXN0015591,normal,,ACC00390,ACC00410
TXN0015592,normal,,ACC00481,ACC00410
TXN0015593,normal,,ACC00410,ACC00329
TXN0015594,normal,,ACC00410,ACC00390
TXN0015595,normal,,ACC00410,ACC00329
TXN0015596,normal,,ACC00410,ACC00212
TXN0015597,normal,,ACC00410,ACC00481
TXN0015598,normal,,ACC00410,ACC00390
TXN0015599,normal,,ACC00410,ACC00481
TXN0015600,normal,,ACC00493,ACC00410
TXN0015601,normal,,ACC00122,ACC00410
TXN0015602,normal,,ACC00410,ACC00257
TXN0015603,normal,,ACC00362,ACC00411
TXN0015604,normal,,ACC00411,ACC00047
TXN0015605,normal,,ACC00362,ACC00411
TXN0015606,normal,,ACC00388,ACC00411
TXN0015607,normal,,ACC00411,ACC00047
TXN0015608,normal,,ACC00304,ACC00411
TXN0015609,normal,,ACC00450,ACC00411
TXN0015610,normal,,ACC00343,ACC00411
TXN0015611,normal,,ACC00362,ACC00411
TXN0015612,normal,,ACC00411,ACC00362
TXN0015613,normal,,ACC00388,ACC00411
TXN0015614,normal,,ACC00411,ACC00128
TXN0015615,normal,,ACC00450,ACC00411
TXN0015616,normal,,ACC00411,ACC00417
TXN0015617,normal,,ACC00411,ACC00343
TXN0015618,normal,,ACC00411,ACC00047
TXN0015619,normal,,ACC00411,ACC00362
TXN0015620,normal,,ACC00417,ACC00411
TXN0015621,normal,,ACC00417,ACC00411
TXN0015622,normal,,ACC00411,ACC00106
TXN0015623,normal,,ACC00411,ACC00047
TXN0015624,normal,,ACC00128,ACC00411
TXN0015625,normal,,ACC00417,ACC00411
TXN0015626,normal,,ACC00411,ACC00417
TXN0015627,normal,,ACC00362,ACC00411
TXN0015628,normal,,ACC00412,ACC00011
TXN0015629,normal,,ACC00011,ACC00412
TXN0015630,normal,,ACC00106,ACC00412
TXN0015631,normal,,ACC00106,ACC00412
TXN0015632,normal,,ACC00483,ACC00412
TXN0015633,normal,,ACC00412,ACC00011
TXN0015634,normal,,ACC00419,ACC00412
TXN0015635,normal,,ACC00084,ACC00412
TXN0015636,normal,,ACC00470,ACC00412
TXN0015637,normal,,ACC00412,ACC00084
TXN0015638,normal,,ACC00412,ACC00084
TXN0015639,normal,,ACC00412,ACC00106
TXN0015640,normal,,ACC00412,ACC00106
TXN0015641,normal,,ACC00412,ACC00088
TXN0015642,normal,,ACC00264,ACC00412
TXN0015643,normal,,ACC00191,ACC00412
TXN0015644,normal,,ACC00412,ACC00106
TXN0015645,normal,,ACC00296,ACC00412
TXN0015646,normal,,ACC00088,ACC00412
TXN0015647,normal,,ACC00412,ACC00084
TXN0015648,normal,,ACC00412,ACC00106
TXN0015649,normal,,ACC00269,ACC00412
TXN0015650,normal,,ACC00413,ACC00237
TXN0015651,normal,,ACC00237,ACC00413
TXN0015652,normal,,ACC00413,ACC00350
TXN0015653,normal,,ACC00413,ACC00045
TXN0015654,normal,,ACC00181,ACC00413
TXN0015655,normal,,ACC00181,ACC00413
TXN0015656,normal,,ACC00181,ACC00413
TXN0015657,normal,,ACC00413,ACC00035
TXN0015658,normal,,ACC00413,ACC00045
TXN0015659,normal,,ACC00181,ACC00413
TXN0015660,normal,,ACC00181,ACC00413
TXN0015661,normal,,ACC00413,ACC00035
TXN0015662,normal,,ACC00413,ACC00174
TXN0015663,normal,,ACC00413,ACC00398
TXN0015664,normal,,ACC00008,ACC00413
TXN0015665,normal,,ACC00413,ACC00237
TXN0015666,normal,,ACC00444,ACC00413
TXN0015667,normal,,ACC00174,ACC00413
TXN0015668,normal,,ACC00413,ACC00216
TXN0015669,normal,,ACC00413,ACC00033
TXN0015670,normal,,ACC00413,ACC00216
TXN0015671,normal,,ACC00413,ACC00240
TXN0015672,normal,,ACC00237,ACC00413
TXN0015673,normal,,ACC00035,ACC00413
TXN0015674,normal,,ACC00413,ACC00186
TXN0015675,normal,,ACC00413,ACC00181
TXN0015676,normal,,ACC00413,ACC00360
TXN0015677,normal,,ACC00398,ACC00413
TXN0015678,normal,,ACC00216,ACC00413
TXN0015679,normal,,ACC00157,ACC00413
TXN0015680,normal,,ACC00414,ACC00200
TXN0015681,normal,,ACC00250,ACC00414
TXN0015682,normal,,ACC00269,ACC00414
TXN0015683,normal,,ACC00414,ACC00243
TXN0015684,normal,,ACC00342,ACC00414
TXN0015685,normal,,ACC00103,ACC00414
TXN0015686,normal,,ACC00414,ACC00237
TXN0015687,normal,,ACC00190,ACC00414
TXN0015688,normal,,ACC00414,ACC00088
TXN0015689,normal,,ACC00330,ACC00414
TXN0015690,normal,,ACC00414,ACC00237
TXN0015691,normal,,ACC00176,ACC00414
TXN0015692,normal,,ACC00125,ACC00414
TXN0015693,normal,,ACC00414,ACC00330
TXN0015694,normal,,ACC00414,ACC00372
TXN0015695,normal,,ACC00243,ACC00414
TXN0015696,normal,,ACC00414,ACC00218
TXN0015697,normal,,ACC00229,ACC00415
TXN0015698,normal,,ACC00153,ACC00415
TXN0015699,normal,,ACC00415,ACC00462
TXN0015700,normal,,ACC00415,ACC00276
TXN0015701,normal,,ACC00276,ACC00415
TXN0015702,normal,,ACC00235,ACC00415
TXN0015703,normal,,ACC00469,ACC00415
TXN0015704,normal,,ACC00415,ACC00153
TXN0015705,normal,,ACC00415,ACC00132
TXN0015706,normal,,ACC00415,ACC00132
TXN0015707,normal,,ACC00229,ACC00415
TXN0015708,normal,,ACC00235,ACC00415
TXN0015709,normal,,ACC00415,ACC00414
TXN0015710,normal,,ACC00415,ACC00169
TXN0015711,normal,,ACC00108,ACC00415
TXN0015712,normal,,ACC00138,ACC00415
TXN0015713,normal,,ACC00415,ACC00132
TXN0015714,normal,,ACC00415,ACC00108
TXN0015715,normal,,ACC00415,ACC00427
TXN0015716,normal,,ACC00229,ACC00415
TXN0015717,normal,,ACC00153,ACC00415
TXN0015718,normal,,ACC00415,ACC00333
TXN0015719,normal,,ACC00229,ACC00415
TXN0015720,normal,,ACC00153,ACC00415
TXN0015721,normal,,ACC00153,ACC00415
TXN0015722,normal,,ACC00169,ACC00415
TXN0015723,normal,,ACC00415,ACC00274
TXN0015724,normal,,ACC00415,ACC00229
TXN0015725,normal,,ACC00415,ACC00153
TXN0015726,normal,,ACC00274,ACC00415
TXN0015727,normal,,ACC00169,ACC00415
TXN0015728,normal,,ACC00108,ACC00415
TXN0015729,normal,,ACC00415,ACC00169
TXN0015730,normal,,ACC00153,ACC00415
TXN0015731,normal,,ACC00415,ACC00454
TXN0015732,normal,,ACC00415,ACC00169
TXN0015733,normal,,ACC00416,ACC00372
TXN0015734,normal,,ACC00190,ACC00416
TXN0015735,normal,,ACC00365,ACC00416
TXN0015736,normal,,ACC00416,ACC00242
TXN0015737,normal,,ACC00111,ACC00416
TXN0015738,normal,,ACC00416,ACC00332
TXN0015739,normal,,ACC00416,ACC00111
TXN0015740,normal,,ACC00242,ACC00416
TXN0015741,normal,,ACC00190,ACC00416
TXN0015742,normal,,ACC00416,ACC00498
TXN0015743,normal,,ACC00416,ACC00242
TXN0015744,normal,,ACC00222,ACC00416
TXN0015745,normal,,ACC00416,ACC00324
TXN0015746,normal,,ACC00324,ACC00416
TXN0015747,normal,,ACC00111,ACC00416
TXN0015748,normal,,ACC00416,ACC00190
TXN0015749,normal,,ACC00416,ACC00242
TXN0015750,normal,,ACC00416,ACC00332
TXN0015751,normal,,ACC00052,ACC00416
TXN0015752,normal,,ACC00416,ACC00332
TXN0015753,normal,,ACC00416,ACC00190
TXN0015754,normal,,ACC00436,ACC00416
TXN0015755,normal,,ACC00111,ACC00416
TXN0015756,normal,,ACC00222,ACC00416
TXN0015757,normal,,ACC00429,ACC00416
TXN0015758,normal,,ACC00416,ACC00190
TXN0015759,normal,,ACC00498,ACC00416
TXN0015760,normal,,ACC00332,ACC00416
TXN0015761,normal,,ACC00416,ACC00190
TXN0015762,normal,,ACC00053,ACC00416
TXN0015763,normal,,ACC00111,ACC00416
TXN0015764,normal,,ACC00123,ACC00416
TXN0015765,normal,,ACC00498,ACC00416
TXN0015766,normal,,ACC00242,ACC00416
TXN0015767,normal,,ACC00416,ACC00332
TXN0015768,normal,,ACC00416,ACC00324
TXN0015769,normal,,ACC00242,ACC00416
TXN0015770,normal,,ACC00416,ACC00242
TXN0015771,normal,,ACC00222,ACC00416
TXN0015772,normal,,ACC00417,ACC00025
TXN0015773,normal,,ACC00188,ACC00417
TXN0015774,normal,,ACC00417,ACC00064
TXN0015775,normal,,ACC00417,ACC00188
TXN0015776,normal,,ACC00417,ACC00368
TXN0015777,normal,,ACC00417,ACC00026
TXN0015778,normal,,ACC00417,ACC00381
TXN0015779,normal,,ACC00417,ACC00368
TXN0015780,normal,,ACC00417,ACC00490
TXN0015781,normal,,ACC00026,ACC00417
TXN0015782,normal,,ACC00026,ACC00417
TXN0015783,normal,,ACC00417,ACC00188
TXN0015784,normal,,ACC00417,ACC00006
TXN0015785,normal,,ACC00006,ACC00417
TXN0015786,normal,,ACC00335,ACC00417
TXN0015787,normal,,ACC00022,ACC00417
TXN0015788,normal,,ACC00417,ACC00006
TXN0015789,normal,,ACC00417,ACC00026
TXN0015790,normal,,ACC00417,ACC00352
TXN0015791,normal,,ACC00334,ACC00417
TXN0015792,normal,,ACC00026,ACC00417
TXN0015793,normal,,ACC00417,ACC00026
TXN0015794,normal,,ACC00417,ACC00334
TXN0015795,normal,,ACC00026,ACC00417
TXN0015796,normal,,ACC00417,ACC00438
TXN0015797,normal,,ACC00352,ACC00417
TXN0015798,normal,,ACC00472,ACC00417
TXN0015799,normal,,ACC00025,ACC00417
TXN0015800,normal,,ACC00417,ACC00026
TXN0015801,normal,,ACC00417,ACC00026
TXN0015802,normal,,ACC00417,ACC00463
TXN0015803,normal,,ACC00417,ACC00199
TXN0015804,normal,,ACC00352,ACC00417
TXN0015805,normal,,ACC00417,ACC00025
TXN0015806,normal,,ACC00352,ACC00417
TXN0015807,normal,,ACC00417,ACC00025
TXN0015808,normal,,ACC00188,ACC00417
TXN0015809,normal,,ACC00417,ACC00334
TXN0015810,normal,,ACC00006,ACC00417
TXN0015811,normal,,ACC00417,ACC00025
TXN0015812,normal,,ACC00417,ACC00410
TXN0015813,normal,,ACC00417,ACC00025
TXN0015814,normal,,ACC00417,ACC00352
TXN0015815,normal,,ACC00417,ACC00188
TXN0015816,normal,,ACC00006,ACC00417
TXN0015817,normal,,ACC00417,ACC00368
TXN0015818,normal,,ACC00025,ACC00417
TXN0015819,normal,,ACC00006,ACC00417
TXN0015820,normal,,ACC00417,ACC00463
TXN0015821,normal,,ACC00418,ACC00317
TXN0015822,normal,,ACC00249,ACC00418
TXN0015823,normal,,ACC00418,ACC00346
TXN0015824,normal,,ACC00499,ACC00418
TXN0015825,normal,,ACC00418,ACC00346
TXN0015826,normal,,ACC00169,ACC00418
TXN0015827,normal,,ACC00418,ACC00384
TXN0015828,normal,,ACC00418,ACC00358
TXN0015829,normal,,ACC00418,ACC00169
TXN0015830,normal,,ACC00255,ACC00418
TXN0015831,normal,,ACC00499,ACC00418
TXN0015832,normal,,ACC00418,ACC00477
TXN0015833,normal,,ACC00418,ACC00477
TXN0015834,normal,,ACC00418,ACC00346
TXN0015835,normal,,ACC00249,ACC00418
TXN0015836,normal,,ACC00249,ACC00418
TXN0015837,normal,,ACC00346,ACC00418
TXN0015838,normal,,ACC00499,ACC00418
TXN0015839,normal,,ACC00419,ACC00248
TXN0015840,normal,,ACC00059,ACC00419
TXN0015841,normal,,ACC00419,ACC00010
TXN0015842,normal,,ACC00419,ACC00059
TXN0015843,normal,,ACC00419,ACC00483
TXN0015844,normal,,ACC00419,ACC00248
TXN0015845,normal,,ACC00419,ACC00483
TXN0015846,normal,,ACC00010,ACC00419
TXN0015847,normal,,ACC00118,ACC00419
TXN0015848,normal,,ACC00419,ACC00210
TXN0015849,normal,,ACC00118,ACC00419
TXN0015850,normal,,ACC00419,ACC00269
TXN0015851,normal,,ACC00093,ACC00419
TXN0015852,normal,,ACC00419,ACC00179
TXN0015853,normal,,ACC00118,ACC00419
TXN0015854,normal,,ACC00118,ACC00419
TXN0015855,normal,,ACC00118,ACC00419
TXN0015856,normal,,ACC00419,ACC00059
TXN0015857,normal,,ACC00420,ACC00150
TXN0015858,normal,,ACC00420,ACC00037
TXN0015859,normal,,ACC00420,ACC00447
TXN0015860,normal,,ACC00420,ACC00392
TXN0015861,normal,,ACC00290,ACC00420
TXN0015862,normal,,ACC00156,ACC00420
TXN0015863,normal,,ACC00420,ACC00393
TXN0015864,normal,,ACC00037,ACC00420
TXN0015865,normal,,ACC00420,ACC00299
TXN0015866,normal,,ACC00420,ACC00037
TXN0015867,normal,,ACC00420,ACC00447
TXN0015868,normal,,ACC00407,ACC00420
TXN0015869,normal,,ACC00150,ACC00420
TXN0015870,normal,,ACC00058,ACC00420
TXN0015871,normal,,ACC00420,ACC00486
TXN0015872,normal,,ACC00420,ACC00393
TXN0015873,normal,,ACC00058,ACC00420
TXN0015874,normal,,ACC00420,ACC00342
TXN0015875,normal,,ACC00116,ACC00421
TXN0015876,normal,,ACC00421,ACC00071
TXN0015877,normal,,ACC00331,ACC00421
TXN0015878,normal,,ACC00331,ACC00421
TXN0015879,normal,,ACC00116,ACC00421
TXN0015880,normal,,ACC00421,ACC00327
TXN0015881,normal,,ACC00122,ACC00421
TXN0015882,normal,,ACC00327,ACC00421
TXN0015883,normal,,ACC00421,ACC00116
TXN0015884,normal,,ACC00421,ACC00228
TXN0015885,normal,,ACC00421,ACC00378
TXN0015886,normal,,ACC00421,ACC00331
TXN0015887,normal,,ACC00174,ACC00421
TXN0015888,normal,,ACC00421,ACC00116
TXN0015889,normal,,ACC00228,ACC00421
TXN0015890,normal,,ACC00228,ACC00421
TXN0015891,normal,,ACC00349,ACC00421
TXN0015892,normal,,ACC00421,ACC00174
TXN0015893,normal,,ACC00331,ACC00421
TXN0015894,normal,,ACC00421,ACC00288
TXN0015895,normal,,ACC00386,ACC00421
TXN0015896,normal,,ACC00421,ACC00239
TXN0015897,normal,,ACC00421,ACC00386
TXN0015898,normal,,ACC00122,ACC00421
TXN0015899,normal,,ACC00122,ACC00421
TXN0015900,normal,,ACC00071,ACC00421
TXN0015901,normal,,ACC00421,ACC00327
TXN0015902,normal,,ACC00421,ACC00331
TXN0015903,normal,,ACC00122,ACC00421
TXN0015904,normal,,ACC00421,ACC00228
TXN0015905,normal,,ACC00421,ACC00019
TXN0015906,normal,,ACC00421,ACC00122
TXN0015907,normal,,ACC00421,ACC00228
TXN0015908,normal,,ACC00421,ACC00071
TXN0015909,normal,,ACC00105,ACC00421
TXN0015910,normal,,ACC00421,ACC00071
TXN0015911,normal,,ACC00327,ACC00421
TXN0015912,normal,,ACC00421,ACC00071
TXN0015913,normal,,ACC00421,ACC00386
TXN0015914,normal,,ACC00327,ACC00421
TXN0015915,normal,,ACC00421,ACC00386
TXN0015916,normal,,ACC00421,ACC00228
TXN0015917,normal,,ACC00116,ACC00421
TXN0015918,normal,,ACC00327,ACC00421
TXN0015919,normal,,ACC00386,ACC00421
TXN0015920,normal,,ACC00421,ACC00122
TXN0015921,normal,,ACC00116,ACC00421
TXN0015922,normal,,ACC00174,ACC00421
TXN0015923,normal,,ACC00331,ACC00421
TXN0015924,normal,,ACC00421,ACC00174
TXN0015925,normal,,ACC00421,ACC00174
TXN0015926,normal,,ACC00295,ACC00422
TXN0015927,normal,,ACC00422,ACC00184
TXN0015928,normal,,ACC00422,ACC00053
TXN0015929,normal,,ACC00422,ACC00264
TXN0015930,normal,,ACC00073,ACC00422
TXN0015931,normal,,ACC00323,ACC00422
TXN0015932,normal,,ACC00045,ACC00422
TXN0015933,normal,,ACC00422,ACC00045
TXN0015934,normal,,ACC00422,ACC00264
TXN0015935,normal,,ACC00422,ACC00045
TXN0015936,normal,,ACC00422,ACC00073
TXN0015937,normal,,ACC00045,ACC00422
TXN0015938,normal,,ACC00073,ACC00422
TXN0015939,normal,,ACC00422,ACC00323
TXN0015940,normal,,ACC00422,ACC00323
TXN0015941,normal,,ACC00422,ACC00073
TXN0015942,normal,,ACC00422,ACC00016
TXN0015943,normal,,ACC00422,ACC00045
TXN0015944,normal,,ACC00045,ACC00422
TXN0015945,normal,,ACC00443,ACC00422
TXN0015946,normal,,ACC00422,ACC00184
TXN0015947,normal,,ACC00422,ACC00323
TXN0015948,normal,,ACC00422,ACC00006
TXN0015949,normal,,ACC00422,ACC00006
TXN0015950,normal,,ACC00184,ACC00422
TXN0015951,normal,,ACC00422,ACC00263
TXN0015952,normal,,ACC00422,ACC00184
TXN0015953,normal,,ACC00422,ACC00157
TXN0015954,normal,,ACC00006,ACC00422
TXN0015955,normal,,ACC00422,ACC00157
TXN0015956,normal,,ACC00422,ACC00264
TXN0015957,normal,,ACC00264,ACC00422
TXN0015958,normal,,ACC00349,ACC00423
TXN0015959,normal,,ACC00423,ACC00349
TXN0015960,normal,,ACC00423,ACC00192
TXN0015961,normal,,ACC00354,ACC00423
TXN0015962,normal,,ACC00095,ACC00423
TXN0015963,normal,,ACC00500,ACC00423
TXN0015964,normal,,ACC00423,ACC00106
TXN0015965,normal,,ACC00001,ACC00423
TXN0015966,normal,,ACC00423,ACC00001
TXN0015967,normal,,ACC00423,ACC00451
TXN0015968,normal,,ACC00423,ACC00500
TXN0015969,normal,,ACC00001,ACC00423
TXN0015970,normal,,ACC00344,ACC00423
TXN0015971,normal,,ACC00001,ACC00423
TXN0015972,normal,,ACC00354,ACC00423
TXN0015973,normal,,ACC00171,ACC00423
TXN0015974,normal,,ACC00423,ACC00061
TXN0015975,normal,,ACC00453,ACC00423
TXN0015976,normal,,ACC00423,ACC00001
TXN0015977,normal,,ACC00434,ACC00423
TXN0015978,normal,,ACC00257,ACC00423
TXN0015979,normal,,ACC00349,ACC00423
TXN0015980,normal,,ACC00349,ACC00423
TXN0015981,normal,,ACC00423,ACC00160
TXN0015982,normal,,ACC00423,ACC00434
TXN0015983,normal,,ACC00423,ACC00171
TXN0015984,normal,,ACC00001,ACC00423
TXN0015985,normal,,ACC00171,ACC00423
TXN0015986,normal,,ACC00423,ACC00160
TXN0015987,normal,,ACC00423,ACC00171
TXN0015988,normal,,ACC00479,ACC00423
TXN0015989,normal,,ACC00423,ACC00434
TXN0015990,normal,,ACC00160,ACC00423
TXN0015991,normal,,ACC00450,ACC00424
TXN0015992,normal,,ACC00424,ACC00379
TXN0015993,normal,,ACC00452,ACC00424
TXN0015994,normal,,ACC00424,ACC00495
TXN0015995,normal,,ACC00424,ACC00034
TXN0015996,normal,,ACC00424,ACC00452
TXN0015997,normal,,ACC00424,ACC00054
TXN0015998,normal,,ACC00154,ACC00424
TXN0015999,normal,,ACC00424,ACC00452
TXN0016000,normal,,ACC00424,ACC00125
TXN0016001,normal,,ACC00271,ACC00424
TXN0016002,normal,,ACC00424,ACC00147
TXN0016003,normal,,ACC00034,ACC00424
TXN0016004,normal,,ACC00424,ACC00146
TXN0016005,normal,,ACC00054,ACC00424
TXN0016006,normal,,ACC00424,ACC00271
TXN0016007,normal,,ACC00424,ACC00452
TXN0016008,normal,,ACC00424,ACC00452
TXN0016009,normal,,ACC00424,ACC00495
TXN0016010,normal,,ACC00424,ACC00452
TXN0016011,normal,,ACC00271,ACC00424
TXN0016012,normal,,ACC00424,ACC00452
TXN0016013,normal,,ACC00424,ACC00495
TXN0016014,normal,,ACC00034,ACC00424
TXN0016015,normal,,ACC00424,ACC00381
TXN0016016,normal,,ACC00424,ACC00054
TXN0016017,normal,,ACC00424,ACC00034
TXN0016018,normal,,ACC00424,ACC00463
TXN0016019,normal,,ACC00424,ACC00452
TXN0016020,normal,,ACC00147,ACC00424
TXN0016021,normal,,ACC00452,ACC00424
TXN0016022,normal,,ACC00034,ACC00424
TXN0016023,normal,,ACC00054,ACC00424
TXN0016024,normal,,ACC00224,ACC00425
TXN0016025,normal,,ACC00047,ACC00425
TXN0016026,normal,,ACC00425,ACC00154
TXN0016027,normal,,ACC00425,ACC00049
TXN0016028,normal,,ACC00425,ACC00111
TXN0016029,normal,,ACC00425,ACC00049
TXN0016030,normal,,ACC00425,ACC00180
TXN0016031,normal,,ACC00425,ACC00066
TXN0016032,normal,,ACC00425,ACC00224
TXN0016033,normal,,ACC00116,ACC00425
TXN0016034,normal,,ACC00050,ACC00425
TXN0016035,normal,,ACC00027,ACC00425
TXN0016036,normal,,ACC00425,ACC00224
TXN0016037,normal,,ACC00425,ACC00066
TXN0016038,normal,,ACC00425,ACC00049
TXN0016039,normal,,ACC00424,ACC00425
TXN0016040,normal,,ACC00425,ACC00050
TXN0016041,normal,,ACC00425,ACC00385
TXN0016042,normal,,ACC00425,ACC00224
TXN0016043,normal,,ACC00425,ACC00050
TXN0016044,normal,,ACC00425,ACC00066
TXN0016045,normal,,ACC00425,ACC00049
TXN0016046,normal,,ACC00047,ACC00425
TXN0016047,normal,,ACC00222,ACC00425
TXN0016048,normal,,ACC00224,ACC00425
TXN0016049,normal,,ACC00047,ACC00425
TXN0016050,normal,,ACC00425,ACC00116
TXN0016051,normal,,ACC00116,ACC00425
TXN0016052,normal,,ACC00049,ACC00425
TXN0016053,normal,,ACC00425,ACC00027
TXN0016054,normal,,ACC00425,ACC00116
TXN0016055,normal,,ACC00096,ACC00425
TXN0016056,normal,,ACC00425,ACC00428
TXN0016057,normal,,ACC00425,ACC00438
TXN0016058,normal,,ACC00425,ACC00111
TXN0016059,normal,,ACC00049,ACC00425
TXN0016060,normal,,ACC00425,ACC00066
TXN0016061,normal,,ACC00425,ACC00116
TXN0016062,normal,,ACC00224,ACC00425
TXN0016063,normal,,ACC00425,ACC00027
TXN0016064,normal,,ACC00425,ACC00066
TXN0016065,normal,,ACC00425,ACC00278
TXN0016066,normal,,ACC00111,ACC00425
TXN0016067,normal,,ACC00425,ACC00027
TXN0016068,normal,,ACC00425,ACC00047
TXN0016069,normal,,ACC00425,ACC00047
TXN0016070,normal,,ACC00043,ACC00425
TXN0016071,normal,,ACC00224,ACC00425
TXN0016072,normal,,ACC00049,ACC00425
TXN0016073,normal,,ACC00425,ACC00066
TXN0016074,normal,,ACC00047,ACC00425
TXN0016075,normal,,ACC00425,ACC00316
TXN0016076,normal,,ACC00049,ACC00425
TXN0016077,normal,,ACC00434,ACC00426
TXN0016078,normal,,ACC00490,ACC00426
TXN0016079,normal,,ACC00371,ACC00426
TXN0016080,normal,,ACC00434,ACC00426
TXN0016081,normal,,ACC00426,ACC00434
TXN0016082,normal,,ACC00047,ACC00426
TXN0016083,normal,,ACC00426,ACC00129
TXN0016084,normal,,ACC00047,ACC00426
TXN0016085,normal,,ACC00426,ACC00047
TXN0016086,normal,,ACC00426,ACC00490
TXN0016087,normal,,ACC00089,ACC00426
TXN0016088,normal,,ACC00089,ACC00426
TXN0016089,normal,,ACC00426,ACC00018
TXN0016090,normal,,ACC00002,ACC00426
TXN0016091,normal,,ACC00129,ACC00426
TXN0016092,normal,,ACC00426,ACC00473
TXN0016093,normal,,ACC00426,ACC00089
TXN0016094,normal,,ACC00002,ACC00426
TXN0016095,normal,,ACC00002,ACC00426
TXN0016096,normal,,ACC00089,ACC00426
TXN0016097,normal,,ACC00426,ACC00018
TXN0016098,normal,,ACC00426,ACC00002
TXN0016099,normal,,ACC00426,ACC00434
TXN0016100,normal,,ACC00451,ACC00426
TXN0016101,normal,,ACC00399,ACC00426
TXN0016102,normal,,ACC00426,ACC00214
TXN0016103,normal,,ACC00089,ACC00426
TXN0016104,normal,,ACC00426,ACC00089
TXN0016105,normal,,ACC00426,ACC00047
TXN0016106,normal,,ACC00426,ACC00129
TXN0016107,normal,,ACC00426,ACC00129
TXN0016108,normal,,ACC00426,ACC00490
TXN0016109,normal,,ACC00426,ACC00047
TXN0016110,normal,,ACC00426,ACC00434
TXN0016111,normal,,ACC00410,ACC00426
TXN0016112,normal,,ACC00018,ACC00426
TXN0016113,normal,,ACC00426,ACC00307
TXN0016114,normal,,ACC00426,ACC00018
TXN0016115,normal,,ACC00371,ACC00426
TXN0016116,normal,,ACC00426,ACC00129
TXN0016117,normal,,ACC00129,ACC00426
TXN0016118,normal,,ACC00129,ACC00426
TXN0016119,normal,,ACC00426,ACC00371
TXN0016120,normal,,ACC00426,ACC00002
TXN0016121,normal,,ACC00426,ACC00490
TXN0016122,normal,,ACC00490,ACC00426
TXN0016123,normal,,ACC00426,ACC00434
TXN0016124,normal,,ACC00426,ACC00377
TXN0016125,normal,,ACC00426,ACC00371
TXN0016126,normal,,ACC00426,ACC00490
TXN0016127,normal,,ACC00426,ACC00002
TXN0016128,normal,,ACC00426,ACC00089
TXN0016129,normal,,ACC00426,ACC00490
TXN0016130,normal,,ACC00426,ACC00047
TXN0016131,normal,,ACC00089,ACC00426
TXN0016132,normal,,ACC00426,ACC00018
TXN0016133,normal,,ACC00294,ACC00427
TXN0016134,normal,,ACC00043,ACC00427
TXN0016135,normal,,ACC00427,ACC00421
TXN0016136,normal,,ACC00011,ACC00427
TXN0016137,normal,,ACC00427,ACC00445
TXN0016138,normal,,ACC00427,ACC00313
TXN0016139,normal,,ACC00133,ACC00427
TXN0016140,normal,,ACC00445,ACC00427
TXN0016141,normal,,ACC00303,ACC00427
TXN0016142,normal,,ACC00427,ACC00133
TXN0016143,normal,,ACC00058,ACC00427
TXN0016144,normal,,ACC00427,ACC00313
TXN0016145,normal,,ACC00133,ACC00427
TXN0016146,normal,,ACC00204,ACC00427
TXN0016147,normal,,ACC00262,ACC00427
TXN0016148,normal,,ACC00445,ACC00427
TXN0016149,normal,,ACC00313,ACC00427
TXN0016150,normal,,ACC00303,ACC00427
TXN0016151,normal,,ACC00427,ACC00133
TXN0016152,normal,,ACC00427,ACC00133
TXN0016153,normal,,ACC00326,ACC00427
TXN0016154,normal,,ACC00421,ACC00427
TXN0016155,normal,,ACC00058,ACC00427
TXN0016156,normal,,ACC00133,ACC00427
TXN0016157,normal,,ACC00427,ACC00133
TXN0016158,normal,,ACC00058,ACC00427
TXN0016159,normal,,ACC00427,ACC00292
TXN0016160,normal,,ACC00427,ACC00445
TXN0016161,normal,,ACC00427,ACC00133
TXN0016162,normal,,ACC00054,ACC00427
TXN0016163,normal,,ACC00427,ACC00421
TXN0016164,normal,,ACC00427,ACC00043
TXN0016165,normal,,ACC00427,ACC00043
TXN0016166,normal,,ACC00313,ACC00427
TXN0016167,normal,,ACC00058,ACC00427
TXN0016168,normal,,ACC00133,ACC00427
TXN0016169,normal,,ACC00427,ACC00133
TXN0016170,normal,,ACC00421,ACC00427
TXN0016171,normal,,ACC00043,ACC00427
TXN0016172,normal,,ACC00427,ACC00133
TXN0016173,normal,,ACC00427,ACC00397
TXN0016174,normal,,ACC00427,ACC00043
TXN0016175,normal,,ACC00427,ACC00445
TXN0016176,normal,,ACC00427,ACC00313
TXN0016177,normal,,ACC00058,ACC00427
TXN0016178,normal,,ACC00427,ACC00133
TXN0016179,normal,,ACC00427,ACC00303
TXN0016180,normal,,ACC00427,ACC00313
TXN0016181,normal,,ACC00050,ACC00427
TXN0016182,normal,,ACC00427,ACC00133
TXN0016183,normal,,ACC00421,ACC00427
TXN0016184,normal,,ACC00382,ACC00427
TXN0016185,normal,,ACC00427,ACC00448
TXN0016186,normal,,ACC00427,ACC00203
TXN0016187,normal,,ACC00427,ACC00058
TXN0016188,normal,,ACC00115,ACC00427
TXN0016189,normal,,ACC00427,ACC00421
TXN0016190,normal,,ACC00427,ACC00104
TXN0016191,normal,,ACC00428,ACC00046
TXN0016192,normal,,ACC00428,ACC00032
TXN0016193,normal,,ACC00126,ACC00428
TXN0016194,normal,,ACC00084,ACC00428
TXN0016195,normal,,ACC00428,ACC00084
TXN0016196,normal,,ACC00084,ACC00428
TXN0016197,normal,,ACC00070,ACC00428
TXN0016198,normal,,ACC00428,ACC00030
TXN0016199,normal,,ACC00126,ACC00428
TXN0016200,normal,,ACC00428,ACC00030
TXN0016201,normal,,ACC00126,ACC00428
TXN0016202,normal,,ACC00084,ACC00428
TXN0016203,normal,,ACC00282,ACC00428
TXN0016204,normal,,ACC00084,ACC00428
TXN0016205,normal,,ACC00428,ACC00225
TXN0016206,normal,,ACC00030,ACC00428
TXN0016207,normal,,ACC00276,ACC00428
TXN0016208,normal,,ACC00428,ACC00046
TXN0016209,normal,,ACC00428,ACC00126
TXN0016210,normal,,ACC00428,ACC00453
TXN0016211,normal,,ACC00070,ACC00428
TXN0016212,normal,,ACC00428,ACC00453
TXN0016213,normal,,ACC00428,ACC00070
TXN0016214,normal,,ACC00428,ACC00030
TXN0016215,normal,,ACC00213,ACC00428
TXN0016216,normal,,ACC00428,ACC00030
TXN0016217,normal,,ACC00030,ACC00428
TXN0016218,normal,,ACC00428,ACC00225
TXN0016219,normal,,ACC00428,ACC00084
TXN0016220,normal,,ACC00046,ACC00428
TXN0016221,normal,,ACC00153,ACC00429
TXN0016222,normal,,ACC00334,ACC00429
TXN0016223,normal,,ACC00429,ACC00206
TXN0016224,normal,,ACC00418,ACC00429
TXN0016225,normal,,ACC00382,ACC00429
TXN0016226,normal,,ACC00429,ACC00153
TXN0016227,normal,,ACC00181,ACC00429
TXN0016228,normal,,ACC00206,ACC00429
TXN0016229,normal,,ACC00429,ACC00181
TXN0016230,normal,,ACC00002,ACC00429
TXN0016231,normal,,ACC00153,ACC00429
TXN0016232,normal,,ACC00429,ACC00125
TXN0016233,normal,,ACC00181,ACC00429
TXN0016234,normal,,ACC00429,ACC00392
TXN0016235,normal,,ACC00429,ACC00382
TXN0016236,normal,,ACC00205,ACC00430
TXN0016237,normal,,ACC00430,ACC00439
TXN0016238,normal,,ACC00430,ACC00223
TXN0016239,normal,,ACC00056,ACC00430
TXN0016240,normal,,ACC00430,ACC00132
TXN0016241,normal,,ACC00430,ACC00093
TXN0016242,normal,,ACC00056,ACC00430
TXN0016243,normal,,ACC00286,ACC00430
TXN0016244,normal,,ACC00057,ACC00430
TXN0016245,normal,,ACC00223,ACC00430
TXN0016246,normal,,ACC00057,ACC00430
TXN0016247,normal,,ACC00223,ACC00430
TXN0016248,normal,,ACC00430,ACC00439
TXN0016249,normal,,ACC00430,ACC00439
TXN0016250,normal,,ACC00241,ACC00430
TXN0016251,normal,,ACC00430,ACC00286
TXN0016252,normal,,ACC00205,ACC00430
TXN0016253,normal,,ACC00430,ACC00203
TXN0016254,normal,,ACC00430,ACC00439
TXN0016255,normal,,ACC00430,ACC00241
TXN0016256,normal,,ACC00241,ACC00430
TXN0016257,normal,,ACC00241,ACC00430
TXN0016258,normal,,ACC00057,ACC00430
TXN0016259,normal,,ACC00430,ACC00241
TXN0016260,normal,,ACC00430,ACC00056
TXN0016261,normal,,ACC00430,ACC00223
TXN0016262,normal,,ACC00223,ACC00430
TXN0016263,normal,,ACC00430,ACC00223
TXN0016264,normal,,ACC00430,ACC00407
TXN0016265,normal,,ACC00431,ACC00383
TXN0016266,normal,,ACC00431,ACC00210
TXN0016267,normal,,ACC00083,ACC00431
TXN0016268,normal,,ACC00431,ACC00329
TXN0016269,normal,,ACC00431,ACC00083
TXN0016270,normal,,ACC00083,ACC00431
TXN0016271,normal,,ACC00431,ACC00071
TXN0016272,normal,,ACC00290,ACC00431
TXN0016273,normal,,ACC00083,ACC00431
TXN0016274,normal,,ACC00329,ACC00431
TXN0016275,normal,,ACC00329,ACC00431
TXN0016276,normal,,ACC00309,ACC00431
TXN0016277,normal,,ACC00355,ACC00431
TXN0016278,normal,,ACC00415,ACC00431
TXN0016279,normal,,ACC00431,ACC00287
TXN0016280,normal,,ACC00350,ACC00431
TXN0016281,normal,,ACC00210,ACC00431
TXN0016282,normal,,ACC00431,ACC00105
TXN0016283,normal,,ACC00432,ACC00251
TXN0016284,normal,,ACC00432,ACC00451
TXN0016285,normal,,ACC00013,ACC00432
TXN0016286,normal,,ACC00432,ACC00344
TXN0016287,normal,,ACC00432,ACC00013
TXN0016288,normal,,ACC00351,ACC00432
TXN0016289,normal,,ACC00013,ACC00432
TXN0016290,normal,,ACC00432,ACC00187
TXN0016291,normal,,ACC00451,ACC00432
TXN0016292,normal,,ACC00466,ACC00432
TXN0016293,normal,,ACC00013,ACC00432
TXN0016294,normal,,ACC00432,ACC00452
TXN0016295,normal,,ACC00432,ACC00409
TXN0016296,normal,,ACC00432,ACC00466
TXN0016297,normal,,ACC00452,ACC00432
TXN0016298,normal,,ACC00279,ACC00432
TXN0016299,normal,,ACC00142,ACC00432
TXN0016300,normal,,ACC00432,ACC00138
TXN0016301,normal,,ACC00432,ACC00351
TXN0016302,normal,,ACC00452,ACC00432
TXN0016303,normal,,ACC00013,ACC00432
TXN0016304,normal,,ACC00432,ACC00452
TXN0016305,normal,,ACC00432,ACC00452
TXN0016306,normal,,ACC00432,ACC00452
TXN0016307,normal,,ACC00432,ACC00351
TXN0016308,normal,,ACC00432,ACC00185
TXN0016309,normal,,ACC00432,ACC00185
TXN0016310,normal,,ACC00432,ACC00013
TXN0016311,normal,,ACC00013,ACC00432
TXN0016312,normal,,ACC00432,ACC00452
TXN0016313,normal,,ACC00432,ACC00452
TXN0016314,normal,,ACC00432,ACC00466
TXN0016315,normal,,ACC00466,ACC00432
TXN0016316,normal,,ACC00185,ACC00432
TXN0016317,normal,,ACC00452,ACC00432
TXN0016318,normal,,ACC00432,ACC00013
TXN0016319,normal,,ACC00432,ACC00452
TXN0016320,normal,,ACC00432,ACC00452
TXN0016321,normal,,ACC00444,ACC00432
TXN0016322,normal,,ACC00432,ACC00277
TXN0016323,normal,,ACC00432,ACC00452
TXN0016324,normal,,ACC00432,ACC00452
TXN0016325,normal,,ACC00432,ACC00466
TXN0016326,normal,,ACC00344,ACC00432
TXN0016327,normal,,ACC00451,ACC00432
TXN0016328,normal,,ACC00432,ACC00466
TXN0016329,normal,,ACC00158,ACC00433
TXN0016330,normal,,ACC00235,ACC00433
TXN0016331,normal,,ACC00433,ACC00367
TXN0016332,normal,,ACC00008,ACC00433
TXN0016333,normal,,ACC00433,ACC00008
TXN0016334,normal,,ACC00433,ACC00472
TXN0016335,normal,,ACC00367,ACC00433
TXN0016336,normal,,ACC00380,ACC00433
TXN0016337,normal,,ACC00433,ACC00263
TXN0016338,normal,,ACC00433,ACC00374
TXN0016339,normal,,ACC00345,ACC00433
TXN0016340,normal,,ACC00041,ACC00433
TXN0016341,normal,,ACC00433,ACC00133
TXN0016342,normal,,ACC00433,ACC00158
TXN0016343,normal,,ACC00008,ACC00433
TXN0016344,normal,,ACC00094,ACC00433
TXN0016345,normal,,ACC00167,ACC00433
TXN0016346,normal,,ACC00433,ACC00472
TXN0016347,normal,,ACC00433,ACC00268
TXN0016348,normal,,ACC00433,ACC00167
TXN0016349,normal,,ACC00268,ACC00433
TXN0016350,normal,,ACC00433,ACC00216
TXN0016351,normal,,ACC00158,ACC00433
TXN0016352,normal,,ACC00433,ACC00345
TXN0016353,normal,,ACC00433,ACC00345
TXN0016354,normal,,ACC00433,ACC00268
TXN0016355,normal,,ACC00433,ACC00008
TXN0016356,normal,,ACC00433,ACC00008
TXN0016357,normal,,ACC00167,ACC00433
TXN0016358,normal,,ACC00249,ACC00433
TXN0016359,normal,,ACC00433,ACC00293
TXN0016360,normal,,ACC00433,ACC00268
TXN0016361,normal,,ACC00472,ACC00433
TXN0016362,normal,,ACC00433,ACC00167
TXN0016363,normal,,ACC00433,ACC00249
TXN0016364,normal,,ACC00345,ACC00433
TXN0016365,normal,,ACC00345,ACC00433
TXN0016366,normal,,ACC00064,ACC00433
TXN0016367,normal,,ACC00433,ACC00472
TXN0016368,normal,,ACC00433,ACC00268
TXN0016369,normal,,ACC00433,ACC00308
TXN0016370,normal,,ACC00433,ACC00211
TXN0016371,normal,,ACC00345,ACC00433
TXN0016372,normal,,ACC00433,ACC00406
TXN0016373,normal,,ACC00008,ACC00433
TXN0016374,normal,,ACC00433,ACC00167
TXN0016375,normal,,ACC00433,ACC00167
TXN0016376,normal,,ACC00433,ACC00360
TXN0016377,normal,,ACC00249,ACC00433
TXN0016378,normal,,ACC00367,ACC00433
TXN0016379,normal,,ACC00433,ACC00345
TXN0016380,normal,,ACC00433,ACC00472
TXN0016381,normal,,ACC00472,ACC00433
TXN0016382,normal,,ACC00157,ACC00434
TXN0016383,normal,,ACC00434,ACC00474
TXN0016384,normal,,ACC00434,ACC00256
TXN0016385,normal,,ACC00434,ACC00220
TXN0016386,normal,,ACC00434,ACC00118
TXN0016387,normal,,ACC00165,ACC00434
TXN0016388,normal,,ACC00434,ACC00118
TXN0016389,normal,,ACC00434,ACC00474
TXN0016390,normal,,ACC00434,ACC00300
TXN0016391,normal,,ACC00300,ACC00434
TXN0016392,normal,,ACC00300,ACC00434
TXN0016393,normal,,ACC00305,ACC00434
TXN0016394,normal,,ACC00434,ACC00474
TXN0016395,normal,,ACC00271,ACC00434
TXN0016396,normal,,ACC00239,ACC00434
TXN0016397,normal,,ACC00434,ACC00305
TXN0016398,normal,,ACC00434,ACC00102
TXN0016399,normal,,ACC00153,ACC00434
TXN0016400,normal,,ACC00434,ACC00305
TXN0016401,normal,,ACC00434,ACC00008
TXN0016402,normal,,ACC00300,ACC00434
TXN0016403,normal,,ACC00305,ACC00434
TXN0016404,normal,,ACC00434,ACC00300
TXN0016405,normal,,ACC00434,ACC00238
TXN0016406,normal,,ACC00434,ACC00474
TXN0016407,normal,,ACC00153,ACC00434
TXN0016408,normal,,ACC00434,ACC00165
TXN0016409,normal,,ACC00434,ACC00474
TXN0016410,normal,,ACC00434,ACC00316
TXN0016411,normal,,ACC00265,ACC00435
TXN0016412,normal,,ACC00435,ACC00341
TXN0016413,normal,,ACC00435,ACC00341
TXN0016414,normal,,ACC00288,ACC00435
TXN0016415,normal,,ACC00341,ACC00435
TXN0016416,normal,,ACC00435,ACC00081
TXN0016417,normal,,ACC00341,ACC00435
TXN0016418,normal,,ACC00375,ACC00435
TXN0016419,normal,,ACC00435,ACC00288
TXN0016420,normal,,ACC00441,ACC00435
TXN0016421,normal,,ACC00081,ACC00435
TXN0016422,normal,,ACC00435,ACC00341
TXN0016423,normal,,ACC00258,ACC00435
TXN0016424,normal,,ACC00183,ACC00435
TXN0016425,normal,,ACC00435,ACC00499
TXN0016426,normal,,ACC00435,ACC00341
TXN0016427,normal,,ACC00435,ACC00104
TXN0016428,normal,,ACC00337,ACC00435
TXN0016429,normal,,ACC00435,ACC00366
TXN0016430,normal,,ACC00288,ACC00435
TXN0016431,normal,,ACC00183,ACC00435
TXN0016432,normal,,ACC00435,ACC00288
TXN0016433,normal,,ACC00489,ACC00435
TXN0016434,normal,,ACC00435,ACC00195
TXN0016435,normal,,ACC00037,ACC00435
TXN0016436,normal,,ACC00435,ACC00081
TXN0016437,normal,,ACC00435,ACC00288
TXN0016438,normal,,ACC00435,ACC00288
TXN0016439,normal,,ACC00104,ACC00435
TXN0016440,normal,,ACC00288,ACC00435
TXN0016441,normal,,ACC00435,ACC00081
TXN0016442,normal,,ACC00104,ACC00435
TXN0016443,normal,,ACC00429,ACC00435
TXN0016444,normal,,ACC00436,ACC00461
TXN0016445,normal,,ACC00436,ACC00176
TXN0016446,normal,,ACC00461,ACC00436
TXN0016447,normal,,ACC00225,ACC00436
TXN0016448,normal,,ACC00436,ACC00461
TXN0016449,normal,,ACC00436,ACC00135
TXN0016450,normal,,ACC00436,ACC00176
TXN0016451,normal,,ACC00436,ACC00215
TXN0016452,normal,,ACC00436,ACC00135
TXN0016453,normal,,ACC00033,ACC00436
TXN0016454,normal,,ACC00225,ACC00436
TXN0016455,normal,,ACC00176,ACC00436
TXN0016456,normal,,ACC00436,ACC00461
TXN0016457,normal,,ACC00176,ACC00436
TXN0016458,normal,,ACC00461,ACC00436
TXN0016459,normal,,ACC00436,ACC00205
TXN0016460,normal,,ACC00436,ACC00378
TXN0016461,normal,,ACC00436,ACC00164
TXN0016462,normal,,ACC00067,ACC00436
TXN0016463,normal,,ACC00436,ACC00215
TXN0016464,normal,,ACC00436,ACC00176
TXN0016465,normal,,ACC00436,ACC00225
TXN0016466,normal,,ACC00436,ACC00461
TXN0016467,normal,,ACC00436,ACC00215
TXN0016468,normal,,ACC00378,ACC00436
TXN0016469,normal,,ACC00436,ACC00225
TXN0016470,normal,,ACC00436,ACC00135
TXN0016471,normal,,ACC00215,ACC00436
TXN0016472,normal,,ACC00215,ACC00436
TXN0016473,normal,,ACC00436,ACC00005
TXN0016474,normal,,ACC00436,ACC00227
TXN0016475,normal,,ACC00176,ACC00436
TXN0016476,normal,,ACC00461,ACC00436
TXN0016477,normal,,ACC00176,ACC00436
TXN0016478,normal,,ACC00436,ACC00176
TXN0016479,normal,,ACC00351,ACC00436
TXN0016480,normal,,ACC00205,ACC00436
TXN0016481,normal,,ACC00436,ACC00135
TXN0016482,normal,,ACC00216,ACC00436
TXN0016483,normal,,ACC00055,ACC00436
TXN0016484,normal,,ACC00033,ACC00436
TXN0016485,normal,,ACC00436,ACC00205
TXN0016486,normal,,ACC00164,ACC00436
TXN0016487,normal,,ACC00198,ACC00436
TXN0016488,normal,,ACC00436,ACC00135
TXN0016489,normal,,ACC00436,ACC00225
TXN0016490,normal,,ACC00436,ACC00135
TXN0016491,normal,,ACC00364,ACC00436
TXN0016492,normal,,ACC00215,ACC00436
TXN0016493,normal,,ACC00436,ACC00135
TXN0016494,normal,,ACC00436,ACC00135
TXN0016495,normal,,ACC00473,ACC00436
TXN0016496,normal,,ACC00044,ACC00437
TXN0016497,normal,,ACC00357,ACC00437
TXN0016498,normal,,ACC00437,ACC00420
TXN0016499,normal,,ACC00086,ACC00437
TXN0016500,normal,,ACC00357,ACC00437
TXN0016501,normal,,ACC00420,ACC00437
TXN0016502,normal,,ACC00293,ACC00437
TXN0016503,normal,,ACC00437,ACC00493
TXN0016504,normal,,ACC00437,ACC00017
TXN0016505,normal,,ACC00293,ACC00437
TXN0016506,normal,,ACC00437,ACC00075
TXN0016507,normal,,ACC00437,ACC00293
TXN0016508,normal,,ACC00041,ACC00437
TXN0016509,normal,,ACC00041,ACC00437
TXN0016510,normal,,ACC00437,ACC00493
TXN0016511,normal,,ACC00420,ACC00437
TXN0016512,normal,,ACC00493,ACC00437
TXN0016513,normal,,ACC00293,ACC00437
TXN0016514,normal,,ACC00437,ACC00357
TXN0016515,normal,,ACC00437,ACC00420
TXN0016516,normal,,ACC00357,ACC00437
TXN0016517,normal,,ACC00437,ACC00357
TXN0016518,normal,,ACC00284,ACC00437
TXN0016519,normal,,ACC00437,ACC00493
TXN0016520,normal,,ACC00060,ACC00437
TXN0016521,normal,,ACC00437,ACC00420
TXN0016522,normal,,ACC00437,ACC00135
TXN0016523,normal,,ACC00293,ACC00437
TXN0016524,normal,,ACC00420,ACC00437
TXN0016525,normal,,ACC00060,ACC00437
TXN0016526,normal,,ACC00414,ACC00437
TXN0016527,normal,,ACC00437,ACC00369
TXN0016528,normal,,ACC00369,ACC00437
TXN0016529,normal,,ACC00437,ACC00293
TXN0016530,normal,,ACC00437,ACC00417
TXN0016531,normal,,ACC00437,ACC00041
TXN0016532,normal,,ACC00060,ACC00437
TXN0016533,normal,,ACC00493,ACC00437
TXN0016534,normal,,ACC00438,ACC00248
TXN0016535,normal,,ACC00438,ACC00248
TXN0016536,normal,,ACC00089,ACC00438
TXN0016537,normal,,ACC00426,ACC00438
TXN0016538,normal,,ACC00103,ACC00438
TXN0016539,normal,,ACC00223,ACC00438
TXN0016540,normal,,ACC00438,ACC00414
TXN0016541,normal,,ACC00051,ACC00438
TXN0016542,normal,,ACC00438,ACC00426
TXN0016543,normal,,ACC00426,ACC00438
TXN0016544,normal,,ACC00414,ACC00438
TXN0016545,normal,,ACC00438,ACC00426
TXN0016546,normal,,ACC00051,ACC00438
TXN0016547,normal,,ACC00438,ACC00103
TXN0016548,normal,,ACC00438,ACC00327
TXN0016549,normal,,ACC00438,ACC00248
TXN0016550,normal,,ACC00438,ACC00414
TXN0016551,normal,,ACC00438,ACC00248
TXN0016552,normal,,ACC00051,ACC00438
TXN0016553,normal,,ACC00051,ACC00438
TXN0016554,normal,,ACC00438,ACC00051
TXN0016555,normal,,ACC00438,ACC00103
TXN0016556,normal,,ACC00438,ACC00248
TXN0016557,normal,,ACC00438,ACC00489
TXN0016558,normal,,ACC00438,ACC00248
TXN0016559,normal,,ACC00438,ACC00026
TXN0016560,normal,,ACC00438,ACC00248
TXN0016561,normal,,ACC00438,ACC00426
TXN0016562,normal,,ACC00051,ACC00438
TXN0016563,normal,,ACC00438,ACC00103
TXN0016564,normal,,ACC00439,ACC00231
TXN0016565,normal,,ACC00152,ACC00439
TXN0016566,normal,,ACC00141,ACC00439
TXN0016567,normal,,ACC00439,ACC00344
TXN0016568,normal,,ACC00439,ACC00044
TXN0016569,normal,,ACC00439,ACC00171
TXN0016570,normal,,ACC00044,ACC00439
TXN0016571,normal,,ACC00439,ACC00412
TXN0016572,normal,,ACC00044,ACC00439
TXN0016573,normal,,ACC00439,ACC00152
TXN0016574,normal,,ACC00231,ACC00439
TXN0016575,normal,,ACC00439,ACC00236
TXN0016576,normal,,ACC00200,ACC00439
TXN0016577,normal,,ACC00412,ACC00439
TXN0016578,normal,,ACC00439,ACC00200
TXN0016579,normal,,ACC00349,ACC00439
TXN0016580,normal,,ACC00439,ACC00171
TXN0016581,normal,,ACC00439,ACC00231
TXN0016582,normal,,ACC00439,ACC00412
TXN0016583,normal,,ACC00349,ACC00439
TXN0016584,normal,,ACC00200,ACC00439
TXN0016585,normal,,ACC00439,ACC00231
TXN0016586,normal,,ACC00231,ACC00439
TXN0016587,normal,,ACC00152,ACC00439
TXN0016588,normal,,ACC00412,ACC00439
TXN0016589,normal,,ACC00439,ACC00044
TXN0016590,normal,,ACC00439,ACC00019
TXN0016591,normal,,ACC00231,ACC00439
TXN0016592,normal,,ACC00439,ACC00152
TXN0016593,normal,,ACC00152,ACC00439
TXN0016594,normal,,ACC00044,ACC00439
TXN0016595,normal,,ACC00408,ACC00439
TXN0016596,normal,,ACC00152,ACC00439
TXN0016597,normal,,ACC00231,ACC00439
TXN0016598,normal,,ACC00439,ACC00231
TXN0016599,normal,,ACC00439,ACC00349
TXN0016600,normal,,ACC00439,ACC00412
TXN0016601,normal,,ACC00439,ACC00312
TXN0016602,normal,,ACC00439,ACC00152
TXN0016603,normal,,ACC00439,ACC00295
TXN0016604,normal,,ACC00219,ACC00439
TXN0016605,normal,,ACC00439,ACC00295
TXN0016606,normal,,ACC00439,ACC00171
TXN0016607,normal,,ACC00152,ACC00439
TXN0016608,normal,,ACC00295,ACC00439
TXN0016609,normal,,ACC00439,ACC00412
TXN0016610,normal,,ACC00439,ACC00436
TXN0016611,normal,,ACC00439,ACC00231
TXN0016612,normal,,ACC00153,ACC00440
TXN0016613,normal,,ACC00440,ACC00495
TXN0016614,normal,,ACC00440,ACC00316
TXN0016615,normal,,ACC00169,ACC00440
TXN0016616,normal,,ACC00440,ACC00316
TXN0016617,normal,,ACC00440,ACC00316
TXN0016618,normal,,ACC00097,ACC00440
TXN0016619,normal,,ACC00440,ACC00011
TXN0016620,normal,,ACC00440,ACC00312
TXN0016621,normal,,ACC00440,ACC00011
TXN0016622,normal,,ACC00440,ACC00316
TXN0016623,normal,,ACC00312,ACC00440
TXN0016624,normal,,ACC00440,ACC00264
TXN0016625,normal,,ACC00440,ACC00407
TXN0016626,normal,,ACC00017,ACC00440
TXN0016627,normal,,ACC00440,ACC00312
TXN0016628,normal,,ACC00440,ACC00407
TXN0016629,normal,,ACC00440,ACC00316
TXN0016630,normal,,ACC00407,ACC00440
TXN0016631,normal,,ACC00169,ACC00440
TXN0016632,normal,,ACC00440,ACC00407
TXN0016633,normal,,ACC00153,ACC00440
TXN0016634,normal,,ACC00440,ACC00097
TXN0016635,normal,,ACC00407,ACC00440
TXN0016636,normal,,ACC00440,ACC00394
TXN0016637,normal,,ACC00440,ACC00097
TXN0016638,normal,,ACC00312,ACC00440
TXN0016639,normal,,ACC00312,ACC00440
TXN0016640,normal,,ACC00312,ACC00440
TXN0016641,normal,,ACC00097,ACC00440
TXN0016642,normal,,ACC00011,ACC00440
TXN0016643,normal,,ACC00440,ACC00316
TXN0016644,normal,,ACC00316,ACC00440
TXN0016645,normal,,ACC00169,ACC00440
TXN0016646,normal,,ACC00316,ACC00440
TXN0016647,normal,,ACC00407,ACC00440
TXN0016648,normal,,ACC00440,ACC00011
TXN0016649,normal,,ACC00407,ACC00440
TXN0016650,normal,,ACC00440,ACC00330
TXN0016651,normal,,ACC00011,ACC00440
TXN0016652,normal,,ACC00440,ACC00169
TXN0016653,normal,,ACC00395,ACC00441
TXN0016654,normal,,ACC00441,ACC00092
TXN0016655,normal,,ACC00441,ACC00259
TXN0016656,normal,,ACC00092,ACC00441
TXN0016657,normal,,ACC00259,ACC00441
TXN0016658,normal,,ACC00380,ACC00441
TXN0016659,normal,,ACC00441,ACC00092
TXN0016660,normal,,ACC00395,ACC00441
TXN0016661,normal,,ACC00380,ACC00441
TXN0016662,normal,,ACC00037,ACC00441
TXN0016663,normal,,ACC00152,ACC00441
TXN0016664,normal,,ACC00441,ACC00380
TXN0016665,normal,,ACC00441,ACC00395
TXN0016666,normal,,ACC00441,ACC00477
TXN0016667,normal,,ACC00380,ACC00441
TXN0016668,normal,,ACC00441,ACC00113
TXN0016669,normal,,ACC00441,ACC00092
TXN0016670,normal,,ACC00092,ACC00441
TXN0016671,normal,,ACC00441,ACC00092
TXN0016672,normal,,ACC00173,ACC00442
TXN0016673,normal,,ACC00442,ACC00352
TXN0016674,normal,,ACC00341,ACC00442
TXN0016675,normal,,ACC00435,ACC00442
TXN0016676,normal,,ACC00442,ACC00435
TXN0016677,normal,,ACC00442,ACC00352
TXN0016678,normal,,ACC00206,ACC00442
TXN0016679,normal,,ACC00435,ACC00442
TXN0016680,normal,,ACC00442,ACC00010
TXN0016681,normal,,ACC00386,ACC00442
TXN0016682,normal,,ACC00435,ACC00442
TXN0016683,normal,,ACC00442,ACC00173
TXN0016684,normal,,ACC00028,ACC00442
TXN0016685,normal,,ACC00442,ACC00407
TXN0016686,normal,,ACC00442,ACC00352
TXN0016687,normal,,ACC00442,ACC00356
TXN0016688,normal,,ACC00173,ACC00442
TXN0016689,normal,,ACC00341,ACC00442
TXN0016690,normal,,ACC00173,ACC00442
TXN0016691,normal,,ACC00442,ACC00386
TXN0016692,normal,,ACC00442,ACC00010
TXN0016693,normal,,ACC00258,ACC00442
TXN0016694,normal,,ACC00442,ACC00407
TXN0016695,normal,,ACC00386,ACC00442
TXN0016696,normal,,ACC00442,ACC00028
TXN0016697,normal,,ACC00489,ACC00442
TXN0016698,normal,,ACC00442,ACC00407
TXN0016699,normal,,ACC00442,ACC00386
TXN0016700,normal,,ACC00088,ACC00443
TXN0016701,normal,,ACC00237,ACC00443
TXN0016702,normal,,ACC00443,ACC00152
TXN0016703,normal,,ACC00229,ACC00443
TXN0016704,normal,,ACC00168,ACC00443
TXN0016705,normal,,ACC00359,ACC00443
TXN0016706,normal,,ACC00443,ACC00152
TXN0016707,normal,,ACC00443,ACC00237
TXN0016708,normal,,ACC00443,ACC00088
TXN0016709,normal,,ACC00152,ACC00443
TXN0016710,normal,,ACC00443,ACC00168
TXN0016711,normal,,ACC00443,ACC00088
TXN0016712,normal,,ACC00443,ACC00237
TXN0016713,normal,,ACC00359,ACC00443
TXN0016714,normal,,ACC00443,ACC00369
TXN0016715,normal,,ACC00044,ACC00443
TXN0016716,normal,,ACC00443,ACC00460
TXN0016717,normal,,ACC00443,ACC00372
TXN0016718,normal,,ACC00229,ACC00443
TXN0016719,normal,,ACC00443,ACC00088
TXN0016720,normal,,ACC00443,ACC00237
TXN0016721,normal,,ACC00443,ACC00237
TXN0016722,normal,,ACC00168,ACC00443
TXN0016723,normal,,ACC00443,ACC00448
TXN0016724,normal,,ACC00237,ACC00443
TXN0016725,normal,,ACC00443,ACC00152
TXN0016726,normal,,ACC00443,ACC00448
TXN0016727,normal,,ACC00359,ACC00443
TXN0016728,normal,,ACC00443,ACC00152
TXN0016729,normal,,ACC00443,ACC00448
TXN0016730,normal,,ACC00448,ACC00443
TXN0016731,normal,,ACC00443,ACC00205
TXN0016732,normal,,ACC00229,ACC00443
TXN0016733,normal,,ACC00315,ACC00443
TXN0016734,normal,,ACC00229,ACC00443
TXN0016735,normal,,ACC00083,ACC00443
TXN0016736,normal,,ACC00443,ACC00168
TXN0016737,normal,,ACC00443,ACC00359
TXN0016738,normal,,ACC00443,ACC00085
TXN0016739,normal,,ACC00236,ACC00443
TXN0016740,normal,,ACC00369,ACC00443
TXN0016741,normal,,ACC00443,ACC00152
TXN0016742,normal,,ACC00115,ACC00443
TXN0016743,normal,,ACC00443,ACC00070
TXN0016744,normal,,ACC00443,ACC00237
TXN0016745,normal,,ACC00448,ACC00443
TXN0016746,normal,,ACC00088,ACC00443
TXN0016747,normal,,ACC00443,ACC00237
TXN0016748,normal,,ACC00443,ACC00448
TXN0016749,normal,,ACC00443,ACC00152
TXN0016750,normal,,ACC00443,ACC00088
TXN0016751,normal,,ACC00152,ACC00443
TXN0016752,normal,,ACC00443,ACC00229
TXN0016753,normal,,ACC00088,ACC00443
TXN0016754,normal,,ACC00237,ACC00443
TXN0016755,normal,,ACC00359,ACC00443
TXN0016756,normal,,ACC00246,ACC00443
TXN0016757,normal,,ACC00443,ACC00369
TXN0016758,normal,,ACC00088,ACC00443
TXN0016759,normal,,ACC00486,ACC00444
TXN0016760,normal,,ACC00444,ACC00016
TXN0016761,normal,,ACC00398,ACC00444
TXN0016762,normal,,ACC00444,ACC00183
TXN0016763,normal,,ACC00444,ACC00486
TXN0016764,normal,,ACC00444,ACC00222
TXN0016765,normal,,ACC00444,ACC00133
TXN0016766,normal,,ACC00247,ACC00444
TXN0016767,normal,,ACC00444,ACC00243
TXN0016768,normal,,ACC00444,ACC00183
TXN0016769,normal,,ACC00336,ACC00444
TXN0016770,normal,,ACC00444,ACC00440
TXN0016771,normal,,ACC00444,ACC00183
TXN0016772,normal,,ACC00016,ACC00444
TXN0016773,normal,,ACC00133,ACC00444
TXN0016774,normal,,ACC00444,ACC00486
TXN0016775,normal,,ACC00440,ACC00444
TXN0016776,normal,,ACC00444,ACC00475
TXN0016777,normal,,ACC00016,ACC00444
TXN0016778,normal,,ACC00021,ACC00444
TXN0016779,normal,,ACC00092,ACC00444
TXN0016780,normal,,ACC00117,ACC00444
TXN0016781,normal,,ACC00444,ACC00016
TXN0016782,normal,,ACC00222,ACC00444
TXN0016783,normal,,ACC00330,ACC00444
TXN0016784,normal,,ACC00444,ACC00136
TXN0016785,normal,,ACC00183,ACC00444
TXN0016786,normal,,ACC00444,ACC00222
TXN0016787,normal,,ACC00444,ACC00330
TXN0016788,normal,,ACC00445,ACC00121
TXN0016789,normal,,ACC00445,ACC00226
TXN0016790,normal,,ACC00445,ACC00395
TXN0016791,normal,,ACC00463,ACC00445
TXN0016792,normal,,ACC00445,ACC00121
TXN0016793,normal,,ACC00367,ACC00445
TXN0016794,normal,,ACC00445,ACC00395
TXN0016795,normal,,ACC00445,ACC00463
TXN0016796,normal,,ACC00445,ACC00333
TXN0016797,normal,,ACC00445,ACC00139
TXN0016798,normal,,ACC00445,ACC00463
TXN0016799,normal,,ACC00445,ACC00035
TXN0016800,normal,,ACC00018,ACC00445
TXN0016801,normal,,ACC00445,ACC00121
TXN0016802,normal,,ACC00395,ACC00445
TXN0016803,normal,,ACC00445,ACC00003
TXN0016804,normal,,ACC00445,ACC00454
TXN0016805,normal,,ACC00445,ACC00090
TXN0016806,normal,,ACC00445,ACC00248
TXN0016807,normal,,ACC00445,ACC00080
TXN0016808,normal,,ACC00445,ACC00018
TXN0016809,normal,,ACC00227,ACC00445
TXN0016810,normal,,ACC00446,ACC00421
TXN0016811,normal,,ACC00446,ACC00321
TXN0016812,normal,,ACC00044,ACC00446
TXN0016813,normal,,ACC00446,ACC00044
TXN0016814,normal,,ACC00446,ACC00421
TXN0016815,normal,,ACC00124,ACC00446
TXN0016816,normal,,ACC00252,ACC00446
TXN0016817,normal,,ACC00161,ACC00446
TXN0016818,normal,,ACC00446,ACC00370
TXN0016819,normal,,ACC00290,ACC00446
TXN0016820,normal,,ACC00465,ACC00446
TXN0016821,normal,,ACC00044,ACC00446
TXN0016822,normal,,ACC00446,ACC00421
TXN0016823,normal,,ACC00446,ACC00465
TXN0016824,normal,,ACC00446,ACC00370
TXN0016825,normal,,ACC00446,ACC00421
TXN0016826,normal,,ACC00465,ACC00446
TXN0016827,normal,,ACC00370,ACC00446
TXN0016828,normal,,ACC00107,ACC00446
TXN0016829,normal,,ACC00290,ACC00446
TXN0016830,normal,,ACC00446,ACC00257
TXN0016831,normal,,ACC00446,ACC00465
TXN0016832,normal,,ACC00290,ACC00446
TXN0016833,normal,,ACC00446,ACC00257
TXN0016834,normal,,ACC00446,ACC00257
TXN0016835,normal,,ACC00446,ACC00472
TXN0016836,normal,,ACC00446,ACC00207
TXN0016837,normal,,ACC00446,ACC00044
TXN0016838,normal,,ACC00446,ACC00294
TXN0016839,normal,,ACC00124,ACC00446
TXN0016840,normal,,ACC00446,ACC00044
TXN0016841,normal,,ACC00290,ACC00446
TXN0016842,normal,,ACC00117,ACC00446
TXN0016843,normal,,ACC00446,ACC00421
TXN0016844,normal,,ACC00257,ACC00446
TXN0016845,normal,,ACC00376,ACC00446
TXN0016846,normal,,ACC00446,ACC00370
TXN0016847,normal,,ACC00038,ACC00446
TXN0016848,normal,,ACC00446,ACC00332
TXN0016849,normal,,ACC00257,ACC00446
TXN0016850,normal,,ACC00161,ACC00446
TXN0016851,normal,,ACC00446,ACC00257
TXN0016852,normal,,ACC00033,ACC00447
TXN0016853,normal,,ACC00447,ACC00362
TXN0016854,normal,,ACC00447,ACC00206
TXN0016855,normal,,ACC00447,ACC00356
TXN0016856,normal,,ACC00139,ACC00447
TXN0016857,normal,,ACC00413,ACC00447
TXN0016858,normal,,ACC00447,ACC00308
TXN0016859,normal,,ACC00447,ACC00115
TXN0016860,normal,,ACC00115,ACC00447
TXN0016861,normal,,ACC00447,ACC00115
TXN0016862,normal,,ACC00115,ACC00447
TXN0016863,normal,,ACC00362,ACC00447
TXN0016864,normal,,ACC00356,ACC00447
TXN0016865,normal,,ACC00447,ACC00362
TXN0016866,normal,,ACC00447,ACC00363
TXN0016867,normal,,ACC00447,ACC00405
TXN0016868,normal,,ACC00061,ACC00447
TXN0016869,normal,,ACC00356,ACC00447
TXN0016870,normal,,ACC00447,ACC00362
TXN0016871,normal,,ACC00447,ACC00362
TXN0016872,normal,,ACC00447,ACC00362
TXN0016873,normal,,ACC00447,ACC00015
TXN0016874,normal,,ACC00064,ACC00447
TXN0016875,normal,,ACC00447,ACC00419
TXN0016876,normal,,ACC00215,ACC00447
TXN0016877,normal,,ACC00447,ACC00203
TXN0016878,normal,,ACC00447,ACC00064
TXN0016879,normal,,ACC00447,ACC00230
TXN0016880,normal,,ACC00379,ACC00447
TXN0016881,normal,,ACC00362,ACC00447
TXN0016882,normal,,ACC00064,ACC00447
TXN0016883,normal,,ACC00139,ACC00447
TXN0016884,normal,,ACC00447,ACC00064
TXN0016885,normal,,ACC00362,ACC00447
TXN0016886,normal,,ACC00447,ACC00308
TXN0016887,normal,,ACC00316,ACC00447
TXN0016888,normal,,ACC00492,ACC00447
TXN0016889,normal,,ACC00492,ACC00447
TXN0016890,normal,,ACC00139,ACC00447
TXN0016891,normal,,ACC00492,ACC00447
TXN0016892,normal,,ACC00447,ACC00139
TXN0016893,normal,,ACC00117,ACC00447
TXN0016894,normal,,ACC00356,ACC00447
TXN0016895,normal,,ACC00447,ACC00362
TXN0016896,normal,,ACC00248,ACC00447
TXN0016897,normal,,ACC00115,ACC00447
TXN0016898,normal,,ACC00419,ACC00447
TXN0016899,normal,,ACC00447,ACC00058
TXN0016900,normal,,ACC00447,ACC00114
TXN0016901,normal,,ACC00447,ACC00356
TXN0016902,normal,,ACC00447,ACC00139
TXN0016903,normal,,ACC00139,ACC00447
TXN0016904,normal,,ACC00447,ACC00419
TXN0016905,normal,,ACC00448,ACC00087
TXN0016906,normal,,ACC00321,ACC00448
TXN0016907,normal,,ACC00448,ACC00087
TXN0016908,normal,,ACC00057,ACC00448
TXN0016909,normal,,ACC00214,ACC00448
TXN0016910,normal,,ACC00440,ACC00448
TXN0016911,normal,,ACC00140,ACC00448
TXN0016912,normal,,ACC00448,ACC00140
TXN0016913,normal,,ACC00223,ACC00448
TXN0016914,normal,,ACC00440,ACC00448
TXN0016915,normal,,ACC00448,ACC00214
TXN0016916,normal,,ACC00248,ACC00448
TXN0016917,normal,,ACC00448,ACC00214
TXN0016918,normal,,ACC00248,ACC00448
TXN0016919,normal,,ACC00448,ACC00087
TXN0016920,normal,,ACC00440,ACC00448
TXN0016921,normal,,ACC00448,ACC00248
TXN0016922,normal,,ACC00448,ACC00491
TXN0016923,normal,,ACC00448,ACC00248
TXN0016924,normal,,ACC00313,ACC00448
TXN0016925,normal,,ACC00448,ACC00088
TXN0016926,normal,,ACC00448,ACC00088
TXN0016927,normal,,ACC00459,ACC00448
TXN0016928,normal,,ACC00248,ACC00448
TXN0016929,normal,,ACC00448,ACC00022
TXN0016930,normal,,ACC00214,ACC00448
TXN0016931,normal,,ACC00140,ACC00448
TXN0016932,normal,,ACC00489,ACC00448
TXN0016933,normal,,ACC00448,ACC00214
TXN0016934,normal,,ACC00088,ACC00448
TXN0016935,normal,,ACC00448,ACC00126
TXN0016936,normal,,ACC00448,ACC00248
TXN0016937,normal,,ACC00427,ACC00448
TXN0016938,normal,,ACC00448,ACC00313
TXN0016939,normal,,ACC00448,ACC00313
TXN0016940,normal,,ACC00313,ACC00448
TXN0016941,normal,,ACC00426,ACC00448
TXN0016942,normal,,ACC00087,ACC00448
TXN0016943,normal,,ACC00448,ACC00440
TXN0016944,normal,,ACC00440,ACC00448
TXN0016945,normal,,ACC00088,ACC00448
TXN0016946,normal,,ACC00448,ACC00088
TXN0016947,normal,,ACC00214,ACC00448
TXN0016948,normal,,ACC00448,ACC00255
TXN0016949,normal,,ACC00448,ACC00131
TXN0016950,normal,,ACC00440,ACC00448
TXN0016951,normal,,ACC00448,ACC00088
TXN0016952,normal,,ACC00216,ACC00448
TXN0016953,normal,,ACC00448,ACC00088
TXN0016954,normal,,ACC00214,ACC00448
TXN0016955,normal,,ACC00448,ACC00440
TXN0016956,normal,,ACC00459,ACC00448
TXN0016957,normal,,ACC00448,ACC00143
TXN0016958,normal,,ACC00248,ACC00448
TXN0016959,normal,,ACC00448,ACC00088
TXN0016960,normal,,ACC00187,ACC00449
TXN0016961,normal,,ACC00241,ACC00449
TXN0016962,normal,,ACC00228,ACC00449
TXN0016963,normal,,ACC00449,ACC00342
TXN0016964,normal,,ACC00250,ACC00449
TXN0016965,normal,,ACC00131,ACC00449
TXN0016966,normal,,ACC00187,ACC00449
TXN0016967,normal,,ACC00449,ACC00228
TXN0016968,normal,,ACC00145,ACC00449
TXN0016969,normal,,ACC00422,ACC00449
TXN0016970,normal,,ACC00449,ACC00250
TXN0016971,normal,,ACC00100,ACC00449
TXN0016972,normal,,ACC00100,ACC00449
TXN0016973,normal,,ACC00449,ACC00026
TXN0016974,normal,,ACC00228,ACC00449
TXN0016975,normal,,ACC00450,ACC00227
TXN0016976,normal,,ACC00450,ACC00262
TXN0016977,normal,,ACC00450,ACC00192
TXN0016978,normal,,ACC00450,ACC00371
TXN0016979,normal,,ACC00450,ACC00167
TXN0016980,normal,,ACC00234,ACC00450
TXN0016981,normal,,ACC00450,ACC00170
TXN0016982,normal,,ACC00234,ACC00450
TXN0016983,normal,,ACC00167,ACC00450
TXN0016984,normal,,ACC00450,ACC00262
TXN0016985,normal,,ACC00450,ACC00234
TXN0016986,normal,,ACC00450,ACC00286
TXN0016987,normal,,ACC00167,ACC00450
TXN0016988,normal,,ACC00106,ACC00450
TXN0016989,normal,,ACC00352,ACC00450
TXN0016990,normal,,ACC00197,ACC00450
TXN0016991,normal,,ACC00262,ACC00450
TXN0016992,normal,,ACC00197,ACC00450
TXN0016993,normal,,ACC00450,ACC00192
TXN0016994,normal,,ACC00262,ACC00450
TXN0016995,normal,,ACC00262,ACC00450
TXN0016996,normal,,ACC00227,ACC00450
TXN0016997,normal,,ACC00450,ACC00197
TXN0016998,normal,,ACC00450,ACC00170
TXN0016999,normal,,ACC00450,ACC00170
TXN0017000,normal,,ACC00217,ACC00450
TXN0017001,normal,,ACC00192,ACC00450
TXN0017002,normal,,ACC00217,ACC00450
TXN0017003,normal,,ACC00450,ACC00262
TXN0017004,normal,,ACC00450,ACC00192
TXN0017005,normal,,ACC00197,ACC00450
TXN0017006,normal,,ACC00192,ACC00450
TXN0017007,normal,,ACC00450,ACC00039
TXN0017008,normal,,ACC00450,ACC00192
TXN0017009,normal,,ACC00450,ACC00167
TXN0017010,normal,,ACC00262,ACC00450
TXN0017011,normal,,ACC00227,ACC00450
TXN0017012,normal,,ACC00500,ACC00450
TXN0017013,normal,,ACC00450,ACC00197
TXN0017014,normal,,ACC00167,ACC00450
TXN0017015,normal,,ACC00227,ACC00450
TXN0017016,normal,,ACC00234,ACC00450
TXN0017017,normal,,ACC00197,ACC00450
TXN0017018,normal,,ACC00450,ACC00217
TXN0017019,normal,,ACC00450,ACC00238
TXN0017020,normal,,ACC00167,ACC00450
TXN0017021,normal,,ACC00262,ACC00450
TXN0017022,normal,,ACC00217,ACC00450
TXN0017023,normal,,ACC00234,ACC00450
TXN0017024,normal,,ACC00170,ACC00450
TXN0017025,normal,,ACC00450,ACC00167
TXN0017026,normal,,ACC00450,ACC00019
TXN0017027,normal,,ACC00468,ACC00450
TXN0017028,normal,,ACC00450,ACC00180
TXN0017029,normal,,ACC00227,ACC00450
TXN0017030,normal,,ACC00418,ACC00450
TXN0017031,normal,,ACC00450,ACC00197
TXN0017032,normal,,ACC00450,ACC00227
TXN0017033,normal,,ACC00451,ACC00257
TXN0017034,normal,,ACC00180,ACC00451
TXN0017035,normal,,ACC00451,ACC00311
TXN0017036,normal,,ACC00451,ACC00353
TXN0017037,normal,,ACC00451,ACC00025
TXN0017038,normal,,ACC00353,ACC00451
TXN0017039,normal,,ACC00451,ACC00257
TXN0017040,normal,,ACC00353,ACC00451
TXN0017041,normal,,ACC00451,ACC00342
TXN0017042,normal,,ACC00451,ACC00493
TXN0017043,normal,,ACC00257,ACC00451
TXN0017044,normal,,ACC00311,ACC00451
TXN0017045,normal,,ACC00240,ACC00451
TXN0017046,normal,,ACC00451,ACC00311
TXN0017047,normal,,ACC00342,ACC00451
TXN0017048,normal,,ACC00103,ACC00451
TXN0017049,normal,,ACC00451,ACC00353
TXN0017050,normal,,ACC00342,ACC00451
TXN0017051,normal,,ACC00451,ACC00342
TXN0017052,normal,,ACC00180,ACC00451
TXN0017053,normal,,ACC00451,ACC00353
TXN0017054,normal,,ACC00451,ACC00025
TXN0017055,normal,,ACC00451,ACC00283
TXN0017056,normal,,ACC00311,ACC00451
TXN0017057,normal,,ACC00103,ACC00451
TXN0017058,normal,,ACC00103,ACC00451
TXN0017059,normal,,ACC00451,ACC00257
TXN0017060,normal,,ACC00147,ACC00451
TXN0017061,normal,,ACC00451,ACC00180
TXN0017062,normal,,ACC00451,ACC00486
TXN0017063,normal,,ACC00451,ACC00103
TXN0017064,normal,,ACC00493,ACC00451
TXN0017065,normal,,ACC00436,ACC00451
TXN0017066,normal,,ACC00451,ACC00025
TXN0017067,normal,,ACC00451,ACC00342
TXN0017068,normal,,ACC00451,ACC00355
TXN0017069,normal,,ACC00025,ACC00451
TXN0017070,normal,,ACC00103,ACC00451
TXN0017071,normal,,ACC00025,ACC00451
TXN0017072,normal,,ACC00257,ACC00451
TXN0017073,normal,,ACC00311,ACC00451
TXN0017074,normal,,ACC00451,ACC00311
TXN0017075,normal,,ACC00451,ACC00493
TXN0017076,normal,,ACC00451,ACC00342
TXN0017077,normal,,ACC00451,ACC00468
TXN0017078,normal,,ACC00451,ACC00353
TXN0017079,normal,,ACC00451,ACC00025
TXN0017080,normal,,ACC00451,ACC00257
TXN0017081,normal,,ACC00342,ACC00451
TXN0017082,normal,,ACC00257,ACC00451
TXN0017083,normal,,ACC00257,ACC00451
TXN0017084,normal,,ACC00451,ACC00311
TXN0017085,normal,,ACC00025,ACC00451
TXN0017086,normal,,ACC00025,ACC00451
TXN0017087,normal,,ACC00257,ACC00451
TXN0017088,normal,,ACC00451,ACC00025
TXN0017089,normal,,ACC00257,ACC00451
TXN0017090,normal,,ACC00060,ACC00452
TXN0017091,normal,,ACC00060,ACC00452
TXN0017092,normal,,ACC00425,ACC00452
TXN0017093,normal,,ACC00452,ACC00499
TXN0017094,normal,,ACC00425,ACC00452
TXN0017095,normal,,ACC00284,ACC00452
TXN0017096,normal,,ACC00311,ACC00452
TXN0017097,normal,,ACC00452,ACC00060
TXN0017098,normal,,ACC00425,ACC00452
TXN0017099,normal,,ACC00452,ACC00311
TXN0017100,normal,,ACC00452,ACC00311
TXN0017101,normal,,ACC00452,ACC00181
TXN0017102,normal,,ACC00060,ACC00452
TXN0017103,normal,,ACC00060,ACC00452
TXN0017104,normal,,ACC00452,ACC00181
TXN0017105,normal,,ACC00452,ACC00045
TXN0017106,normal,,ACC00452,ACC00060
TXN0017107,normal,,ACC00452,ACC00121
TXN0017108,normal,,ACC00181,ACC00452
TXN0017109,normal,,ACC00425,ACC00452
TXN0017110,normal,,ACC00452,ACC00181
TXN0017111,normal,,ACC00433,ACC00452
TXN0017112,normal,,ACC00452,ACC00425
TXN0017113,normal,,ACC00425,ACC00452
TXN0017114,normal,,ACC00452,ACC00311
TXN0017115,normal,,ACC00060,ACC00452
TXN0017116,normal,,ACC00181,ACC00452
TXN0017117,normal,,ACC00433,ACC00452
TXN0017118,normal,,ACC00452,ACC00433
TXN0017119,normal,,ACC00181,ACC00452
TXN0017120,normal,,ACC00452,ACC00408
TXN0017121,normal,,ACC00452,ACC00251
TXN0017122,normal,,ACC00181,ACC00452
TXN0017123,normal,,ACC00452,ACC00499
TXN0017124,normal,,ACC00452,ACC00032
TXN0017125,normal,,ACC00452,ACC00266
TXN0017126,normal,,ACC00425,ACC00452
TXN0017127,normal,,ACC00452,ACC00060
TXN0017128,normal,,ACC00425,ACC00452
TXN0017129,normal,,ACC00452,ACC00113
TXN0017130,normal,,ACC00452,ACC00499
TXN0017131,normal,,ACC00452,ACC00032
TXN0017132,normal,,ACC00181,ACC00452
TXN0017133,normal,,ACC00433,ACC00452
TXN0017134,normal,,ACC00499,ACC00452
TXN0017135,normal,,ACC00499,ACC00452
TXN0017136,normal,,ACC00452,ACC00499
TXN0017137,normal,,ACC00452,ACC00060
TXN0017138,normal,,ACC00453,ACC00402
TXN0017139,normal,,ACC00453,ACC00362
TXN0017140,normal,,ACC00470,ACC00453
TXN0017141,normal,,ACC00469,ACC00453
TXN0017142,normal,,ACC00453,ACC00093
TXN0017143,normal,,ACC00472,ACC00453
TXN0017144,normal,,ACC00453,ACC00381
TXN0017145,normal,,ACC00093,ACC00453
TXN0017146,normal,,ACC00453,ACC00472
TXN0017147,normal,,ACC00453,ACC00274
TXN0017148,normal,,ACC00469,ACC00453
TXN0017149,normal,,ACC00469,ACC00453
TXN0017150,normal,,ACC00453,ACC00402
TXN0017151,normal,,ACC00453,ACC00469
TXN0017152,normal,,ACC00453,ACC00286
TXN0017153,normal,,ACC00453,ACC00300
TXN0017154,normal,,ACC00093,ACC00453
TXN0017155,normal,,ACC00355,ACC00453
TXN0017156,normal,,ACC00453,ACC00274
TXN0017157,normal,,ACC00453,ACC00093
TXN0017158,normal,,ACC00286,ACC00453
TXN0017159,normal,,ACC00472,ACC00453
TXN0017160,normal,,ACC00093,ACC00453
TXN0017161,normal,,ACC00453,ACC00046
TXN0017162,normal,,ACC00469,ACC00453
TXN0017163,normal,,ACC00453,ACC00046
TXN0017164,normal,,ACC00283,ACC00453
TXN0017165,normal,,ACC00402,ACC00453
TXN0017166,normal,,ACC00453,ACC00469
TXN0017167,normal,,ACC00046,ACC00453
TXN0017168,normal,,ACC00453,ACC00206
TXN0017169,normal,,ACC00364,ACC00453
TXN0017170,normal,,ACC00453,ACC00469
TXN0017171,normal,,ACC00341,ACC00453
TXN0017172,normal,,ACC00453,ACC00402
TXN0017173,normal,,ACC00453,ACC00186
TXN0017174,normal,,ACC00274,ACC00453
TXN0017175,normal,,ACC00402,ACC00453
TXN0017176,normal,,ACC00453,ACC00469
TXN0017177,normal,,ACC00046,ACC00453
TXN0017178,normal,,ACC00453,ACC00362
TXN0017179,normal,,ACC00453,ACC00274
TXN0017180,normal,,ACC00402,ACC00453
TXN0017181,normal,,ACC00133,ACC00453
TXN0017182,normal,,ACC00315,ACC00453
TXN0017183,normal,,ACC00391,ACC00454
TXN0017184,normal,,ACC00003,ACC00454
TXN0017185,normal,,ACC00391,ACC00454
TXN0017186,normal,,ACC00454,ACC00095
TXN0017187,normal,,ACC00454,ACC00488
TXN0017188,normal,,ACC00454,ACC00456
TXN0017189,normal,,ACC00454,ACC00419
TXN0017190,normal,,ACC00454,ACC00095
TXN0017191,normal,,ACC00441,ACC00454
TXN0017192,normal,,ACC00072,ACC00454
TXN0017193,normal,,ACC00454,ACC00391
TXN0017194,normal,,ACC00441,ACC00454
TXN0017195,normal,,ACC00454,ACC00166
TXN0017196,normal,,ACC00166,ACC00454
TXN0017197,normal,,ACC00391,ACC00454
TXN0017198,normal,,ACC00488,ACC00454
TXN0017199,normal,,ACC00454,ACC00488
TXN0017200,normal,,ACC00241,ACC00454
TXN0017201,normal,,ACC00241,ACC00454
TXN0017202,normal,,ACC00454,ACC00072
TXN0017203,normal,,ACC00095,ACC00454
TXN0017204,normal,,ACC00454,ACC00474
TXN0017205,normal,,ACC00454,ACC00441
TXN0017206,normal,,ACC00454,ACC00441
TXN0017207,normal,,ACC00391,ACC00454
TXN0017208,normal,,ACC00454,ACC00090
TXN0017209,normal,,ACC00454,ACC00456
TXN0017210,normal,,ACC00454,ACC00191
TXN0017211,normal,,ACC00055,ACC00454
TXN0017212,normal,,ACC00456,ACC00454
TXN0017213,normal,,ACC00083,ACC00454
TXN0017214,normal,,ACC00241,ACC00454
TXN0017215,normal,,ACC00456,ACC00454
TXN0017216,normal,,ACC00488,ACC00454
TXN0017217,normal,,ACC00488,ACC00454
TXN0017218,normal,,ACC00454,ACC00166
TXN0017219,normal,,ACC00456,ACC00454
TXN0017220,normal,,ACC00454,ACC00166
TXN0017221,normal,,ACC00454,ACC00488
TXN0017222,normal,,ACC00454,ACC00241
TXN0017223,normal,,ACC00454,ACC00062
TXN0017224,normal,,ACC00095,ACC00454
TXN0017225,normal,,ACC00241,ACC00454
TXN0017226,normal,,ACC00488,ACC00454
TXN0017227,normal,,ACC00095,ACC00454
TXN0017228,normal,,ACC00454,ACC00300
TXN0017229,normal,,ACC00454,ACC00241
TXN0017230,normal,,ACC00454,ACC00488
TXN0017231,normal,,ACC00441,ACC00454
TXN0017232,normal,,ACC00441,ACC00454
TXN0017233,normal,,ACC00241,ACC00454
TXN0017234,normal,,ACC00455,ACC00401
TXN0017235,normal,,ACC00455,ACC00173
TXN0017236,normal,,ACC00332,ACC00455
TXN0017237,normal,,ACC00173,ACC00455
TXN0017238,normal,,ACC00345,ACC00455
TXN0017239,normal,,ACC00205,ACC00455
TXN0017240,normal,,ACC00148,ACC00455
TXN0017241,normal,,ACC00205,ACC00455
TXN0017242,normal,,ACC00455,ACC00490
TXN0017243,normal,,ACC00137,ACC00455
TXN0017244,normal,,ACC00455,ACC00345
TXN0017245,normal,,ACC00455,ACC00362
TXN0017246,normal,,ACC00362,ACC00455
TXN0017247,normal,,ACC00455,ACC00173
TXN0017248,normal,,ACC00455,ACC00370
TXN0017249,normal,,ACC00332,ACC00455
TXN0017250,normal,,ACC00471,ACC00455
TXN0017251,normal,,ACC00455,ACC00076
TXN0017252,normal,,ACC00435,ACC00455
TXN0017253,normal,,ACC00173,ACC00455
TXN0017254,normal,,ACC00455,ACC00118
TXN0017255,normal,,ACC00455,ACC00227
TXN0017256,normal,,ACC00455,ACC00148
TXN0017257,normal,,ACC00345,ACC00455
TXN0017258,normal,,ACC00455,ACC00118
TXN0017259,normal,,ACC00362,ACC00455
TXN0017260,normal,,ACC00455,ACC00345
TXN0017261,normal,,ACC00362,ACC00455
TXN0017262,normal,,ACC00455,ACC00173
TXN0017263,normal,,ACC00455,ACC00118
TXN0017264,normal,,ACC00148,ACC00455
TXN0017265,normal,,ACC00455,ACC00173
TXN0017266,normal,,ACC00455,ACC00173
TXN0017267,normal,,ACC00264,ACC00455
TXN0017268,normal,,ACC00385,ACC00455
TXN0017269,normal,,ACC00455,ACC00173
TXN0017270,normal,,ACC00455,ACC00118
TXN0017271,normal,,ACC00455,ACC00205
TXN0017272,normal,,ACC00383,ACC00456
TXN0017273,normal,,ACC00456,ACC00146
TXN0017274,normal,,ACC00342,ACC00456
TXN0017275,normal,,ACC00383,ACC00456
TXN0017276,normal,,ACC00456,ACC00017
TXN0017277,normal,,ACC00456,ACC00302
TXN0017278,normal,,ACC00456,ACC00437
TXN0017279,normal,,ACC00456,ACC00383
TXN0017280,normal,,ACC00456,ACC00467
TXN0017281,normal,,ACC00060,ACC00456
TXN0017282,normal,,ACC00456,ACC00302
TXN0017283,normal,,ACC00029,ACC00456
TXN0017284,normal,,ACC00437,ACC00456
TXN0017285,normal,,ACC00456,ACC00302
TXN0017286,normal,,ACC00126,ACC00456
TXN0017287,normal,,ACC00332,ACC00456
TXN0017288,normal,,ACC00456,ACC00302
TXN0017289,normal,,ACC00456,ACC00370
TXN0017290,normal,,ACC00370,ACC00456
TXN0017291,normal,,ACC00456,ACC00206
TXN0017292,normal,,ACC00456,ACC00331
TXN0017293,normal,,ACC00370,ACC00456
TXN0017294,normal,,ACC00370,ACC00456
TXN0017295,normal,,ACC00302,ACC00456
TXN0017296,normal,,ACC00383,ACC00456
TXN0017297,normal,,ACC00456,ACC00370
TXN0017298,normal,,ACC00467,ACC00456
TXN0017299,normal,,ACC00456,ACC00331
TXN0017300,normal,,ACC00146,ACC00456
TXN0017301,normal,,ACC00456,ACC00029
TXN0017302,normal,,ACC00456,ACC00383
TXN0017303,normal,,ACC00456,ACC00383
TXN0017304,normal,,ACC00457,ACC00284
TXN0017305,normal,,ACC00182,ACC00457
TXN0017306,normal,,ACC00457,ACC00284
TXN0017307,normal,,ACC00277,ACC00457
TXN0017308,normal,,ACC00310,ACC00457
TXN0017309,normal,,ACC00457,ACC00334
TXN0017310,normal,,ACC00203,ACC00457
TXN0017311,normal,,ACC00493,ACC00457
TXN0017312,normal,,ACC00123,ACC00457
TXN0017313,normal,,ACC00457,ACC00339
TXN0017314,normal,,ACC00457,ACC00312
TXN0017315,normal,,ACC00339,ACC00457
TXN0017316,normal,,ACC00387,ACC00457
TXN0017317,normal,,ACC00374,ACC00457
TXN0017318,normal,,ACC00457,ACC00339
TXN0017319,normal,,ACC00323,ACC00457
TXN0017320,normal,,ACC00374,ACC00457
TXN0017321,normal,,ACC00457,ACC00387
TXN0017322,normal,,ACC00457,ACC00346
TXN0017323,normal,,ACC00203,ACC00457
TXN0017324,normal,,ACC00284,ACC00457
TXN0017325,normal,,ACC00457,ACC00323
TXN0017326,normal,,ACC00457,ACC00107
TXN0017327,normal,,ACC00457,ACC00203
TXN0017328,normal,,ACC00493,ACC00457
TXN0017329,normal,,ACC00339,ACC00457
TXN0017330,normal,,ACC00457,ACC00387
TXN0017331,normal,,ACC00457,ACC00284
TXN0017332,normal,,ACC00203,ACC00457
TXN0017333,normal,,ACC00457,ACC00387
TXN0017334,normal,,ACC00323,ACC00457
TXN0017335,normal,,ACC00457,ACC00107
TXN0017336,normal,,ACC00057,ACC00457
TXN0017337,normal,,ACC00493,ACC00457
TXN0017338,normal,,ACC00284,ACC00457
TXN0017339,normal,,ACC00284,ACC00457
TXN0017340,normal,,ACC00457,ACC00284
TXN0017341,normal,,ACC00457,ACC00374
TXN0017342,normal,,ACC00457,ACC00308
TXN0017343,normal,,ACC00457,ACC00387
TXN0017344,normal,,ACC00457,ACC00387
TXN0017345,normal,,ACC00457,ACC00387
TXN0017346,normal,,ACC00457,ACC00339
TXN0017347,normal,,ACC00457,ACC00374
TXN0017348,normal,,ACC00457,ACC00387
TXN0017349,normal,,ACC00457,ACC00203
TXN0017350,normal,,ACC00107,ACC00457
TXN0017351,normal,,ACC00457,ACC00387
TXN0017352,normal,,ACC00457,ACC00339
TXN0017353,normal,,ACC00323,ACC00457
TXN0017354,normal,,ACC00387,ACC00457
TXN0017355,normal,,ACC00323,ACC00457
TXN0017356,normal,,ACC00457,ACC00203
TXN0017357,normal,,ACC00284,ACC00457
TXN0017358,normal,,ACC00457,ACC00387
TXN0017359,normal,,ACC00457,ACC00098
TXN0017360,normal,,ACC00457,ACC00107
TXN0017361,normal,,ACC00457,ACC00203
TXN0017362,normal,,ACC00457,ACC00407
TXN0017363,normal,,ACC00266,ACC00458
TXN0017364,normal,,ACC00039,ACC00458
TXN0017365,normal,,ACC00239,ACC00458
TXN0017366,normal,,ACC00401,ACC00458
TXN0017367,normal,,ACC00458,ACC00122
TXN0017368,normal,,ACC00458,ACC00011
TXN0017369,normal,,ACC00401,ACC00458
TXN0017370,normal,,ACC00458,ACC00213
TXN0017371,normal,,ACC00380,ACC00458
TXN0017372,normal,,ACC00458,ACC00103
TXN0017373,normal,,ACC00458,ACC00266
TXN0017374,normal,,ACC00027,ACC00458
TXN0017375,normal,,ACC00015,ACC00458
TXN0017376,normal,,ACC00209,ACC00458
TXN0017377,normal,,ACC00458,ACC00266
TXN0017378,normal,,ACC00371,ACC00458
TXN0017379,normal,,ACC00458,ACC00313
TXN0017380,normal,,ACC00311,ACC00458
TXN0017381,normal,,ACC00311,ACC00458
TXN0017382,normal,,ACC00266,ACC00458
TXN0017383,normal,,ACC00458,ACC00496
TXN0017384,normal,,ACC00458,ACC00371
TXN0017385,normal,,ACC00375,ACC00458
TXN0017386,normal,,ACC00496,ACC00458
TXN0017387,normal,,ACC00458,ACC00213
TXN0017388,normal,,ACC00380,ACC00458
TXN0017389,normal,,ACC00380,ACC00458
TXN0017390,normal,,ACC00458,ACC00266
TXN0017391,normal,,ACC00458,ACC00122
TXN0017392,normal,,ACC00458,ACC00380
TXN0017393,normal,,ACC00122,ACC00458
TXN0017394,normal,,ACC00011,ACC00458
TXN0017395,normal,,ACC00266,ACC00458
TXN0017396,normal,,ACC00458,ACC00213
TXN0017397,normal,,ACC00380,ACC00458
TXN0017398,normal,,ACC00458,ACC00496
TXN0017399,normal,,ACC00280,ACC00458
TXN0017400,normal,,ACC00261,ACC00458
TXN0017401,normal,,ACC00458,ACC00290
TXN0017402,normal,,ACC00458,ACC00220
TXN0017403,normal,,ACC00458,ACC00435
TXN0017404,normal,,ACC00380,ACC00458
TXN0017405,normal,,ACC00213,ACC00458
TXN0017406,normal,,ACC00458,ACC00122
TXN0017407,normal,,ACC00458,ACC00381
TXN0017408,normal,,ACC00459,ACC00123
TXN0017409,normal,,ACC00459,ACC00463
TXN0017410,normal,,ACC00338,ACC00459
TXN0017411,normal,,ACC00459,ACC00463
TXN0017412,normal,,ACC00123,ACC00459
TXN0017413,normal,,ACC00072,ACC00459
TXN0017414,normal,,ACC00459,ACC00338
TXN0017415,normal,,ACC00048,ACC00459
TXN0017416,normal,,ACC00459,ACC00302
TXN0017417,normal,,ACC00459,ACC00071
TXN0017418,normal,,ACC00459,ACC00098
TXN0017419,normal,,ACC00098,ACC00459
TXN0017420,normal,,ACC00459,ACC00302
TXN0017421,normal,,ACC00218,ACC00459
TXN0017422,normal,,ACC00306,ACC00459
TXN0017423,normal,,ACC00327,ACC00459
TXN0017424,normal,,ACC00459,ACC00306
TXN0017425,normal,,ACC00459,ACC00098
TXN0017426,normal,,ACC00459,ACC00123
TXN0017427,normal,,ACC00123,ACC00459
TXN0017428,normal,,ACC00218,ACC00459
TXN0017429,normal,,ACC00463,ACC00459
TXN0017430,normal,,ACC00459,ACC00463
TXN0017431,normal,,ACC00459,ACC00463
TXN0017432,normal,,ACC00123,ACC00459
TXN0017433,normal,,ACC00218,ACC00459
TXN0017434,normal,,ACC00291,ACC00459
TXN0017435,normal,,ACC00459,ACC00302
TXN0017436,normal,,ACC00191,ACC00459
TXN0017437,normal,,ACC00459,ACC00185
TXN0017438,normal,,ACC00235,ACC00459
TXN0017439,normal,,ACC00123,ACC00459
TXN0017440,normal,,ACC00459,ACC00123
TXN0017441,normal,,ACC00459,ACC00463
TXN0017442,normal,,ACC00459,ACC00103
TXN0017443,normal,,ACC00218,ACC00459
TXN0017444,normal,,ACC00459,ACC00338
TXN0017445,normal,,ACC00459,ACC00218
TXN0017446,normal,,ACC00338,ACC00459
TXN0017447,normal,,ACC00338,ACC00459
TXN0017448,normal,,ACC00459,ACC00235
TXN0017449,normal,,ACC00459,ACC00123
TXN0017450,normal,,ACC00459,ACC00302
TXN0017451,normal,,ACC00459,ACC00123
TXN0017452,normal,,ACC00460,ACC00205
TXN0017453,normal,,ACC00460,ACC00474
TXN0017454,normal,,ACC00460,ACC00467
TXN0017455,normal,,ACC00460,ACC00225
TXN0017456,normal,,ACC00460,ACC00254
TXN0017457,normal,,ACC00185,ACC00460
TXN0017458,normal,,ACC00460,ACC00444
TXN0017459,normal,,ACC00310,ACC00460
TXN0017460,normal,,ACC00185,ACC00460
TXN0017461,normal,,ACC00194,ACC00460
TXN0017462,normal,,ACC00460,ACC00444
TXN0017463,normal,,ACC00236,ACC00460
TXN0017464,normal,,ACC00460,ACC00474
TXN0017465,normal,,ACC00032,ACC00460
TXN0017466,normal,,ACC00074,ACC00460
TXN0017467,normal,,ACC00225,ACC00460
TXN0017468,normal,,ACC00225,ACC00460
TXN0017469,normal,,ACC00460,ACC00111
TXN0017470,normal,,ACC00185,ACC00460
TXN0017471,normal,,ACC00460,ACC00254
TXN0017472,normal,,ACC00460,ACC00111
TXN0017473,normal,,ACC00460,ACC00111
TXN0017474,normal,,ACC00444,ACC00460
TXN0017475,normal,,ACC00111,ACC00460
TXN0017476,normal,,ACC00460,ACC00254
TXN0017477,normal,,ACC00444,ACC00460
TXN0017478,normal,,ACC00460,ACC00225
TXN0017479,normal,,ACC00460,ACC00490
TXN0017480,normal,,ACC00407,ACC00460
TXN0017481,normal,,ACC00194,ACC00460
TXN0017482,normal,,ACC00225,ACC00460
TXN0017483,normal,,ACC00444,ACC00460
TXN0017484,normal,,ACC00460,ACC00185
TXN0017485,normal,,ACC00460,ACC00225
TXN0017486,normal,,ACC00358,ACC00460
TXN0017487,normal,,ACC00460,ACC00444
TXN0017488,normal,,ACC00185,ACC00460
TXN0017489,normal,,ACC00391,ACC00460
TXN0017490,normal,,ACC00310,ACC00460
TXN0017491,normal,,ACC00460,ACC00111
TXN0017492,normal,,ACC00460,ACC00444
TXN0017493,normal,,ACC00111,ACC00460
TXN0017494,normal,,ACC00461,ACC00460
TXN0017495,normal,,ACC00310,ACC00460
TXN0017496,normal,,ACC00185,ACC00460
TXN0017497,normal,,ACC00460,ACC00198
TXN0017498,normal,,ACC00460,ACC00111
TXN0017499,normal,,ACC00461,ACC00325
TXN0017500,normal,,ACC00461,ACC00490
TXN0017501,normal,,ACC00461,ACC00422
TXN0017502,normal,,ACC00429,ACC00461
TXN0017503,normal,,ACC00071,ACC00461
TXN0017504,normal,,ACC00461,ACC00473
TXN0017505,normal,,ACC00461,ACC00374
TXN0017506,normal,,ACC00461,ACC00052
TXN0017507,normal,,ACC00375,ACC00461
TXN0017508,normal,,ACC00429,ACC00461
TXN0017509,normal,,ACC00052,ACC00461
TXN0017510,normal,,ACC00461,ACC00374
TXN0017511,normal,,ACC00461,ACC00017
TXN0017512,normal,,ACC00374,ACC00461
TXN0017513,normal,,ACC00461,ACC00429
TXN0017514,normal,,ACC00061,ACC00461
TXN0017515,normal,,ACC00461,ACC00352
TXN0017516,normal,,ACC00462,ACC00453
TXN0017517,normal,,ACC00462,ACC00401
TXN0017518,normal,,ACC00462,ACC00385
TXN0017519,normal,,ACC00478,ACC00462
TXN0017520,normal,,ACC00462,ACC00478
TXN0017521,normal,,ACC00462,ACC00110
TXN0017522,normal,,ACC00462,ACC00385
TXN0017523,normal,,ACC00462,ACC00453
TXN0017524,normal,,ACC00230,ACC00462
TXN0017525,normal,,ACC00110,ACC00462
TXN0017526,normal,,ACC00462,ACC00385
TXN0017527,normal,,ACC00462,ACC00230
TXN0017528,normal,,ACC00110,ACC00462
TXN0017529,normal,,ACC00478,ACC00462
TXN0017530,normal,,ACC00110,ACC00462
TXN0017531,normal,,ACC00462,ACC00395
TXN0017532,normal,,ACC00366,ACC00462
TXN0017533,normal,,ACC00462,ACC00366
TXN0017534,normal,,ACC00462,ACC00385
TXN0017535,normal,,ACC00435,ACC00463
TXN0017536,normal,,ACC00463,ACC00334
TXN0017537,normal,,ACC00463,ACC00039
TXN0017538,normal,,ACC00076,ACC00463
TXN0017539,normal,,ACC00076,ACC00463
TXN0017540,normal,,ACC00459,ACC00463
TXN0017541,normal,,ACC00463,ACC00135
TXN0017542,normal,,ACC00076,ACC00463
TXN0017543,normal,,ACC00463,ACC00289
TXN0017544,normal,,ACC00463,ACC00179
TXN0017545,normal,,ACC00463,ACC00049
TXN0017546,normal,,ACC00463,ACC00289
TXN0017547,normal,,ACC00463,ACC00319
TXN0017548,normal,,ACC00049,ACC00463
TXN0017549,normal,,ACC00463,ACC00179
TXN0017550,normal,,ACC00463,ACC00076
TXN0017551,normal,,ACC00463,ACC00179
TXN0017552,normal,,ACC00289,ACC00463
TXN0017553,normal,,ACC00334,ACC00463
TXN0017554,normal,,ACC00289,ACC00463
TXN0017555,normal,,ACC00463,ACC00049
TXN0017556,normal,,ACC00463,ACC00039
TXN0017557,normal,,ACC00463,ACC00459
TXN0017558,normal,,ACC00049,ACC00463
TXN0017559,normal,,ACC00463,ACC00061
TXN0017560,normal,,ACC00463,ACC00015
TXN0017561,normal,,ACC00463,ACC00076
TXN0017562,normal,,ACC00463,ACC00179
TXN0017563,normal,,ACC00334,ACC00463
TXN0017564,normal,,ACC00118,ACC00463
TXN0017565,normal,,ACC00319,ACC00463
TXN0017566,normal,,ACC00459,ACC00463
TXN0017567,normal,,ACC00179,ACC00463
TXN0017568,normal,,ACC00319,ACC00463
TXN0017569,normal,,ACC00436,ACC00464
TXN0017570,normal,,ACC00464,ACC00068
TXN0017571,normal,,ACC00464,ACC00436
TXN0017572,normal,,ACC00436,ACC00464
TXN0017573,normal,,ACC00464,ACC00356
TXN0017574,normal,,ACC00436,ACC00464
TXN0017575,normal,,ACC00011,ACC00464
TXN0017576,normal,,ACC00452,ACC00464
TXN0017577,normal,,ACC00464,ACC00009
TXN0017578,normal,,ACC00464,ACC00011
TXN0017579,normal,,ACC00009,ACC00464
TXN0017580,normal,,ACC00464,ACC00376
TXN0017581,normal,,ACC00464,ACC00279
TXN0017582,normal,,ACC00464,ACC00436
TXN0017583,normal,,ACC00464,ACC00376
TXN0017584,normal,,ACC00464,ACC00376
TXN0017585,normal,,ACC00011,ACC00464
TXN0017586,normal,,ACC00464,ACC00436
TXN0017587,normal,,ACC00356,ACC00464
TXN0017588,normal,,ACC00011,ACC00464
TXN0017589,normal,,ACC00168,ACC00464
TXN0017590,normal,,ACC00464,ACC00009
TXN0017591,normal,,ACC00464,ACC00470
TXN0017592,normal,,ACC00465,ACC00246
TXN0017593,normal,,ACC00280,ACC00465
TXN0017594,normal,,ACC00055,ACC00465
TXN0017595,normal,,ACC00465,ACC00055
TXN0017596,normal,,ACC00465,ACC00163
TXN0017597,normal,,ACC00383,ACC00465
TXN0017598,normal,,ACC00465,ACC00246
TXN0017599,normal,,ACC00280,ACC00465
TXN0017600,normal,,ACC00465,ACC00163
TXN0017601,normal,,ACC00465,ACC00464
TXN0017602,normal,,ACC00465,ACC00324
TXN0017603,normal,,ACC00465,ACC00205
TXN0017604,normal,,ACC00465,ACC00163
TXN0017605,normal,,ACC00205,ACC00465
TXN0017606,normal,,ACC00100,ACC00465
TXN0017607,normal,,ACC00141,ACC00465
TXN0017608,normal,,ACC00324,ACC00465
TXN0017609,normal,,ACC00409,ACC00465
TXN0017610,normal,,ACC00465,ACC00409
TXN0017611,normal,,ACC00280,ACC00465
TXN0017612,normal,,ACC00465,ACC00280
TXN0017613,normal,,ACC00464,ACC00465
TXN0017614,normal,,ACC00464,ACC00465
TXN0017615,normal,,ACC00465,ACC00053
TXN0017616,normal,,ACC00465,ACC00280
TXN0017617,normal,,ACC00464,ACC00465
TXN0017618,normal,,ACC00465,ACC00464
TXN0017619,normal,,ACC00465,ACC00205
TXN0017620,normal,,ACC00465,ACC00055
TXN0017621,normal,,ACC00465,ACC00324
TXN0017622,normal,,ACC00465,ACC00335
TXN0017623,normal,,ACC00465,ACC00375
TXN0017624,normal,,ACC00465,ACC00455
TXN0017625,normal,,ACC00140,ACC00465
TXN0017626,normal,,ACC00280,ACC00465
TXN0017627,normal,,ACC00465,ACC00205
TXN0017628,normal,,ACC00465,ACC00205
TXN0017629,normal,,ACC00465,ACC00055
TXN0017630,normal,,ACC00465,ACC00409
TXN0017631,normal,,ACC00465,ACC00246
TXN0017632,normal,,ACC00311,ACC00465
TXN0017633,normal,,ACC00465,ACC00348
TXN0017634,normal,,ACC00465,ACC00118
TXN0017635,normal,,ACC00465,ACC00464
TXN0017636,normal,,ACC00408,ACC00466
TXN0017637,normal,,ACC00302,ACC00466
TXN0017638,normal,,ACC00466,ACC00208
TXN0017639,normal,,ACC00466,ACC00249
TXN0017640,normal,,ACC00249,ACC00466
TXN0017641,normal,,ACC00466,ACC00249
TXN0017642,normal,,ACC00466,ACC00469
TXN0017643,normal,,ACC00466,ACC00059
TXN0017644,normal,,ACC00469,ACC00466
TXN0017645,normal,,ACC00466,ACC00302
TXN0017646,normal,,ACC00408,ACC00466
TXN0017647,normal,,ACC00466,ACC00469
TXN0017648,normal,,ACC00302,ACC00466
TXN0017649,normal,,ACC00106,ACC00466
TXN0017650,normal,,ACC00302,ACC00466
TXN0017651,normal,,ACC00302,ACC00466
TXN0017652,normal,,ACC00408,ACC00466
TXN0017653,normal,,ACC00466,ACC00059
TXN0017654,normal,,ACC00408,ACC00466
TXN0017655,normal,,ACC00059,ACC00466
TXN0017656,normal,,ACC00170,ACC00466
TXN0017657,normal,,ACC00328,ACC00466
TXN0017658,normal,,ACC00249,ACC00466
TXN0017659,normal,,ACC00466,ACC00302
TXN0017660,normal,,ACC00302,ACC00466
TXN0017661,normal,,ACC00466,ACC00170
TXN0017662,normal,,ACC00408,ACC00466
TXN0017663,normal,,ACC00026,ACC00466
TXN0017664,normal,,ACC00469,ACC00466
TXN0017665,normal,,ACC00106,ACC00466
TXN0017666,normal,,ACC00466,ACC00106
TXN0017667,normal,,ACC00466,ACC00208
TXN0017668,normal,,ACC00106,ACC00466
TXN0017669,normal,,ACC00238,ACC00466
TXN0017670,normal,,ACC00466,ACC00469
TXN0017671,normal,,ACC00106,ACC00466
TXN0017672,normal,,ACC00466,ACC00170
TXN0017673,normal,,ACC00208,ACC00466
TXN0017674,normal,,ACC00466,ACC00302
TXN0017675,normal,,ACC00466,ACC00130
TXN0017676,normal,,ACC00466,ACC00441
TXN0017677,normal,,ACC00170,ACC00466
TXN0017678,normal,,ACC00285,ACC00466
TXN0017679,normal,,ACC00170,ACC00466
TXN0017680,normal,,ACC00466,ACC00059
TXN0017681,normal,,ACC00346,ACC00466
TXN0017682,normal,,ACC00466,ACC00408
TXN0017683,normal,,ACC00302,ACC00466
TXN0017684,normal,,ACC00466,ACC00059
TXN0017685,normal,,ACC00466,ACC00106
TXN0017686,normal,,ACC00208,ACC00466
TXN0017687,normal,,ACC00059,ACC00466
TXN0017688,normal,,ACC00208,ACC00466
TXN0017689,normal,,ACC00466,ACC00408
TXN0017690,normal,,ACC00190,ACC00467
TXN0017691,normal,,ACC00467,ACC00190
TXN0017692,normal,,ACC00101,ACC00467
TXN0017693,normal,,ACC00017,ACC00467
TXN0017694,normal,,ACC00467,ACC00017
TXN0017695,normal,,ACC00467,ACC00103
TXN0017696,normal,,ACC00103,ACC00467
TXN0017697,normal,,ACC00474,ACC00467
TXN0017698,normal,,ACC00467,ACC00190
TXN0017699,normal,,ACC00467,ACC00017
TXN0017700,normal,,ACC00343,ACC00467
TXN0017701,normal,,ACC00467,ACC00116
TXN0017702,normal,,ACC00017,ACC00467
TXN0017703,normal,,ACC00073,ACC00467
TXN0017704,normal,,ACC00467,ACC00190
TXN0017705,normal,,ACC00103,ACC00467
TXN0017706,normal,,ACC00467,ACC00017
TXN0017707,normal,,ACC00116,ACC00467
TXN0017708,normal,,ACC00467,ACC00116
TXN0017709,normal,,ACC00116,ACC00467
TXN0017710,normal,,ACC00343,ACC00467
TXN0017711,normal,,ACC00467,ACC00343
TXN0017712,normal,,ACC00467,ACC00017
TXN0017713,normal,,ACC00116,ACC00467
TXN0017714,normal,,ACC00467,ACC00017
TXN0017715,normal,,ACC00474,ACC00467
TXN0017716,normal,,ACC00467,ACC00073
TXN0017717,normal,,ACC00467,ACC00343
TXN0017718,normal,,ACC00116,ACC00467
TXN0017719,normal,,ACC00467,ACC00073
TXN0017720,normal,,ACC00357,ACC00467
TXN0017721,normal,,ACC00467,ACC00343
TXN0017722,normal,,ACC00467,ACC00190
TXN0017723,normal,,ACC00373,ACC00467
TXN0017724,normal,,ACC00017,ACC00467
TXN0017725,normal,,ACC00474,ACC00467
TXN0017726,normal,,ACC00190,ACC00467
TXN0017727,normal,,ACC00373,ACC00467
TXN0017728,normal,,ACC00440,ACC00468
TXN0017729,normal,,ACC00440,ACC00468
TXN0017730,normal,,ACC00468,ACC00062
TXN0017731,normal,,ACC00302,ACC00468
TXN0017732,normal,,ACC00468,ACC00131
TXN0017733,normal,,ACC00455,ACC00468
TXN0017734,normal,,ACC00372,ACC00468
TXN0017735,normal,,ACC00468,ACC00436
TXN0017736,normal,,ACC00387,ACC00468
TXN0017737,normal,,ACC00440,ACC00468
TXN0017738,normal,,ACC00468,ACC00455
TXN0017739,normal,,ACC00062,ACC00468
TXN0017740,normal,,ACC00062,ACC00468
TXN0017741,normal,,ACC00468,ACC00302
TXN0017742,normal,,ACC00468,ACC00062
TXN0017743,normal,,ACC00468,ACC00153
TXN0017744,normal,,ACC00131,ACC00468
TXN0017745,normal,,ACC00062,ACC00468
TXN0017746,normal,,ACC00468,ACC00302
TXN0017747,normal,,ACC00256,ACC00468
TXN0017748,normal,,ACC00468,ACC00440
TXN0017749,normal,,ACC00015,ACC00468
TXN0017750,normal,,ACC00468,ACC00062
TXN0017751,normal,,ACC00468,ACC00216
TXN0017752,normal,,ACC00468,ACC00455
TXN0017753,normal,,ACC00468,ACC00015
TXN0017754,normal,,ACC00062,ACC00468
TXN0017755,normal,,ACC00440,ACC00468
TXN0017756,normal,,ACC00256,ACC00468
TXN0017757,normal,,ACC00468,ACC00015
TXN0017758,normal,,ACC00468,ACC00440
TXN0017759,normal,,ACC00387,ACC00468
TXN0017760,normal,,ACC00468,ACC00452
TXN0017761,normal,,ACC00468,ACC00440
TXN0017762,normal,,ACC00455,ACC00468
TXN0017763,normal,,ACC00468,ACC00302
TXN0017764,normal,,ACC00468,ACC00015
TXN0017765,normal,,ACC00131,ACC00468
TXN0017766,normal,,ACC00468,ACC00440
TXN0017767,normal,,ACC00002,ACC00468
TXN0017768,normal,,ACC00329,ACC00468
TXN0017769,normal,,ACC00468,ACC00108
TXN0017770,normal,,ACC00015,ACC00468
TXN0017771,normal,,ACC00096,ACC00468
TXN0017772,normal,,ACC00015,ACC00468
TXN0017773,normal,,ACC00445,ACC00468
TXN0017774,normal,,ACC00468,ACC00387
TXN0017775,normal,,ACC00062,ACC00468
TXN0017776,normal,,ACC00302,ACC00468
TXN0017777,normal,,ACC00387,ACC00468
TXN0017778,normal,,ACC00468,ACC00440
TXN0017779,normal,,ACC00455,ACC00468
TXN0017780,normal,,ACC00469,ACC00432
TXN0017781,normal,,ACC00469,ACC00432
TXN0017782,normal,,ACC00469,ACC00326
TXN0017783,normal,,ACC00469,ACC00038
TXN0017784,normal,,ACC00469,ACC00194
TXN0017785,normal,,ACC00469,ACC00096
TXN0017786,normal,,ACC00469,ACC00010
TXN0017787,normal,,ACC00469,ACC00214
TXN0017788,normal,,ACC00469,ACC00194
TXN0017789,normal,,ACC00469,ACC00054
TXN0017790,normal,,ACC00469,ACC00432
TXN0017791,normal,,ACC00405,ACC00469
TXN0017792,normal,,ACC00057,ACC00469
TXN0017793,normal,,ACC00469,ACC00362
TXN0017794,normal,,ACC00096,ACC00469
TXN0017795,normal,,ACC00469,ACC00111
TXN0017796,normal,,ACC00326,ACC00469
TXN0017797,normal,,ACC00469,ACC00194
TXN0017798,normal,,ACC00469,ACC00136
TXN0017799,normal,,ACC00194,ACC00469
TXN0017800,normal,,ACC00469,ACC00432
TXN0017801,normal,,ACC00467,ACC00469
TXN0017802,normal,,ACC00469,ACC00111
TXN0017803,normal,,ACC00469,ACC00449
TXN0017804,normal,,ACC00262,ACC00469
TXN0017805,normal,,ACC00311,ACC00469
TXN0017806,normal,,ACC00469,ACC00412
TXN0017807,normal,,ACC00023,ACC00469
TXN0017808,normal,,ACC00432,ACC00469
TXN0017809,normal,,ACC00194,ACC00469
TXN0017810,normal,,ACC00469,ACC00096
TXN0017811,normal,,ACC00136,ACC00469
TXN0017812,normal,,ACC00469,ACC00395
TXN0017813,normal,,ACC00469,ACC00038
TXN0017814,normal,,ACC00214,ACC00469
TXN0017815,normal,,ACC00326,ACC00469
TXN0017816,normal,,ACC00469,ACC00214
TXN0017817,normal,,ACC00214,ACC00469
TXN0017818,normal,,ACC00392,ACC00469
TXN0017819,normal,,ACC00469,ACC00194
TXN0017820,normal,,ACC00469,ACC00432
TXN0017821,normal,,ACC00469,ACC00415
TXN0017822,normal,,ACC00136,ACC00469
TXN0017823,normal,,ACC00469,ACC00136
TXN0017824,normal,,ACC00469,ACC00194
TXN0017825,normal,,ACC00096,ACC00469
TXN0017826,normal,,ACC00469,ACC00038
TXN0017827,normal,,ACC00214,ACC00469
TXN0017828,normal,,ACC00469,ACC00280
TXN0017829,normal,,ACC00469,ACC00096
TXN0017830,normal,,ACC00469,ACC00096
TXN0017831,normal,,ACC00096,ACC00469
TXN0017832,normal,,ACC00469,ACC00326
TXN0017833,normal,,ACC00214,ACC00469
TXN0017834,normal,,ACC00470,ACC00391
TXN0017835,normal,,ACC00096,ACC00470
TXN0017836,normal,,ACC00397,ACC00470
TXN0017837,normal,,ACC00470,ACC00397
TXN0017838,normal,,ACC00470,ACC00219
TXN0017839,normal,,ACC00229,ACC00470
TXN0017840,normal,,ACC00470,ACC00397
TXN0017841,normal,,ACC00407,ACC00470
TXN0017842,normal,,ACC00439,ACC00470
TXN0017843,normal,,ACC00407,ACC00470
TXN0017844,normal,,ACC00343,ACC00470
TXN0017845,normal,,ACC00429,ACC00470
TXN0017846,normal,,ACC00151,ACC00470
TXN0017847,normal,,ACC00350,ACC00470
TXN0017848,normal,,ACC00470,ACC00223
TXN0017849,normal,,ACC00470,ACC00113
TXN0017850,normal,,ACC00470,ACC00344
TXN0017851,normal,,ACC00041,ACC00470
TXN0017852,normal,,ACC00470,ACC00038
TXN0017853,normal,,ACC00421,ACC00470
TXN0017854,normal,,ACC00470,ACC00407
TXN0017855,normal,,ACC00470,ACC00479
TXN0017856,normal,,ACC00076,ACC00470
TXN0017857,normal,,ACC00219,ACC00470
TXN0017858,normal,,ACC00397,ACC00470
TXN0017859,normal,,ACC00407,ACC00470
TXN0017860,normal,,ACC00096,ACC00470
TXN0017861,normal,,ACC00470,ACC00397
TXN0017862,normal,,ACC00350,ACC00470
TXN0017863,normal,,ACC00433,ACC00470
TXN0017864,normal,,ACC00470,ACC00219
TXN0017865,normal,,ACC00470,ACC00439
TXN0017866,normal,,ACC00470,ACC00219
TXN0017867,normal,,ACC00470,ACC00397
TXN0017868,normal,,ACC00470,ACC00096
TXN0017869,normal,,ACC00219,ACC00470
TXN0017870,normal,,ACC00470,ACC00248
TXN0017871,normal,,ACC00470,ACC00439
TXN0017872,normal,,ACC00470,ACC00443
TXN0017873,normal,,ACC00470,ACC00439
TXN0017874,normal,,ACC00470,ACC00439
TXN0017875,normal,,ACC00219,ACC00470
TXN0017876,normal,,ACC00470,ACC00176
TXN0017877,normal,,ACC00137,ACC00470
TXN0017878,normal,,ACC00458,ACC00471
TXN0017879,normal,,ACC00471,ACC00191
TXN0017880,normal,,ACC00471,ACC00191
TXN0017881,normal,,ACC00167,ACC00471
TXN0017882,normal,,ACC00471,ACC00291
TXN0017883,normal,,ACC00258,ACC00471
TXN0017884,normal,,ACC00438,ACC00471
TXN0017885,normal,,ACC00471,ACC00167
TXN0017886,normal,,ACC00222,ACC00471
TXN0017887,normal,,ACC00167,ACC00471
TXN0017888,normal,,ACC00362,ACC00471
TXN0017889,normal,,ACC00471,ACC00167
TXN0017890,normal,,ACC00471,ACC00191
TXN0017891,normal,,ACC00471,ACC00128
TXN0017892,normal,,ACC00128,ACC00471
TXN0017893,normal,,ACC00471,ACC00344
TXN0017894,normal,,ACC00362,ACC00471
TXN0017895,normal,,ACC00260,ACC00472
TXN0017896,normal,,ACC00268,ACC00472
TXN0017897,normal,,ACC00472,ACC00110
TXN0017898,normal,,ACC00472,ACC00222
TXN0017899,normal,,ACC00430,ACC00472
TXN0017900,normal,,ACC00472,ACC00287
TXN0017901,normal,,ACC00472,ACC00360
TXN0017902,normal,,ACC00260,ACC00472
TXN0017903,normal,,ACC00472,ACC00287
TXN0017904,normal,,ACC00472,ACC00360
TXN0017905,normal,,ACC00472,ACC00254
TXN0017906,normal,,ACC00472,ACC00454
TXN0017907,normal,,ACC00472,ACC00085
TXN0017908,normal,,ACC00360,ACC00472
TXN0017909,normal,,ACC00472,ACC00430
TXN0017910,normal,,ACC00260,ACC00472
TXN0017911,normal,,ACC00472,ACC00384
TXN0017912,normal,,ACC00260,ACC00472
TXN0017913,normal,,ACC00430,ACC00472
TXN0017914,normal,,ACC00110,ACC00472
TXN0017915,normal,,ACC00456,ACC00472
TXN0017916,normal,,ACC00287,ACC00472
TXN0017917,normal,,ACC00287,ACC00472
TXN0017918,normal,,ACC00472,ACC00287
TXN0017919,normal,,ACC00472,ACC00360
TXN0017920,normal,,ACC00472,ACC00430
TXN0017921,normal,,ACC00325,ACC00472
TXN0017922,normal,,ACC00268,ACC00472
TXN0017923,normal,,ACC00472,ACC00360
TXN0017924,normal,,ACC00260,ACC00472
TXN0017925,normal,,ACC00110,ACC00472
TXN0017926,normal,,ACC00472,ACC00283
TXN0017927,normal,,ACC00472,ACC00260
TXN0017928,normal,,ACC00360,ACC00472
TXN0017929,normal,,ACC00268,ACC00472
TXN0017930,normal,,ACC00472,ACC00287
TXN0017931,normal,,ACC00472,ACC00350
TXN0017932,normal,,ACC00472,ACC00110
TXN0017933,normal,,ACC00287,ACC00472
TXN0017934,normal,,ACC00008,ACC00472
TXN0017935,normal,,ACC00360,ACC00472
TXN0017936,normal,,ACC00472,ACC00333
TXN0017937,normal,,ACC00472,ACC00333
TXN0017938,normal,,ACC00132,ACC00472
TXN0017939,normal,,ACC00110,ACC00472
TXN0017940,normal,,ACC00430,ACC00472
TXN0017941,normal,,ACC00472,ACC00360
TXN0017942,normal,,ACC00389,ACC00472
TXN0017943,normal,,ACC00472,ACC00259
TXN0017944,normal,,ACC00472,ACC00248
TXN0017945,normal,,ACC00360,ACC00472
TXN0017946,normal,,ACC00260,ACC00472
TXN0017947,normal,,ACC00472,ACC00360
TXN0017948,normal,,ACC00472,ACC00110
TXN0017949,normal,,ACC00359,ACC00472
TXN0017950,normal,,ACC00066,ACC00472
TXN0017951,normal,,ACC00472,ACC00195
TXN0017952,normal,,ACC00473,ACC00198
TXN0017953,normal,,ACC00242,ACC00473
TXN0017954,normal,,ACC00473,ACC00164
TXN0017955,normal,,ACC00276,ACC00473
TXN0017956,normal,,ACC00473,ACC00164
TXN0017957,normal,,ACC00390,ACC00473
TXN0017958,normal,,ACC00198,ACC00473
TXN0017959,normal,,ACC00473,ACC00390
TXN0017960,normal,,ACC00289,ACC00473
TXN0017961,normal,,ACC00473,ACC00164
TXN0017962,normal,,ACC00473,ACC00324
TXN0017963,normal,,ACC00324,ACC00473
TXN0017964,normal,,ACC00025,ACC00473
TXN0017965,normal,,ACC00473,ACC00164
TXN0017966,normal,,ACC00473,ACC00115
TXN0017967,normal,,ACC00328,ACC00473
TXN0017968,normal,,ACC00289,ACC00473
TXN0017969,normal,,ACC00473,ACC00198
TXN0017970,normal,,ACC00473,ACC00198
TXN0017971,normal,,ACC00198,ACC00473
TXN0017972,normal,,ACC00025,ACC00473
TXN0017973,normal,,ACC00060,ACC00473
TXN0017974,normal,,ACC00473,ACC00198
TXN0017975,normal,,ACC00473,ACC00289
TXN0017976,normal,,ACC00473,ACC00345
TXN0017977,normal,,ACC00473,ACC00399
TXN0017978,normal,,ACC00473,ACC00198
TXN0017979,normal,,ACC00473,ACC00115
TXN0017980,normal,,ACC00008,ACC00473
TXN0017981,normal,,ACC00473,ACC00198
TXN0017982,normal,,ACC00289,ACC00473
TXN0017983,normal,,ACC00473,ACC00355
TXN0017984,normal,,ACC00473,ACC00198
TXN0017985,normal,,ACC00473,ACC00390
TXN0017986,normal,,ACC00062,ACC00473
TXN0017987,normal,,ACC00198,ACC00473
TXN0017988,normal,,ACC00473,ACC00115
TXN0017989,normal,,ACC00198,ACC00473
TXN0017990,normal,,ACC00473,ACC00441
TXN0017991,normal,,ACC00473,ACC00198
TXN0017992,normal,,ACC00473,ACC00164
TXN0017993,normal,,ACC00001,ACC00473
TXN0017994,normal,,ACC00473,ACC00263
TXN0017995,normal,,ACC00473,ACC00390
TXN0017996,normal,,ACC00115,ACC00473
TXN0017997,normal,,ACC00310,ACC00473
TXN0017998,normal,,ACC00473,ACC00138
TXN0017999,normal,,ACC00473,ACC00289
TXN0018000,normal,,ACC00473,ACC00062
TXN0018001,normal,,ACC00473,ACC00324
TXN0018002,normal,,ACC00473,ACC00062
TXN0018003,normal,,ACC00474,ACC00225
TXN0018004,normal,,ACC00474,ACC00373
TXN0018005,normal,,ACC00393,ACC00474
TXN0018006,normal,,ACC00129,ACC00474
TXN0018007,normal,,ACC00393,ACC00474
TXN0018008,normal,,ACC00288,ACC00474
TXN0018009,normal,,ACC00474,ACC00337
TXN0018010,normal,,ACC00474,ACC00101
TXN0018011,normal,,ACC00474,ACC00204
TXN0018012,normal,,ACC00474,ACC00129
TXN0018013,normal,,ACC00474,ACC00393
TXN0018014,normal,,ACC00288,ACC00474
TXN0018015,normal,,ACC00288,ACC00474
TXN0018016,normal,,ACC00474,ACC00225
TXN0018017,normal,,ACC00474,ACC00225
TXN0018018,normal,,ACC00474,ACC00288
TXN0018019,normal,,ACC00474,ACC00288
TXN0018020,normal,,ACC00474,ACC00225
TXN0018021,normal,,ACC00474,ACC00393
TXN0018022,normal,,ACC00204,ACC00474
TXN0018023,normal,,ACC00474,ACC00225
TXN0018024,normal,,ACC00474,ACC00204
TXN0018025,normal,,ACC00474,ACC00393
TXN0018026,normal,,ACC00474,ACC00321
TXN0018027,normal,,ACC00332,ACC00474
TXN0018028,normal,,ACC00474,ACC00225
TXN0018029,normal,,ACC00432,ACC00474
TXN0018030,normal,,ACC00225,ACC00474
TXN0018031,normal,,ACC00408,ACC00474
TXN0018032,normal,,ACC00474,ACC00437
TXN0018033,normal,,ACC00146,ACC00474
TXN0018034,normal,,ACC00204,ACC00474
TXN0018035,normal,,ACC00474,ACC00393
TXN0018036,normal,,ACC00474,ACC00338
TXN0018037,normal,,ACC00449,ACC00474
TXN0018038,normal,,ACC00287,ACC00474
TXN0018039,normal,,ACC00408,ACC00474
TXN0018040,normal,,ACC00474,ACC00204
TXN0018041,normal,,ACC00474,ACC00408
TXN0018042,normal,,ACC00474,ACC00204
TXN0018043,normal,,ACC00474,ACC00408
TXN0018044,normal,,ACC00287,ACC00474
TXN0018045,normal,,ACC00474,ACC00225
TXN0018046,normal,,ACC00474,ACC00263
TXN0018047,normal,,ACC00474,ACC00287
TXN0018048,normal,,ACC00474,ACC00263
TXN0018049,normal,,ACC00474,ACC00263
TXN0018050,normal,,ACC00474,ACC00225
TXN0018051,normal,,ACC00474,ACC00288
TXN0018052,normal,,ACC00474,ACC00129
TXN0018053,normal,,ACC00225,ACC00474
TXN0018054,normal,,ACC00474,ACC00263
TXN0018055,normal,,ACC00474,ACC00225
TXN0018056,normal,,ACC00129,ACC00474
TXN0018057,normal,,ACC00475,ACC00101
TXN0018058,normal,,ACC00475,ACC00101
TXN0018059,normal,,ACC00475,ACC00470
TXN0018060,normal,,ACC00345,ACC00475
TXN0018061,normal,,ACC00212,ACC00475
TXN0018062,normal,,ACC00475,ACC00101
TXN0018063,normal,,ACC00246,ACC00475
TXN0018064,normal,,ACC00342,ACC00475
TXN0018065,normal,,ACC00475,ACC00101
TXN0018066,normal,,ACC00475,ACC00264
TXN0018067,normal,,ACC00475,ACC00345
TXN0018068,normal,,ACC00475,ACC00030
TXN0018069,normal,,ACC00475,ACC00003
TXN0018070,normal,,ACC00475,ACC00470
TXN0018071,normal,,ACC00475,ACC00191
TXN0018072,normal,,ACC00475,ACC00101
TXN0018073,normal,,ACC00475,ACC00438
TXN0018074,normal,,ACC00475,ACC00345
TXN0018075,normal,,ACC00475,ACC00101
TXN0018076,normal,,ACC00475,ACC00101
TXN0018077,normal,,ACC00475,ACC00484
TXN0018078,normal,,ACC00475,ACC00101
TXN0018079,normal,,ACC00128,ACC00475
TXN0018080,normal,,ACC00475,ACC00101
TXN0018081,normal,,ACC00475,ACC00212
TXN0018082,normal,,ACC00475,ACC00438
TXN0018083,normal,,ACC00475,ACC00319
TXN0018084,normal,,ACC00475,ACC00438
TXN0018085,normal,,ACC00475,ACC00212
TXN0018086,normal,,ACC00102,ACC00476
TXN0018087,normal,,ACC00476,ACC00010
TXN0018088,normal,,ACC00188,ACC00476
TXN0018089,normal,,ACC00419,ACC00476
TXN0018090,normal,,ACC00128,ACC00476
TXN0018091,normal,,ACC00476,ACC00369
TXN0018092,normal,,ACC00476,ACC00193
TXN0018093,normal,,ACC00476,ACC00292
TXN0018094,normal,,ACC00476,ACC00128
TXN0018095,normal,,ACC00168,ACC00476
TXN0018096,normal,,ACC00188,ACC00476
TXN0018097,normal,,ACC00476,ACC00193
TXN0018098,normal,,ACC00168,ACC00476
TXN0018099,normal,,ACC00476,ACC00188
TXN0018100,normal,,ACC00369,ACC00476
TXN0018101,normal,,ACC00390,ACC00476
TXN0018102,normal,,ACC00476,ACC00193
TXN0018103,normal,,ACC00193,ACC00476
TXN0018104,normal,,ACC00476,ACC00390
TXN0018105,normal,,ACC00025,ACC00476
TXN0018106,normal,,ACC00476,ACC00168
TXN0018107,normal,,ACC00476,ACC00262
TXN0018108,normal,,ACC00168,ACC00476
TXN0018109,normal,,ACC00476,ACC00168
TXN0018110,normal,,ACC00193,ACC00476
TXN0018111,normal,,ACC00092,ACC00476
TXN0018112,normal,,ACC00193,ACC00476
TXN0018113,normal,,ACC00419,ACC00476
TXN0018114,normal,,ACC00476,ACC00193
TXN0018115,normal,,ACC00092,ACC00476
TXN0018116,normal,,ACC00168,ACC00476
TXN0018117,normal,,ACC00325,ACC00476
TXN0018118,normal,,ACC00128,ACC00476
TXN0018119,normal,,ACC00193,ACC00476
TXN0018120,normal,,ACC00369,ACC00476
TXN0018121,normal,,ACC00476,ACC00193
TXN0018122,normal,,ACC00188,ACC00476
TXN0018123,normal,,ACC00419,ACC00476
TXN0018124,normal,,ACC00476,ACC00168
TXN0018125,normal,,ACC00390,ACC00476
TXN0018126,normal,,ACC00128,ACC00476
TXN0018127,normal,,ACC00476,ACC00254
TXN0018128,normal,,ACC00128,ACC00476
TXN0018129,normal,,ACC00476,ACC00128
TXN0018130,normal,,ACC00476,ACC00004
TXN0018131,normal,,ACC00477,ACC00019
TXN0018132,normal,,ACC00477,ACC00262
TXN0018133,normal,,ACC00477,ACC00280
TXN0018134,normal,,ACC00477,ACC00161
TXN0018135,normal,,ACC00477,ACC00262
TXN0018136,normal,,ACC00262,ACC00477
TXN0018137,normal,,ACC00477,ACC00346
TXN0018138,normal,,ACC00477,ACC00262
TXN0018139,normal,,ACC00112,ACC00477
TXN0018140,normal,,ACC00019,ACC00477
TXN0018141,normal,,ACC00477,ACC00146
TXN0018142,normal,,ACC00146,ACC00477
TXN0018143,normal,,ACC00476,ACC00477
TXN0018144,normal,,ACC00477,ACC00347
TXN0018145,normal,,ACC00477,ACC00294
TXN0018146,normal,,ACC00477,ACC00187
TXN0018147,normal,,ACC00477,ACC00161
TXN0018148,normal,,ACC00347,ACC00477
TXN0018149,normal,,ACC00477,ACC00346
TXN0018150,normal,,ACC00477,ACC00146
TXN0018151,normal,,ACC00092,ACC00477
TXN0018152,normal,,ACC00347,ACC00477
TXN0018153,normal,,ACC00477,ACC00019
TXN0018154,normal,,ACC00428,ACC00477
TXN0018155,normal,,ACC00477,ACC00346
TXN0018156,normal,,ACC00294,ACC00477
TXN0018157,normal,,ACC00294,ACC00477
TXN0018158,normal,,ACC00248,ACC00477
TXN0018159,normal,,ACC00477,ACC00262
TXN0018160,normal,,ACC00477,ACC00019
TXN0018161,normal,,ACC00262,ACC00477
TXN0018162,normal,,ACC00477,ACC00294
TXN0018163,normal,,ACC00280,ACC00477
TXN0018164,normal,,ACC00477,ACC00019
TXN0018165,normal,,ACC00478,ACC00252
TXN0018166,normal,,ACC00478,ACC00252
TXN0018167,normal,,ACC00478,ACC00444
TXN0018168,normal,,ACC00117,ACC00478
TXN0018169,normal,,ACC00478,ACC00252
TXN0018170,normal,,ACC00252,ACC00478
TXN0018171,normal,,ACC00459,ACC00478
TXN0018172,normal,,ACC00378,ACC00478
TXN0018173,normal,,ACC00064,ACC00478
TXN0018174,normal,,ACC00478,ACC00378
TXN0018175,normal,,ACC00378,ACC00478
TXN0018176,normal,,ACC00339,ACC00478
TXN0018177,normal,,ACC00021,ACC00478
TXN0018178,normal,,ACC00478,ACC00290
TXN0018179,normal,,ACC00064,ACC00478
TXN0018180,normal,,ACC00021,ACC00478
TXN0018181,normal,,ACC00478,ACC00444
TXN0018182,normal,,ACC00478,ACC00437
TXN0018183,normal,,ACC00478,ACC00378
TXN0018184,normal,,ACC00444,ACC00478
TXN0018185,normal,,ACC00422,ACC00478
TXN0018186,normal,,ACC00478,ACC00444
TXN0018187,normal,,ACC00273,ACC00478
TXN0018188,normal,,ACC00252,ACC00478
TXN0018189,normal,,ACC00021,ACC00478
TXN0018190,normal,,ACC00444,ACC00478
TXN0018191,normal,,ACC00444,ACC00478
TXN0018192,normal,,ACC00478,ACC00002
TXN0018193,normal,,ACC00478,ACC00021
TXN0018194,normal,,ACC00478,ACC00154
TXN0018195,normal,,ACC00377,ACC00478
TXN0018196,normal,,ACC00378,ACC00478
TXN0018197,normal,,ACC00478,ACC00021
TXN0018198,normal,,ACC00011,ACC00478
TXN0018199,normal,,ACC00478,ACC00140
TXN0018200,normal,,ACC00459,ACC00478
TXN0018201,normal,,ACC00478,ACC00378
TXN0018202,normal,,ACC00478,ACC00021
TXN0018203,normal,,ACC00378,ACC00478
TXN0018204,normal,,ACC00378,ACC00478
TXN0018205,normal,,ACC00478,ACC00414
TXN0018206,normal,,ACC00478,ACC00252
TXN0018207,normal,,ACC00064,ACC00478
TXN0018208,normal,,ACC00077,ACC00478
TXN0018209,normal,,ACC00339,ACC00478
TXN0018210,normal,,ACC00011,ACC00478
TXN0018211,normal,,ACC00011,ACC00478
TXN0018212,normal,,ACC00444,ACC00478
TXN0018213,normal,,ACC00478,ACC00045
TXN0018214,normal,,ACC00478,ACC00459
TXN0018215,normal,,ACC00478,ACC00444
TXN0018216,normal,,ACC00478,ACC00252
TXN0018217,normal,,ACC00011,ACC00478
TXN0018218,normal,,ACC00444,ACC00478
TXN0018219,normal,,ACC00055,ACC00478
TXN0018220,normal,,ACC00021,ACC00478
TXN0018221,normal,,ACC00478,ACC00273
TXN0018222,normal,,ACC00479,ACC00157
TXN0018223,normal,,ACC00017,ACC00479
TXN0018224,normal,,ACC00017,ACC00479
TXN0018225,normal,,ACC00439,ACC00479
TXN0018226,normal,,ACC00479,ACC00272
TXN0018227,normal,,ACC00479,ACC00272
TXN0018228,normal,,ACC00479,ACC00017
TXN0018229,normal,,ACC00479,ACC00272
TXN0018230,normal,,ACC00116,ACC00479
TXN0018231,normal,,ACC00479,ACC00272
TXN0018232,normal,,ACC00479,ACC00084
TXN0018233,normal,,ACC00285,ACC00479
TXN0018234,normal,,ACC00084,ACC00479
TXN0018235,normal,,ACC00479,ACC00157
TXN0018236,normal,,ACC00479,ACC00196
TXN0018237,normal,,ACC00479,ACC00017
TXN0018238,normal,,ACC00479,ACC00271
TXN0018239,normal,,ACC00479,ACC00271
TXN0018240,normal,,ACC00163,ACC00479
TXN0018241,normal,,ACC00479,ACC00157
TXN0018242,normal,,ACC00479,ACC00122
TXN0018243,normal,,ACC00084,ACC00479
TXN0018244,normal,,ACC00479,ACC00271
TXN0018245,normal,,ACC00479,ACC00196
TXN0018246,normal,,ACC00479,ACC00157
TXN0018247,normal,,ACC00157,ACC00479
TXN0018248,normal,,ACC00479,ACC00414
TXN0018249,normal,,ACC00304,ACC00479
TXN0018250,normal,,ACC00479,ACC00209
TXN0018251,normal,,ACC00479,ACC00272
TXN0018252,normal,,ACC00084,ACC00479
TXN0018253,normal,,ACC00196,ACC00479
TXN0018254,normal,,ACC00157,ACC00479
TXN0018255,normal,,ACC00479,ACC00260
TXN0018256,normal,,ACC00443,ACC00479
TXN0018257,normal,,ACC00479,ACC00285
TXN0018258,normal,,ACC00480,ACC00440
TXN0018259,normal,,ACC00033,ACC00480
TXN0018260,normal,,ACC00480,ACC00033
TXN0018261,normal,,ACC00480,ACC00116
TXN0018262,normal,,ACC00480,ACC00499
TXN0018263,normal,,ACC00480,ACC00033
TXN0018264,normal,,ACC00440,ACC00480
TXN0018265,normal,,ACC00344,ACC00480
TXN0018266,normal,,ACC00223,ACC00480
TXN0018267,normal,,ACC00036,ACC00480
TXN0018268,normal,,ACC00223,ACC00480
TXN0018269,normal,,ACC00121,ACC00480
TXN0018270,normal,,ACC00036,ACC00480
TXN0018271,normal,,ACC00480,ACC00223
TXN0018272,normal,,ACC00480,ACC00353
TXN0018273,normal,,ACC00033,ACC00480
TXN0018274,normal,,ACC00480,ACC00499
TXN0018275,normal,,ACC00036,ACC00480
TXN0018276,normal,,ACC00480,ACC00440
TXN0018277,normal,,ACC00480,ACC00277
TXN0018278,normal,,ACC00223,ACC00480
TXN0018279,normal,,ACC00480,ACC00036
TXN0018280,normal,,ACC00499,ACC00480
TXN0018281,normal,,ACC00204,ACC00480
TXN0018282,normal,,ACC00223,ACC00480
TXN0018283,normal,,ACC00480,ACC00204
TXN0018284,normal,,ACC00365,ACC00481
TXN0018285,normal,,ACC00481,ACC00219
TXN0018286,normal,,ACC00481,ACC00026
TXN0018287,normal,,ACC00396,ACC00481
TXN0018288,normal,,ACC00186,ACC00481
TXN0018289,normal,,ACC00481,ACC00219
TXN0018290,normal,,ACC00467,ACC00481
TXN0018291,normal,,ACC00229,ACC00481
TXN0018292,normal,,ACC00481,ACC00026
TXN0018293,normal,,ACC00481,ACC00170
TXN0018294,normal,,ACC00186,ACC00481
TXN0018295,normal,,ACC00481,ACC00378
TXN0018296,normal,,ACC00481,ACC00253
TXN0018297,normal,,ACC00481,ACC00396
TXN0018298,normal,,ACC00481,ACC00396
TXN0018299,normal,,ACC00396,ACC00481
TXN0018300,normal,,ACC00481,ACC00206
TXN0018301,normal,,ACC00481,ACC00026
TXN0018302,normal,,ACC00365,ACC00481
TXN0018303,normal,,ACC00219,ACC00481
TXN0018304,normal,,ACC00481,ACC00186
TXN0018305,normal,,ACC00309,ACC00481
TXN0018306,normal,,ACC00170,ACC00481
TXN0018307,normal,,ACC00481,ACC00484
TXN0018308,normal,,ACC00481,ACC00186
TXN0018309,normal,,ACC00481,ACC00170
TXN0018310,normal,,ACC00481,ACC00219
TXN0018311,normal,,ACC00481,ACC00484
TXN0018312,normal,,ACC00026,ACC00481
TXN0018313,normal,,ACC00170,ACC00481
TXN0018314,normal,,ACC00481,ACC00219
TXN0018315,normal,,ACC00465,ACC00481
TXN0018316,normal,,ACC00481,ACC00170
TXN0018317,normal,,ACC00481,ACC00434
TXN0018318,normal,,ACC00481,ACC00186
TXN0018319,normal,,ACC00481,ACC00465
TXN0018320,normal,,ACC00465,ACC00481
TXN0018321,normal,,ACC00365,ACC00481
TXN0018322,normal,,ACC00481,ACC00416
TXN0018323,normal,,ACC00484,ACC00481
TXN0018324,normal,,ACC00170,ACC00481
TXN0018325,normal,,ACC00170,ACC00481
TXN0018326,normal,,ACC00481,ACC00219
TXN0018327,normal,,ACC00396,ACC00481
TXN0018328,normal,,ACC00465,ACC00481
TXN0018329,normal,,ACC00226,ACC00482
TXN0018330,normal,,ACC00482,ACC00105
TXN0018331,normal,,ACC00492,ACC00482
TXN0018332,normal,,ACC00037,ACC00482
TXN0018333,normal,,ACC00482,ACC00179
TXN0018334,normal,,ACC00011,ACC00482
TXN0018335,normal,,ACC00482,ACC00120
TXN0018336,normal,,ACC00482,ACC00037
TXN0018337,normal,,ACC00071,ACC00482
TXN0018338,normal,,ACC00482,ACC00321
TXN0018339,normal,,ACC00482,ACC00071
TXN0018340,normal,,ACC00226,ACC00482
TXN0018341,normal,,ACC00482,ACC00037
TXN0018342,normal,,ACC00482,ACC00321
TXN0018343,normal,,ACC00482,ACC00105
TXN0018344,normal,,ACC00105,ACC00482
TXN0018345,normal,,ACC00482,ACC00071
TXN0018346,normal,,ACC00105,ACC00482
TXN0018347,normal,,ACC00482,ACC00245
TXN0018348,normal,,ACC00071,ACC00482
TXN0018349,normal,,ACC00482,ACC00105
TXN0018350,normal,,ACC00482,ACC00071
TXN0018351,normal,,ACC00482,ACC00245
TXN0018352,normal,,ACC00321,ACC00482
TXN0018353,normal,,ACC00482,ACC00105
TXN0018354,normal,,ACC00492,ACC00482
TXN0018355,normal,,ACC00482,ACC00037
TXN0018356,normal,,ACC00482,ACC00037
TXN0018357,normal,,ACC00482,ACC00245
TXN0018358,normal,,ACC00321,ACC00482
TXN0018359,normal,,ACC00105,ACC00482
TXN0018360,normal,,ACC00450,ACC00482
TXN0018361,normal,,ACC00058,ACC00482
TXN0018362,normal,,ACC00482,ACC00271
TXN0018363,normal,,ACC00305,ACC00482
TXN0018364,normal,,ACC00321,ACC00482
TXN0018365,normal,,ACC00482,ACC00105
TXN0018366,normal,,ACC00482,ACC00105
TXN0018367,normal,,ACC00071,ACC00482
TXN0018368,normal,,ACC00458,ACC00483
TXN0018369,normal,,ACC00458,ACC00483
TXN0018370,normal,,ACC00483,ACC00458
TXN0018371,normal,,ACC00483,ACC00277
TXN0018372,normal,,ACC00483,ACC00458
TXN0018373,normal,,ACC00483,ACC00458
TXN0018374,normal,,ACC00443,ACC00483
TXN0018375,normal,,ACC00483,ACC00277
TXN0018376,normal,,ACC00483,ACC00368
TXN0018377,normal,,ACC00402,ACC00483
TXN0018378,normal,,ACC00277,ACC00483
TXN0018379,normal,,ACC00242,ACC00483
TXN0018380,normal,,ACC00483,ACC00443
TXN0018381,normal,,ACC00407,ACC00483
TXN0018382,normal,,ACC00483,ACC00350
TXN0018383,normal,,ACC00242,ACC00483
TXN0018384,normal,,ACC00350,ACC00483
TXN0018385,normal,,ACC00443,ACC00483
TXN0018386,normal,,ACC00170,ACC00483
TXN0018387,normal,,ACC00483,ACC00391
TXN0018388,normal,,ACC00483,ACC00105
TXN0018389,normal,,ACC00157,ACC00483
TXN0018390,normal,,ACC00443,ACC00483
TXN0018391,normal,,ACC00483,ACC00301
TXN0018392,normal,,ACC00483,ACC00036
TXN0018393,normal,,ACC00483,ACC00127
TXN0018394,normal,,ACC00483,ACC00105
TXN0018395,normal,,ACC00407,ACC00483
TXN0018396,normal,,ACC00483,ACC00458
TXN0018397,normal,,ACC00242,ACC00483
TXN0018398,normal,,ACC00483,ACC00157
TXN0018399,normal,,ACC00350,ACC00483
TXN0018400,normal,,ACC00105,ACC00483
TXN0018401,normal,,ACC00483,ACC00120
TXN0018402,normal,,ACC00484,ACC00204
TXN0018403,normal,,ACC00484,ACC00316
TXN0018404,normal,,ACC00485,ACC00484
TXN0018405,normal,,ACC00484,ACC00377
TXN0018406,normal,,ACC00485,ACC00484
TXN0018407,normal,,ACC00484,ACC00075
TXN0018408,normal,,ACC00195,ACC00484
TXN0018409,normal,,ACC00484,ACC00066
TXN0018410,normal,,ACC00484,ACC00296
TXN0018411,normal,,ACC00484,ACC00485
TXN0018412,normal,,ACC00485,ACC00484
TXN0018413,normal,,ACC00334,ACC00484
TXN0018414,normal,,ACC00296,ACC00484
TXN0018415,normal,,ACC00484,ACC00377
TXN0018416,normal,,ACC00484,ACC00188
TXN0018417,normal,,ACC00066,ACC00484
TXN0018418,normal,,ACC00484,ACC00265
TXN0018419,normal,,ACC00188,ACC00484
TXN0018420,normal,,ACC00225,ACC00484
TXN0018421,normal,,ACC00484,ACC00066
TXN0018422,normal,,ACC00484,ACC00188
TXN0018423,normal,,ACC00079,ACC00484
TXN0018424,normal,,ACC00296,ACC00484
TXN0018425,normal,,ACC00484,ACC00485
TXN0018426,normal,,ACC00066,ACC00484
TXN0018427,normal,,ACC00484,ACC00188
TXN0018428,normal,,ACC00484,ACC00066
TXN0018429,normal,,ACC00424,ACC00484
TXN0018430,normal,,ACC00195,ACC00484
TXN0018431,normal,,ACC00484,ACC00296
TXN0018432,normal,,ACC00484,ACC00114
TXN0018433,normal,,ACC00296,ACC00484
TXN0018434,normal,,ACC00484,ACC00296
TXN0018435,normal,,ACC00454,ACC00484
TXN0018436,normal,,ACC00484,ACC00195
TXN0018437,normal,,ACC00484,ACC00249
TXN0018438,normal,,ACC00484,ACC00377
TXN0018439,normal,,ACC00296,ACC00484
TXN0018440,normal,,ACC00485,ACC00272
TXN0018441,normal,,ACC00485,ACC00083
TXN0018442,normal,,ACC00104,ACC00485
TXN0018443,normal,,ACC00272,ACC00485
TXN0018444,normal,,ACC00267,ACC00485
TXN0018445,normal,,ACC00485,ACC00355
TXN0018446,normal,,ACC00485,ACC00059
TXN0018447,normal,,ACC00485,ACC00256
TXN0018448,normal,,ACC00267,ACC00485
TXN0018449,normal,,ACC00155,ACC00485
TXN0018450,normal,,ACC00128,ACC00485
TXN0018451,normal,,ACC00485,ACC00493
TXN0018452,normal,,ACC00485,ACC00493
TXN0018453,normal,,ACC00493,ACC00485
TXN0018454,normal,,ACC00272,ACC00485
TXN0018455,normal,,ACC00168,ACC00485
TXN0018456,normal,,ACC00154,ACC00485
TXN0018457,normal,,ACC00272,ACC00485
TXN0018458,normal,,ACC00485,ACC00267
TXN0018459,normal,,ACC00267,ACC00485
TXN0018460,normal,,ACC00485,ACC00168
TXN0018461,normal,,ACC00485,ACC00466
TXN0018462,normal,,ACC00485,ACC00155
TXN0018463,normal,,ACC00059,ACC00485
TXN0018464,normal,,ACC00168,ACC00485
TXN0018465,normal,,ACC00267,ACC00485
TXN0018466,normal,,ACC00485,ACC00272
TXN0018467,normal,,ACC00059,ACC00485
TXN0018468,normal,,ACC00267,ACC00485
TXN0018469,normal,,ACC00059,ACC00485
TXN0018470,normal,,ACC00485,ACC00050
TXN0018471,normal,,ACC00485,ACC00493
TXN0018472,normal,,ACC00493,ACC00485
TXN0018473,normal,,ACC00267,ACC00485
TXN0018474,normal,,ACC00267,ACC00485
TXN0018475,normal,,ACC00168,ACC00485
TXN0018476,normal,,ACC00272,ACC00485
TXN0018477,normal,,ACC00272,ACC00485
TXN0018478,normal,,ACC00466,ACC00485
TXN0018479,normal,,ACC00493,ACC00485
TXN0018480,normal,,ACC00485,ACC00059
TXN0018481,normal,,ACC00466,ACC00485
TXN0018482,normal,,ACC00485,ACC00272
TXN0018483,normal,,ACC00237,ACC00485
TXN0018484,normal,,ACC00485,ACC00272
TXN0018485,normal,,ACC00371,ACC00486
TXN0018486,normal,,ACC00471,ACC00486
TXN0018487,normal,,ACC00195,ACC00486
TXN0018488,normal,,ACC00486,ACC00371
TXN0018489,normal,,ACC00203,ACC00486
TXN0018490,normal,,ACC00486,ACC00400
TXN0018491,normal,,ACC00486,ACC00456
TXN0018492,normal,,ACC00486,ACC00203
TXN0018493,normal,,ACC00486,ACC00335
TXN0018494,normal,,ACC00486,ACC00203
TXN0018495,normal,,ACC00216,ACC00486
TXN0018496,normal,,ACC00486,ACC00471
TXN0018497,normal,,ACC00471,ACC00486
TXN0018498,normal,,ACC00400,ACC00486
TXN0018499,normal,,ACC00236,ACC00486
TXN0018500,normal,,ACC00042,ACC00486
TXN0018501,normal,,ACC00486,ACC00464
TXN0018502,normal,,ACC00486,ACC00209
TXN0018503,normal,,ACC00209,ACC00486
TXN0018504,normal,,ACC00209,ACC00486
TXN0018505,normal,,ACC00486,ACC00277
TXN0018506,normal,,ACC00486,ACC00428
TXN0018507,normal,,ACC00126,ACC00486
TXN0018508,normal,,ACC00486,ACC00371
TXN0018509,normal,,ACC00278,ACC00486
TXN0018510,normal,,ACC00486,ACC00195
TXN0018511,normal,,ACC00471,ACC00486
TXN0018512,normal,,ACC00471,ACC00486
TXN0018513,normal,,ACC00486,ACC00471
TXN0018514,normal,,ACC00486,ACC00371
TXN0018515,normal,,ACC00179,ACC00486
TXN0018516,normal,,ACC00179,ACC00486
TXN0018517,normal,,ACC00400,ACC00486
TXN0018518,normal,,ACC00486,ACC00400
TXN0018519,normal,,ACC00179,ACC00486
TXN0018520,normal,,ACC00486,ACC00400
TXN0018521,normal,,ACC00179,ACC00486
TXN0018522,normal,,ACC00203,ACC00486
TXN0018523,normal,,ACC00486,ACC00400
TXN0018524,normal,,ACC00486,ACC00179
TXN0018525,normal,,ACC00486,ACC00209
TXN0018526,normal,,ACC00209,ACC00486
TXN0018527,normal,,ACC00486,ACC00203
TXN0018528,normal,,ACC00486,ACC00400
TXN0018529,normal,,ACC00476,ACC00486
TXN0018530,normal,,ACC00400,ACC00486
TXN0018531,normal,,ACC00203,ACC00486
TXN0018532,normal,,ACC00209,ACC00486
TXN0018533,normal,,ACC00486,ACC00277
TXN0018534,normal,,ACC00486,ACC00277
TXN0018535,normal,,ACC00065,ACC00486
TXN0018536,normal,,ACC00400,ACC00486
TXN0018537,normal,,ACC00400,ACC00486
TXN0018538,normal,,ACC00282,ACC00486
TXN0018539,normal,,ACC00487,ACC00322
TXN0018540,normal,,ACC00487,ACC00312
TXN0018541,normal,,ACC00104,ACC00487
TXN0018542,normal,,ACC00487,ACC00002
TXN0018543,normal,,ACC00487,ACC00002
TXN0018544,normal,,ACC00269,ACC00487
TXN0018545,normal,,ACC00487,ACC00004
TXN0018546,normal,,ACC00487,ACC00002
TXN0018547,normal,,ACC00322,ACC00487
TXN0018548,normal,,ACC00312,ACC00487
TXN0018549,normal,,ACC00487,ACC00312
TXN0018550,normal,,ACC00487,ACC00042
TXN0018551,normal,,ACC00383,ACC00487
TXN0018552,normal,,ACC00487,ACC00312
TXN0018553,normal,,ACC00487,ACC00486
TXN0018554,normal,,ACC00312,ACC00487
TXN0018555,normal,,ACC00042,ACC00487
TXN0018556,normal,,ACC00042,ACC00487
TXN0018557,normal,,ACC00487,ACC00313
TXN0018558,normal,,ACC00487,ACC00222
TXN0018559,normal,,ACC00308,ACC00487
TXN0018560,normal,,ACC00487,ACC00002
TXN0018561,normal,,ACC00487,ACC00002
TXN0018562,normal,,ACC00004,ACC00487
TXN0018563,normal,,ACC00487,ACC00448
TXN0018564,normal,,ACC00487,ACC00322
TXN0018565,normal,,ACC00004,ACC00487
TXN0018566,normal,,ACC00487,ACC00042
TXN0018567,normal,,ACC00487,ACC00073
TXN0018568,normal,,ACC00487,ACC00313
TXN0018569,normal,,ACC00487,ACC00004
TXN0018570,normal,,ACC00312,ACC00487
TXN0018571,normal,,ACC00002,ACC00487
TXN0018572,normal,,ACC00107,ACC00487
TXN0018573,normal,,ACC00107,ACC00487
TXN0018574,normal,,ACC00487,ACC00312
TXN0018575,normal,,ACC00002,ACC00487
TXN0018576,normal,,ACC00002,ACC00487
TXN0018577,normal,,ACC00042,ACC00487
TXN0018578,normal,,ACC00487,ACC00312
TXN0018579,normal,,ACC00487,ACC00167
TXN0018580,normal,,ACC00004,ACC00487
TXN0018581,normal,,ACC00487,ACC00159
TXN0018582,normal,,ACC00002,ACC00487
TXN0018583,normal,,ACC00141,ACC00487
TXN0018584,normal,,ACC00487,ACC00322
TXN0018585,normal,,ACC00487,ACC00312
TXN0018586,normal,,ACC00487,ACC00042
TXN0018587,normal,,ACC00184,ACC00487
TXN0018588,normal,,ACC00002,ACC00487
TXN0018589,normal,,ACC00312,ACC00487
TXN0018590,normal,,ACC00487,ACC00042
TXN0018591,normal,,ACC00219,ACC00487
TXN0018592,normal,,ACC00004,ACC00487
TXN0018593,normal,,ACC00487,ACC00107
TXN0018594,normal,,ACC00217,ACC00487
TXN0018595,normal,,ACC00042,ACC00487
TXN0018596,normal,,ACC00487,ACC00002
TXN0018597,normal,,ACC00219,ACC00487
TXN0018598,normal,,ACC00142,ACC00487
TXN0018599,normal,,ACC00488,ACC00144
TXN0018600,normal,,ACC00488,ACC00206
TXN0018601,normal,,ACC00432,ACC00488
TXN0018602,normal,,ACC00096,ACC00488
TXN0018603,normal,,ACC00488,ACC00059
TXN0018604,normal,,ACC00096,ACC00488
TXN0018605,normal,,ACC00488,ACC00436
TXN0018606,normal,,ACC00488,ACC00261
TXN0018607,normal,,ACC00488,ACC00436
TXN0018608,normal,,ACC00436,ACC00488
TXN0018609,normal,,ACC00059,ACC00488
TXN0018610,normal,,ACC00488,ACC00441
TXN0018611,normal,,ACC00488,ACC00281
TXN0018612,normal,,ACC00488,ACC00441
TXN0018613,normal,,ACC00488,ACC00064
TXN0018614,normal,,ACC00488,ACC00341
TXN0018615,normal,,ACC00488,ACC00441
TXN0018616,normal,,ACC00488,ACC00413
TXN0018617,normal,,ACC00488,ACC00410
TXN0018618,normal,,ACC00267,ACC00488
TXN0018619,normal,,ACC00488,ACC00124
TXN0018620,normal,,ACC00017,ACC00488
TXN0018621,normal,,ACC00413,ACC00488
TXN0018622,normal,,ACC00265,ACC00488
TXN0018623,normal,,ACC00488,ACC00096
TXN0018624,normal,,ACC00441,ACC00488
TXN0018625,normal,,ACC00096,ACC00488
TXN0018626,normal,,ACC00488,ACC00441
TXN0018627,normal,,ACC00488,ACC00059
TXN0018628,normal,,ACC00468,ACC00488
TXN0018629,normal,,ACC00108,ACC00488
TXN0018630,normal,,ACC00488,ACC00059
TXN0018631,normal,,ACC00244,ACC00488
TXN0018632,normal,,ACC00488,ACC00017
TXN0018633,normal,,ACC00488,ACC00147
TXN0018634,normal,,ACC00124,ACC00488
TXN0018635,normal,,ACC00488,ACC00017
TXN0018636,normal,,ACC00124,ACC00488
TXN0018637,normal,,ACC00441,ACC00488
TXN0018638,normal,,ACC00005,ACC00489
TXN0018639,normal,,ACC00489,ACC00163
TXN0018640,normal,,ACC00489,ACC00339
TXN0018641,normal,,ACC00090,ACC00489
TXN0018642,normal,,ACC00293,ACC00489
TXN0018643,normal,,ACC00489,ACC00422
TXN0018644,normal,,ACC00489,ACC00429
TXN0018645,normal,,ACC00489,ACC00459
TXN0018646,normal,,ACC00489,ACC00459
TXN0018647,normal,,ACC00163,ACC00489
TXN0018648,normal,,ACC00489,ACC00374
TXN0018649,normal,,ACC00489,ACC00339
TXN0018650,normal,,ACC00429,ACC00489
TXN0018651,normal,,ACC00339,ACC00489
TXN0018652,normal,,ACC00429,ACC00489
TXN0018653,normal,,ACC00489,ACC00177
TXN0018654,normal,,ACC00489,ACC00159
TXN0018655,normal,,ACC00459,ACC00489
TXN0018656,normal,,ACC00120,ACC00489
TXN0018657,normal,,ACC00255,ACC00489
TXN0018658,normal,,ACC00489,ACC00459
TXN0018659,normal,,ACC00429,ACC00489
TXN0018660,normal,,ACC00489,ACC00255
TXN0018661,normal,,ACC00489,ACC00163
TXN0018662,normal,,ACC00489,ACC00163
TXN0018663,normal,,ACC00489,ACC00486
TXN0018664,normal,,ACC00163,ACC00489
TXN0018665,normal,,ACC00429,ACC00489
TXN0018666,normal,,ACC00489,ACC00090
TXN0018667,normal,,ACC00489,ACC00459
TXN0018668,normal,,ACC00489,ACC00339
TXN0018669,normal,,ACC00489,ACC00090
TXN0018670,normal,,ACC00459,ACC00489
TXN0018671,normal,,ACC00090,ACC00489
TXN0018672,normal,,ACC00339,ACC00489
TXN0018673,normal,,ACC00489,ACC00459
TXN0018674,normal,,ACC00163,ACC00489
TXN0018675,normal,,ACC00339,ACC00489
TXN0018676,normal,,ACC00080,ACC00489
TXN0018677,normal,,ACC00090,ACC00489
TXN0018678,normal,,ACC00489,ACC00339
TXN0018679,normal,,ACC00489,ACC00090
TXN0018680,normal,,ACC00459,ACC00489
TXN0018681,normal,,ACC00163,ACC00489
TXN0018682,normal,,ACC00429,ACC00489
TXN0018683,normal,,ACC00489,ACC00429
TXN0018684,normal,,ACC00489,ACC00433
TXN0018685,normal,,ACC00122,ACC00489
TXN0018686,normal,,ACC00489,ACC00339
TXN0018687,normal,,ACC00339,ACC00489
TXN0018688,normal,,ACC00490,ACC00441
TXN0018689,normal,,ACC00490,ACC00371
TXN0018690,normal,,ACC00293,ACC00490
TXN0018691,normal,,ACC00218,ACC00490
TXN0018692,normal,,ACC00269,ACC00490
TXN0018693,normal,,ACC00490,ACC00470
TXN0018694,normal,,ACC00490,ACC00343
TXN0018695,normal,,ACC00451,ACC00490
TXN0018696,normal,,ACC00490,ACC00177
TXN0018697,normal,,ACC00037,ACC00490
TXN0018698,normal,,ACC00387,ACC00490
TXN0018699,normal,,ACC00490,ACC00343
TXN0018700,normal,,ACC00408,ACC00490
TXN0018701,normal,,ACC00293,ACC00490
TXN0018702,normal,,ACC00257,ACC00490
TXN0018703,normal,,ACC00490,ACC00343
TXN0018704,normal,,ACC00099,ACC00490
TXN0018705,normal,,ACC00490,ACC00067
TXN0018706,normal,,ACC00490,ACC00408
TXN0018707,normal,,ACC00343,ACC00490
TXN0018708,normal,,ACC00210,ACC00490
TXN0018709,normal,,ACC00177,ACC00490
TXN0018710,normal,,ACC00219,ACC00490
TXN0018711,normal,,ACC00177,ACC00490
TXN0018712,normal,,ACC00210,ACC00490
TXN0018713,normal,,ACC00490,ACC00408
TXN0018714,normal,,ACC00490,ACC00219
TXN0018715,normal,,ACC00408,ACC00490
TXN0018716,normal,,ACC00343,ACC00490
TXN0018717,normal,,ACC00490,ACC00343
TXN0018718,normal,,ACC00343,ACC00490
TXN0018719,normal,,ACC00408,ACC00490
TXN0018720,normal,,ACC00177,ACC00490
TXN0018721,normal,,ACC00490,ACC00073
TXN0018722,normal,,ACC00062,ACC00490
TXN0018723,normal,,ACC00490,ACC00343
TXN0018724,normal,,ACC00490,ACC00408
TXN0018725,normal,,ACC00490,ACC00037
TXN0018726,normal,,ACC00490,ACC00210
TXN0018727,normal,,ACC00490,ACC00177
TXN0018728,normal,,ACC00490,ACC00293
TXN0018729,normal,,ACC00490,ACC00408
TXN0018730,normal,,ACC00269,ACC00490
TXN0018731,normal,,ACC00490,ACC00269
TXN0018732,normal,,ACC00490,ACC00293
TXN0018733,normal,,ACC00490,ACC00210
TXN0018734,normal,,ACC00269,ACC00490
TXN0018735,normal,,ACC00490,ACC00219
TXN0018736,normal,,ACC00490,ACC00037
TXN0018737,normal,,ACC00490,ACC00219
TXN0018738,normal,,ACC00177,ACC00490
TXN0018739,normal,,ACC00001,ACC00490
TXN0018740,normal,,ACC00490,ACC00408
TXN0018741,normal,,ACC00490,ACC00293
TXN0018742,normal,,ACC00490,ACC00037
TXN0018743,normal,,ACC00037,ACC00490
TXN0018744,normal,,ACC00264,ACC00490
TXN0018745,normal,,ACC00177,ACC00490
TXN0018746,normal,,ACC00408,ACC00490
TXN0018747,normal,,ACC00491,ACC00175
TXN0018748,normal,,ACC00491,ACC00094
TXN0018749,normal,,ACC00491,ACC00388
TXN0018750,normal,,ACC00491,ACC00388
TXN0018751,normal,,ACC00388,ACC00491
TXN0018752,normal,,ACC00491,ACC00175
TXN0018753,normal,,ACC00491,ACC00175
TXN0018754,normal,,ACC00097,ACC00491
TXN0018755,normal,,ACC00388,ACC00491
TXN0018756,normal,,ACC00491,ACC00020
TXN0018757,normal,,ACC00491,ACC00212
TXN0018758,normal,,ACC00097,ACC00491
TXN0018759,normal,,ACC00491,ACC00102
TXN0018760,normal,,ACC00491,ACC00097
TXN0018761,normal,,ACC00491,ACC00102
TXN0018762,normal,,ACC00212,ACC00491
TXN0018763,normal,,ACC00133,ACC00491
TXN0018764,normal,,ACC00491,ACC00212
TXN0018765,normal,,ACC00491,ACC00388
TXN0018766,normal,,ACC00102,ACC00491
TXN0018767,normal,,ACC00491,ACC00388
TXN0018768,normal,,ACC00102,ACC00491
TXN0018769,normal,,ACC00102,ACC00491
TXN0018770,normal,,ACC00410,ACC00491
TXN0018771,normal,,ACC00388,ACC00491
TXN0018772,normal,,ACC00491,ACC00057
TXN0018773,normal,,ACC00491,ACC00095
TXN0018774,normal,,ACC00491,ACC00102
TXN0018775,normal,,ACC00491,ACC00212
TXN0018776,normal,,ACC00491,ACC00175
TXN0018777,normal,,ACC00491,ACC00228
TXN0018778,normal,,ACC00175,ACC00491
TXN0018779,normal,,ACC00491,ACC00175
TXN0018780,normal,,ACC00491,ACC00212
TXN0018781,normal,,ACC00212,ACC00491
TXN0018782,normal,,ACC00491,ACC00097
TXN0018783,normal,,ACC00438,ACC00491
TXN0018784,normal,,ACC00491,ACC00102
TXN0018785,normal,,ACC00175,ACC00491
TXN0018786,normal,,ACC00228,ACC00491
TXN0018787,normal,,ACC00491,ACC00175
TXN0018788,normal,,ACC00101,ACC00491
TXN0018789,normal,,ACC00491,ACC00102
TXN0018790,normal,,ACC00491,ACC00388
TXN0018791,normal,,ACC00097,ACC00491
TXN0018792,normal,,ACC00491,ACC00258
TXN0018793,normal,,ACC00491,ACC00285
TXN0018794,normal,,ACC00088,ACC00492
TXN0018795,normal,,ACC00492,ACC00473
TXN0018796,normal,,ACC00492,ACC00047
TXN0018797,normal,,ACC00492,ACC00272
TXN0018798,normal,,ACC00492,ACC00088
TXN0018799,normal,,ACC00107,ACC00492
TXN0018800,normal,,ACC00272,ACC00492
TXN0018801,normal,,ACC00185,ACC00492
TXN0018802,normal,,ACC00185,ACC00492
TXN0018803,normal,,ACC00257,ACC00492
TXN0018804,normal,,ACC00088,ACC00492
TXN0018805,normal,,ACC00492,ACC00497
TXN0018806,normal,,ACC00299,ACC00492
TXN0018807,normal,,ACC00492,ACC00486
TXN0018808,normal,,ACC00492,ACC00185
TXN0018809,normal,,ACC00314,ACC00493
TXN0018810,normal,,ACC00493,ACC00114
TXN0018811,normal,,ACC00474,ACC00493
TXN0018812,normal,,ACC00474,ACC00493
TXN0018813,normal,,ACC00493,ACC00344
TXN0018814,normal,,ACC00493,ACC00058
TXN0018815,normal,,ACC00097,ACC00493
TXN0018816,normal,,ACC00097,ACC00493
TXN0018817,normal,,ACC00493,ACC00200
TXN0018818,normal,,ACC00474,ACC00493
TXN0018819,normal,,ACC00493,ACC00097
TXN0018820,normal,,ACC00493,ACC00250
TXN0018821,normal,,ACC00058,ACC00493
TXN0018822,normal,,ACC00493,ACC00200
TXN0018823,normal,,ACC00493,ACC00200
TXN0018824,normal,,ACC00474,ACC00493
TXN0018825,normal,,ACC00493,ACC00097
TXN0018826,normal,,ACC00314,ACC00493
TXN0018827,normal,,ACC00493,ACC00344
TXN0018828,normal,,ACC00493,ACC00344
TXN0018829,normal,,ACC00200,ACC00493
TXN0018830,normal,,ACC00097,ACC00493
TXN0018831,normal,,ACC00493,ACC00329
TXN0018832,normal,,ACC00329,ACC00493
TXN0018833,normal,,ACC00493,ACC00474
TXN0018834,normal,,ACC00493,ACC00344
TXN0018835,normal,,ACC00329,ACC00493
TXN0018836,normal,,ACC00246,ACC00493
TXN0018837,normal,,ACC00493,ACC00246
TXN0018838,normal,,ACC00493,ACC00200
TXN0018839,normal,,ACC00493,ACC00314
TXN0018840,normal,,ACC00493,ACC00058
TXN0018841,normal,,ACC00329,ACC00493
TXN0018842,normal,,ACC00493,ACC00160
TXN0018843,normal,,ACC00474,ACC00493
TXN0018844,normal,,ACC00406,ACC00493
TXN0018845,normal,,ACC00493,ACC00200
TXN0018846,normal,,ACC00493,ACC00329
TXN0018847,normal,,ACC00493,ACC00058
TXN0018848,normal,,ACC00329,ACC00493
TXN0018849,normal,,ACC00200,ACC00493
TXN0018850,normal,,ACC00415,ACC00493
TXN0018851,normal,,ACC00493,ACC00058
TXN0018852,normal,,ACC00139,ACC00494
TXN0018853,normal,,ACC00064,ACC00494
TXN0018854,normal,,ACC00494,ACC00079
TXN0018855,normal,,ACC00494,ACC00363
TXN0018856,normal,,ACC00139,ACC00494
TXN0018857,normal,,ACC00494,ACC00127
TXN0018858,normal,,ACC00195,ACC00494
TXN0018859,normal,,ACC00079,ACC00494
TXN0018860,normal,,ACC00139,ACC00494
TXN0018861,normal,,ACC00494,ACC00064
TXN0018862,normal,,ACC00494,ACC00155
TXN0018863,normal,,ACC00494,ACC00079
TXN0018864,normal,,ACC00494,ACC00472
TXN0018865,normal,,ACC00494,ACC00063
TXN0018866,normal,,ACC00494,ACC00476
TXN0018867,normal,,ACC00164,ACC00495
TXN0018868,normal,,ACC00264,ACC00495
TXN0018869,normal,,ACC00495,ACC00458
TXN0018870,normal,,ACC00179,ACC00495
TXN0018871,normal,,ACC00313,ACC00495
TXN0018872,normal,,ACC00495,ACC00070
TXN0018873,normal,,ACC00495,ACC00366
TXN0018874,normal,,ACC00458,ACC00495
TXN0018875,normal,,ACC00164,ACC00495
TXN0018876,normal,,ACC00366,ACC00495
TXN0018877,normal,,ACC00366,ACC00495
TXN0018878,normal,,ACC00264,ACC00495
TXN0018879,normal,,ACC00495,ACC00410
TXN0018880,normal,,ACC00199,ACC00495
TXN0018881,normal,,ACC00495,ACC00164
TXN0018882,normal,,ACC00495,ACC00167
TXN0018883,normal,,ACC00495,ACC00410
TXN0018884,normal,,ACC00164,ACC00495
TXN0018885,normal,,ACC00410,ACC00495
TXN0018886,normal,,ACC00264,ACC00495
TXN0018887,normal,,ACC00458,ACC00495
TXN0018888,normal,,ACC00458,ACC00495
TXN0018889,normal,,ACC00495,ACC00097
TXN0018890,normal,,ACC00495,ACC00237
TXN0018891,normal,,ACC00495,ACC00103
TXN0018892,normal,,ACC00131,ACC00496
TXN0018893,normal,,ACC00496,ACC00350
TXN0018894,normal,,ACC00039,ACC00496
TXN0018895,normal,,ACC00182,ACC00496
TXN0018896,normal,,ACC00496,ACC00087
TXN0018897,normal,,ACC00333,ACC00496
TXN0018898,normal,,ACC00496,ACC00366
TXN0018899,normal,,ACC00496,ACC00190
TXN0018900,normal,,ACC00496,ACC00320
TXN0018901,normal,,ACC00496,ACC00333
TXN0018902,normal,,ACC00496,ACC00452
TXN0018903,normal,,ACC00019,ACC00496
TXN0018904,normal,,ACC00496,ACC00160
TXN0018905,normal,,ACC00496,ACC00182
TXN0018906,normal,,ACC00350,ACC00496
TXN0018907,normal,,ACC00496,ACC00182
TXN0018908,normal,,ACC00182,ACC00496
TXN0018909,normal,,ACC00496,ACC00164
TXN0018910,normal,,ACC00350,ACC00496
TXN0018911,normal,,ACC00496,ACC00164
TXN0018912,normal,,ACC00496,ACC00375
TXN0018913,normal,,ACC00496,ACC00164
TXN0018914,normal,,ACC00019,ACC00496
TXN0018915,normal,,ACC00496,ACC00333
TXN0018916,normal,,ACC00452,ACC00496
TXN0018917,normal,,ACC00164,ACC00496
TXN0018918,normal,,ACC00496,ACC00333
TXN0018919,normal,,ACC00496,ACC00164
TXN0018920,normal,,ACC00496,ACC00019
TXN0018921,normal,,ACC00019,ACC00496
TXN0018922,normal,,ACC00452,ACC00496
TXN0018923,normal,,ACC00496,ACC00350
TXN0018924,normal,,ACC00496,ACC00452
TXN0018925,normal,,ACC00496,ACC00164
TXN0018926,normal,,ACC00496,ACC00452
TXN0018927,normal,,ACC00452,ACC00496
TXN0018928,normal,,ACC00017,ACC00496
TXN0018929,normal,,ACC00496,ACC00087
TXN0018930,normal,,ACC00452,ACC00496
TXN0018931,normal,,ACC00496,ACC00164
TXN0018932,normal,,ACC00087,ACC00496
TXN0018933,normal,,ACC00496,ACC00087
TXN0018934,normal,,ACC00164,ACC00496
TXN0018935,normal,,ACC00496,ACC00452
TXN0018936,normal,,ACC00496,ACC00011
TXN0018937,normal,,ACC00496,ACC00011
TXN0018938,normal,,ACC00496,ACC00087
TXN0018939,normal,,ACC00087,ACC00496
TXN0018940,normal,,ACC00496,ACC00395
TXN0018941,normal,,ACC00496,ACC00333
TXN0018942,normal,,ACC00496,ACC00019
TXN0018943,normal,,ACC00182,ACC00496
TXN0018944,normal,,ACC00019,ACC00496
TXN0018945,normal,,ACC00072,ACC00496
TXN0018946,normal,,ACC00496,ACC00350
TXN0018947,normal,,ACC00496,ACC00452
TXN0018948,normal,,ACC00324,ACC00496
TXN0018949,normal,,ACC00098,ACC00497
TXN0018950,normal,,ACC00098,ACC00497
TXN0018951,normal,,ACC00497,ACC00433
TXN0018952,normal,,ACC00030,ACC00497
TXN0018953,normal,,ACC00497,ACC00019
TXN0018954,normal,,ACC00380,ACC00497
TXN0018955,normal,,ACC00497,ACC00411
TXN0018956,normal,,ACC00497,ACC00098
TXN0018957,normal,,ACC00380,ACC00497
TXN0018958,normal,,ACC00497,ACC00380
TXN0018959,normal,,ACC00497,ACC00049
TXN0018960,normal,,ACC00128,ACC00497
TXN0018961,normal,,ACC00030,ACC00497
TXN0018962,normal,,ACC00497,ACC00177
TXN0018963,normal,,ACC00497,ACC00327
TXN0018964,normal,,ACC00160,ACC00497
TXN0018965,normal,,ACC00109,ACC00497
TXN0018966,normal,,ACC00030,ACC00497
TXN0018967,normal,,ACC00497,ACC00380
TXN0018968,normal,,ACC00098,ACC00497
TXN0018969,normal,,ACC00497,ACC00109
TXN0018970,normal,,ACC00019,ACC00497
TXN0018971,normal,,ACC00380,ACC00497
TXN0018972,normal,,ACC00497,ACC00466
TXN0018973,normal,,ACC00497,ACC00109
TXN0018974,normal,,ACC00497,ACC00051
TXN0018975,normal,,ACC00497,ACC00030
TXN0018976,normal,,ACC00109,ACC00497
TXN0018977,normal,,ACC00497,ACC00466
TXN0018978,normal,,ACC00497,ACC00466
TXN0018979,normal,,ACC00497,ACC00380
TXN0018980,normal,,ACC00497,ACC00291
TXN0018981,normal,,ACC00497,ACC00380
TXN0018982,normal,,ACC00497,ACC00380
TXN0018983,normal,,ACC00497,ACC00109
TXN0018984,normal,,ACC00497,ACC00466
TXN0018985,normal,,ACC00098,ACC00497
TXN0018986,normal,,ACC00431,ACC00497
TXN0018987,normal,,ACC00030,ACC00497
TXN0018988,normal,,ACC00498,ACC00209
TXN0018989,normal,,ACC00250,ACC00498
TXN0018990,normal,,ACC00498,ACC00156
TXN0018991,normal,,ACC00498,ACC00150
TXN0018992,normal,,ACC00209,ACC00498
TXN0018993,normal,,ACC00498,ACC00209
TXN0018994,normal,,ACC00014,ACC00498
TXN0018995,normal,,ACC00498,ACC00250
TXN0018996,normal,,ACC00498,ACC00002
TXN0018997,normal,,ACC00498,ACC00351
TXN0018998,normal,,ACC00426,ACC00498
TXN0018999,normal,,ACC00498,ACC00250
TXN0019000,normal,,ACC00498,ACC00351
TXN0019001,normal,,ACC00498,ACC00334
TXN0019002,normal,,ACC00250,ACC00498
TXN0019003,normal,,ACC00498,ACC00487
TXN0019004,normal,,ACC00282,ACC00498
TXN0019005,normal,,ACC00498,ACC00115
TXN0019006,normal,,ACC00209,ACC00498
TXN0019007,normal,,ACC00282,ACC00498
TXN0019008,normal,,ACC00498,ACC00426
TXN0019009,normal,,ACC00498,ACC00351
TXN0019010,normal,,ACC00321,ACC00498
TXN0019011,normal,,ACC00498,ACC00209
TXN0019012,normal,,ACC00150,ACC00498
TXN0019013,normal,,ACC00351,ACC00498
TXN0019014,normal,,ACC00498,ACC00446
TXN0019015,normal,,ACC00265,ACC00498
TXN0019016,normal,,ACC00498,ACC00130
TXN0019017,normal,,ACC00426,ACC00498
TXN0019018,normal,,ACC00498,ACC00282
TXN0019019,normal,,ACC00498,ACC00245
TXN0019020,normal,,ACC00250,ACC00498
TXN0019021,normal,,ACC00150,ACC00498
TXN0019022,normal,,ACC00150,ACC00498
TXN0019023,normal,,ACC00282,ACC00498
TXN0019024,normal,,ACC00150,ACC00498
TXN0019025,normal,,ACC00498,ACC00150
TXN0019026,normal,,ACC00498,ACC00487
TXN0019027,normal,,ACC00498,ACC00250
TXN0019028,normal,,ACC00014,ACC00498
TXN0019029,normal,,ACC00014,ACC00498
TXN0019030,normal,,ACC00282,ACC00498
TXN0019031,normal,,ACC00498,ACC00487
TXN0019032,normal,,ACC00498,ACC00150
TXN0019033,normal,,ACC00250,ACC00498
TXN0019034,normal,,ACC00498,ACC00426
TXN0019035,normal,,ACC00146,ACC00498
TXN0019036,normal,,ACC00150,ACC00498
TXN0019037,normal,,ACC00426,ACC00498
TXN0019038,normal,,ACC00498,ACC00014
TXN0019039,normal,,ACC00498,ACC00150
TXN0019040,normal,,ACC00498,ACC00250
TXN0019041,normal,,ACC00148,ACC00498
TXN0019042,normal,,ACC00150,ACC00498
TXN0019043,normal,,ACC00351,ACC00498
TXN0019044,normal,,ACC00351,ACC00498
TXN0019045,normal,,ACC00499,ACC00103
TXN0019046,normal,,ACC00236,ACC00499
TXN0019047,normal,,ACC00499,ACC00076
TXN0019048,normal,,ACC00499,ACC00396
TXN0019049,normal,,ACC00499,ACC00396
TXN0019050,normal,,ACC00265,ACC00499
TXN0019051,normal,,ACC00499,ACC00326
TXN0019052,normal,,ACC00499,ACC00375
TXN0019053,normal,,ACC00326,ACC00499
TXN0019054,normal,,ACC00499,ACC00191
TXN0019055,normal,,ACC00375,ACC00499
TXN0019056,normal,,ACC00499,ACC00375
TXN0019057,normal,,ACC00375,ACC00499
TXN0019058,normal,,ACC00356,ACC00499
TXN0019059,normal,,ACC00076,ACC00499
TXN0019060,normal,,ACC00499,ACC00236
TXN0019061,normal,,ACC00441,ACC00499
TXN0019062,normal,,ACC00380,ACC00499
TXN0019063,normal,,ACC00499,ACC00103
TXN0019064,normal,,ACC00499,ACC00375
TXN0019065,normal,,ACC00499,ACC00396
TXN0019066,normal,,ACC00326,ACC00499
TXN0019067,normal,,ACC00453,ACC00500
TXN0019068,normal,,ACC00273,ACC00500
TXN0019069,normal,,ACC00246,ACC00500
TXN0019070,normal,,ACC00171,ACC00500
TXN0019071,normal,,ACC00500,ACC00273
TXN0019072,normal,,ACC00500,ACC00168
TXN0019073,normal,,ACC00437,ACC00500
TXN0019074,normal,,ACC00246,ACC00500
TXN0019075,normal,,ACC00273,ACC00500
TXN0019076,normal,,ACC00112,ACC00500
TXN0019077,normal,,ACC00171,ACC00500
TXN0019078,normal,,ACC00500,ACC00453
TXN0019079,normal,,ACC00500,ACC00453
TXN0019080,normal,,ACC00500,ACC00273
TXN0019081,normal,,ACC00326,ACC00500
TXN0019082,normal,,ACC00500,ACC00312
TXN0019083,normal,,ACC00500,ACC00273
TXN0019084,normal,,ACC00168,ACC00500
TXN0019085,normal,,ACC00269,ACC00500
TXN0019086,normal,,ACC00386,ACC00500
TXN0019087,normal,,ACC00500,ACC00432
TXN0019088,normal,,ACC00500,ACC00453
TXN0019089,normal,,ACC00250,ACC00500
TXN0019090,normal,,ACC00250,ACC00500
TXN0019091,normal,,ACC00168,ACC00500
TXN0019092,normal,,ACC00500,ACC00250
TXN0019093,normal,,ACC00500,ACC00453
TXN0019094,normal,,ACC00500,ACC00246
TXN0019095,normal,,ACC00500,ACC00171
TXN0019096,normal,,ACC00273,ACC00500
TXN0019097,normal,,ACC00430,ACC00500
TXN0019098,normal,,ACC00273,ACC00500
TXN0019099,normal,,ACC00453,ACC00500
TXN0019100,normal,,ACC00171,ACC00500
TXN0019101,normal,,ACC00246,ACC00500
TXN0019102,normal,,ACC00171,ACC00500
TXN0019103,normal,,ACC00453,ACC00500
TXN0019104,normal,,ACC00500,ACC00273
TXN0019105,normal,,ACC00453,ACC00500
TXN0019106,normal,,ACC00500,ACC00168
TXN0019107,normal,,ACC00004,ACC00500
TXN0019108,normal,,ACC00500,ACC00171
TXN0019109,normal,,ACC00013,ACC00500
TXN0019110,normal,,ACC00500,ACC00004
TXN0100000,hard_negative,,ACC00247,ACC00481
TXN0100001,hard_negative,,ACC00247,ACC00481
TXN0100002,hard_negative,,ACC00247,ACC00481
TXN0100003,hard_negative,,ACC00247,ACC00481
TXN0100004,hard_negative,,ACC00221,ACC00481
TXN0100005,hard_negative,,ACC00221,ACC00481
TXN0100006,hard_negative,,ACC00221,ACC00481
TXN0100007,hard_negative,,ACC00221,ACC00481
TXN0100008,hard_negative,,ACC00417,ACC00481
TXN0100009,hard_negative,,ACC00417,ACC00481
TXN0100010,hard_negative,,ACC00300,ACC00481
TXN0100011,hard_negative,,ACC00300,ACC00481
TXN0100012,hard_negative,,ACC00300,ACC00481
TXN0100013,hard_negative,,ACC00300,ACC00481
TXN0100014,hard_negative,,ACC00187,ACC00481
TXN0100015,hard_negative,,ACC00187,ACC00481
TXN0100016,hard_negative,,ACC00187,ACC00481
TXN0100017,hard_negative,,ACC00468,ACC00481
TXN0100018,hard_negative,,ACC00468,ACC00481
TXN0100019,hard_negative,,ACC00468,ACC00481
TXN0100020,hard_negative,,ACC00468,ACC00481
TXN0100021,hard_negative,,ACC00064,ACC00481
TXN0100022,hard_negative,,ACC00064,ACC00481
TXN0100023,hard_negative,,ACC00064,ACC00481
TXN0100024,hard_negative,,ACC00303,ACC00481
TXN0100025,hard_negative,,ACC00303,ACC00481
TXN0100026,hard_negative,,ACC00303,ACC00481
TXN0100027,hard_negative,,ACC00303,ACC00481
TXN0100028,hard_negative,,ACC00155,ACC00481
TXN0100029,hard_negative,,ACC00155,ACC00481
TXN0100030,hard_negative,,ACC00155,ACC00481
TXN0100031,hard_negative,,ACC00481,ACC00441
TXN0100032,hard_negative,,ACC00481,ACC00417
TXN0100033,hard_negative,,ACC00482,ACC00486
TXN0100034,hard_negative,,ACC00187,ACC00482
TXN0100035,hard_negative,,ACC00294,ACC00482
TXN0100036,hard_negative,,ACC00482,ACC00116
TXN0100037,hard_negative,,ACC00187,ACC00482
TXN0100038,hard_negative,,ACC00294,ACC00482
TXN0100039,hard_negative,,ACC00482,ACC00227
TXN0100040,hard_negative,,ACC00187,ACC00482
TXN0100041,hard_negative,,ACC00294,ACC00482
TXN0100042,hard_negative,,ACC00040,ACC00483
TXN0100043,hard_negative,,ACC00110,ACC00483
TXN0100044,hard_negative,,ACC00006,ACC00483
TXN0100045,hard_negative,,ACC00006,ACC00483
TXN0100046,hard_negative,,ACC00134,ACC00483
TXN0100047,hard_negative,,ACC00134,ACC00483
TXN0100048,hard_negative,,ACC00389,ACC00483
TXN0100049,hard_negative,,ACC00389,ACC00483
TXN0100050,hard_negative,,ACC00385,ACC00483
TXN0100051,hard_negative,,ACC00385,ACC00483
TXN0100052,hard_negative,,ACC00147,ACC00483
TXN0100053,hard_negative,,ACC00147,ACC00483
TXN0100054,hard_negative,,ACC00147,ACC00483
TXN0100055,hard_negative,,ACC00460,ACC00483
TXN0100056,hard_negative,,ACC00460,ACC00483
TXN0100057,hard_negative,,ACC00030,ACC00483
TXN0100058,hard_negative,,ACC00030,ACC00483
TXN0100059,hard_negative,,ACC00146,ACC00483
TXN0100060,hard_negative,,ACC00146,ACC00483
TXN0100061,hard_negative,,ACC00146,ACC00483
TXN0100062,hard_negative,,ACC00264,ACC00483
TXN0100063,hard_negative,,ACC00264,ACC00483
TXN0100064,hard_negative,,ACC00264,ACC00483
TXN0100065,hard_negative,,ACC00284,ACC00483
TXN0100066,hard_negative,,ACC00284,ACC00483
TXN0100067,hard_negative,,ACC00284,ACC00483
TXN0100068,hard_negative,,ACC00489,ACC00483
TXN0100069,hard_negative,,ACC00328,ACC00483
TXN0100070,hard_negative,,ACC00328,ACC00483
TXN0100071,hard_negative,,ACC00328,ACC00483
TXN0100072,hard_negative,,ACC00226,ACC00483
TXN0100073,hard_negative,,ACC00226,ACC00483
TXN0100074,hard_negative,,ACC00226,ACC00483
TXN0100075,hard_negative,,ACC00478,ACC00483
TXN0100076,hard_negative,,ACC00478,ACC00483
TXN0100077,hard_negative,,ACC00478,ACC00483
TXN0100078,hard_negative,,ACC00149,ACC00483
TXN0100079,hard_negative,,ACC00149,ACC00483
TXN0100080,hard_negative,,ACC00149,ACC00483
TXN0100081,hard_negative,,ACC00483,ACC00305
TXN0100082,hard_negative,,ACC00483,ACC00222
TXN0100083,hard_negative,,ACC00483,ACC00051
TXN0100084,hard_negative,,ACC00483,ACC00400
TXN0100085,hard_negative,,ACC00228,ACC00484
TXN0100086,hard_negative,,ACC00228,ACC00484
TXN0100087,hard_negative,,ACC00228,ACC00484
TXN0100088,hard_negative,,ACC00228,ACC00484
TXN0100089,hard_negative,,ACC00179,ACC00484
TXN0100090,hard_negative,,ACC00179,ACC00484
TXN0100091,hard_negative,,ACC00179,ACC00484
TXN0100092,hard_negative,,ACC00048,ACC00484
TXN0100093,hard_negative,,ACC00048,ACC00484
TXN0100094,hard_negative,,ACC00048,ACC00484
TXN0100095,hard_negative,,ACC00048,ACC00484
TXN0100096,hard_negative,,ACC00073,ACC00484
TXN0100097,hard_negative,,ACC00073,ACC00484
TXN0100098,hard_negative,,ACC00073,ACC00484
TXN0100099,hard_negative,,ACC00131,ACC00484
TXN0100100,hard_negative,,ACC00131,ACC00484
TXN0100101,hard_negative,,ACC00038,ACC00484
TXN0100102,hard_negative,,ACC00038,ACC00484
TXN0100103,hard_negative,,ACC00331,ACC00484
TXN0100104,hard_negative,,ACC00331,ACC00484
TXN0100105,hard_negative,,ACC00331,ACC00484
TXN0100106,hard_negative,,ACC00431,ACC00484
TXN0100107,hard_negative,,ACC00431,ACC00484
TXN0100108,hard_negative,,ACC00431,ACC00484
TXN0100109,hard_negative,,ACC00227,ACC00484
TXN0100110,hard_negative,,ACC00227,ACC00484
TXN0100111,hard_negative,,ACC00227,ACC00484
TXN0100112,hard_negative,,ACC00227,ACC00484
TXN0100113,hard_negative,,ACC00406,ACC00484
TXN0100114,hard_negative,,ACC00406,ACC00484
TXN0100115,hard_negative,,ACC00406,ACC00484
TXN0100116,hard_negative,,ACC00484,ACC00330
TXN0100117,hard_negative,,ACC00484,ACC00475
TXN0100118,hard_negative,,ACC00485,ACC00480
TXN0100119,hard_negative,,ACC00266,ACC00485
TXN0100120,hard_negative,,ACC00496,ACC00485
TXN0100121,hard_negative,,ACC00485,ACC00118
TXN0100122,hard_negative,,ACC00266,ACC00485
TXN0100123,hard_negative,,ACC00496,ACC00485
TXN0100124,hard_negative,,ACC00485,ACC00037
TXN0100125,hard_negative,,ACC00266,ACC00485
TXN0100126,hard_negative,,ACC00496,ACC00485
TXN0100127,hard_negative,,ACC00196,ACC00486
TXN0100128,hard_negative,,ACC00297,ACC00486
TXN0100129,hard_negative,,ACC00297,ACC00486
TXN0100130,hard_negative,,ACC00274,ACC00486
TXN0100131,hard_negative,,ACC00242,ACC00486
TXN0100132,hard_negative,,ACC00242,ACC00486
TXN0100133,hard_negative,,ACC00118,ACC00486
TXN0100134,hard_negative,,ACC00118,ACC00486
TXN0100135,hard_negative,,ACC00170,ACC00486
TXN0100136,hard_negative,,ACC00341,ACC00486
TXN0100137,hard_negative,,ACC00341,ACC00486
TXN0100138,hard_negative,,ACC00071,ACC00486
TXN0100139,hard_negative,,ACC00071,ACC00486
TXN0100140,hard_negative,,ACC00210,ACC00486
TXN0100141,hard_negative,,ACC00289,ACC00486
TXN0100142,hard_negative,,ACC00289,ACC00486
TXN0100143,hard_negative,,ACC00032,ACC00486
TXN0100144,hard_negative,,ACC00290,ACC00486
TXN0100145,hard_negative,,ACC00448,ACC00486
TXN0100146,hard_negative,,ACC00448,ACC00486
TXN0100147,hard_negative,,ACC00022,ACC00486
TXN0100148,hard_negative,,ACC00036,ACC00486
TXN0100149,hard_negative,,ACC00156,ACC00486
TXN0100150,hard_negative,,ACC00156,ACC00486
TXN0100151,hard_negative,,ACC00259,ACC00486
TXN0100152,hard_negative,,ACC00259,ACC00486
TXN0100153,hard_negative,,ACC00259,ACC00486
TXN0100154,hard_negative,,ACC00318,ACC00486
TXN0100155,hard_negative,,ACC00318,ACC00486
TXN0100156,hard_negative,,ACC00325,ACC00486
TXN0100157,hard_negative,,ACC00325,ACC00486
TXN0100158,hard_negative,,ACC00250,ACC00486
TXN0100159,hard_negative,,ACC00250,ACC00486
TXN0100160,hard_negative,,ACC00486,ACC00152
TXN0100161,hard_negative,,ACC00486,ACC00258
TXN0100162,hard_negative,,ACC00486,ACC00143
TXN0100163,hard_negative,,ACC00486,ACC00043
TXN0100164,hard_negative,,ACC00213,ACC00487
TXN0100165,hard_negative,,ACC00213,ACC00487
TXN0100166,hard_negative,,ACC00213,ACC00487
TXN0100167,hard_negative,,ACC00267,ACC00487
TXN0100168,hard_negative,,ACC00267,ACC00487
TXN0100169,hard_negative,,ACC00267,ACC00487
TXN0100170,hard_negative,,ACC00045,ACC00487
TXN0100171,hard_negative,,ACC00045,ACC00487
TXN0100172,hard_negative,,ACC00045,ACC00487
TXN0100173,hard_negative,,ACC00265,ACC00487
TXN0100174,hard_negative,,ACC00265,ACC00487
TXN0100175,hard_negative,,ACC00067,ACC00487
TXN0100176,hard_negative,,ACC00067,ACC00487
TXN0100177,hard_negative,,ACC00067,ACC00487
TXN0100178,hard_negative,,ACC00067,ACC00487
TXN0100179,hard_negative,,ACC00115,ACC00487
TXN0100180,hard_negative,,ACC00115,ACC00487
TXN0100181,hard_negative,,ACC00115,ACC00487
TXN0100182,hard_negative,,ACC00313,ACC00487
TXN0100183,hard_negative,,ACC00313,ACC00487
TXN0100184,hard_negative,,ACC00313,ACC00487
TXN0100185,hard_negative,,ACC00313,ACC00487
TXN0100186,hard_negative,,ACC00089,ACC00487
TXN0100187,hard_negative,,ACC00089,ACC00487
TXN0100188,hard_negative,,ACC00089,ACC00487
TXN0100189,hard_negative,,ACC00466,ACC00487
TXN0100190,hard_negative,,ACC00466,ACC00487
TXN0100191,hard_negative,,ACC00466,ACC00487
TXN0100192,hard_negative,,ACC00487,ACC00343
TXN0100193,hard_negative,,ACC00487,ACC00173
TXN0100194,hard_negative,,ACC00488,ACC00319
TXN0100195,hard_negative,,ACC00407,ACC00488
TXN0100196,hard_negative,,ACC00188,ACC00488
TXN0100197,hard_negative,,ACC00007,ACC00488
TXN0100198,hard_negative,,ACC00488,ACC00076
TXN0100199,hard_negative,,ACC00407,ACC00488
TXN0100200,hard_negative,,ACC00188,ACC00488
TXN0100201,hard_negative,,ACC00007,ACC00488
TXN0100202,hard_negative,,ACC00488,ACC00248
TXN0100203,hard_negative,,ACC00407,ACC00488
TXN0100204,hard_negative,,ACC00188,ACC00488
TXN0100205,hard_negative,,ACC00007,ACC00488
TXN0100206,hard_negative,,ACC00127,ACC00489
TXN0100207,hard_negative,,ACC00245,ACC00489
TXN0100208,hard_negative,,ACC00002,ACC00489
TXN0100209,hard_negative,,ACC00002,ACC00489
TXN0100210,hard_negative,,ACC00002,ACC00489
TXN0100211,hard_negative,,ACC00274,ACC00489
TXN0100212,hard_negative,,ACC00274,ACC00489
TXN0100213,hard_negative,,ACC00204,ACC00489
TXN0100214,hard_negative,,ACC00102,ACC00489
TXN0100215,hard_negative,,ACC00102,ACC00489
TXN0100216,hard_negative,,ACC00102,ACC00489
TXN0100217,hard_negative,,ACC00263,ACC00489
TXN0100218,hard_negative,,ACC00380,ACC00489
TXN0100219,hard_negative,,ACC00380,ACC00489
TXN0100220,hard_negative,,ACC00073,ACC00489
TXN0100221,hard_negative,,ACC00073,ACC00489
TXN0100222,hard_negative,,ACC00300,ACC00489
TXN0100223,hard_negative,,ACC00300,ACC00489
TXN0100224,hard_negative,,ACC00428,ACC00489
TXN0100225,hard_negative,,ACC00278,ACC00489
TXN0100226,hard_negative,,ACC00280,ACC00489
TXN0100227,hard_negative,,ACC00280,ACC00489
TXN0100228,hard_negative,,ACC00493,ACC00489
TXN0100229,hard_negative,,ACC00493,ACC00489
TXN0100230,hard_negative,,ACC00180,ACC00489
TXN0100231,hard_negative,,ACC00482,ACC00489
TXN0100232,hard_negative,,ACC00482,ACC00489
TXN0100233,hard_negative,,ACC00482,ACC00489
TXN0100234,hard_negative,,ACC00069,ACC00489
TXN0100235,hard_negative,,ACC00069,ACC00489
TXN0100236,hard_negative,,ACC00069,ACC00489
TXN0100237,hard_negative,,ACC00461,ACC00489
TXN0100238,hard_negative,,ACC00461,ACC00489
TXN0100239,hard_negative,,ACC00461,ACC00489
TXN0100240,hard_negative,,ACC00468,ACC00489
TXN0100241,hard_negative,,ACC00468,ACC00489
TXN0100242,hard_negative,,ACC00145,ACC00489
TXN0100243,hard_negative,,ACC00332,ACC00489
TXN0100244,hard_negative,,ACC00294,ACC00489
TXN0100245,hard_negative,,ACC00294,ACC00489
TXN0100246,hard_negative,,ACC00454,ACC00489
TXN0100247,hard_negative,,ACC00454,ACC00489
TXN0100248,hard_negative,,ACC00427,ACC00489
TXN0100249,hard_negative,,ACC00427,ACC00489
TXN0100250,hard_negative,,ACC00427,ACC00489
TXN0100251,hard_negative,,ACC00489,ACC00473
TXN0100252,hard_negative,,ACC00489,ACC00375
TXN0100253,hard_negative,,ACC00489,ACC00091
TXN0100254,hard_negative,,ACC00489,ACC00046
TXN0100255,hard_negative,,ACC00023,ACC00490
TXN0100256,hard_negative,,ACC00023,ACC00490
TXN0100257,hard_negative,,ACC00311,ACC00490
TXN0100258,hard_negative,,ACC00311,ACC00490
TXN0100259,hard_negative,,ACC00159,ACC00490
TXN0100260,hard_negative,,ACC00159,ACC00490
TXN0100261,hard_negative,,ACC00146,ACC00490
TXN0100262,hard_negative,,ACC00146,ACC00490
TXN0100263,hard_negative,,ACC00146,ACC00490
TXN0100264,hard_negative,,ACC00003,ACC00490
TXN0100265,hard_negative,,ACC00003,ACC00490
TXN0100266,hard_negative,,ACC00003,ACC00490
TXN0100267,hard_negative,,ACC00121,ACC00490
TXN0100268,hard_negative,,ACC00121,ACC00490
TXN0100269,hard_negative,,ACC00121,ACC00490
TXN0100270,hard_negative,,ACC00121,ACC00490
TXN0100271,hard_negative,,ACC00025,ACC00490
TXN0100272,hard_negative,,ACC00025,ACC00490
TXN0100273,hard_negative,,ACC00490,ACC00235
TXN0100274,hard_negative,,ACC00490,ACC00043
TXN0100275,hard_negative,,ACC00491,ACC00057
TXN0100276,hard_negative,,ACC00399,ACC00491
TXN0100277,hard_negative,,ACC00464,ACC00491
TXN0100278,hard_negative,,ACC00392,ACC00491
TXN0100279,hard_negative,,ACC00491,ACC00368
TXN0100280,hard_negative,,ACC00399,ACC00491
TXN0100281,hard_negative,,ACC00464,ACC00491
TXN0100282,hard_negative,,ACC00392,ACC00491
TXN0100283,hard_negative,,ACC00491,ACC00104
TXN0100284,hard_negative,,ACC00399,ACC00491
TXN0100285,hard_negative,,ACC00464,ACC00491
TXN0100286,hard_negative,,ACC00392,ACC00491
TXN0100287,hard_negative,,ACC00070,ACC00492
TXN0100288,hard_negative,,ACC00425,ACC00492
TXN0100289,hard_negative,,ACC00425,ACC00492
TXN0100290,hard_negative,,ACC00245,ACC00492
TXN0100291,hard_negative,,ACC00209,ACC00492
TXN0100292,hard_negative,,ACC00209,ACC00492
TXN0100293,hard_negative,,ACC00209,ACC00492
TXN0100294,hard_negative,,ACC00321,ACC00492
TXN0100295,hard_negative,,ACC00161,ACC00492
TXN0100296,hard_negative,,ACC00161,ACC00492
TXN0100297,hard_negative,,ACC00059,ACC00492
TXN0100298,hard_negative,,ACC00201,ACC00492
TXN0100299,hard_negative,,ACC00201,ACC00492
TXN0100300,hard_negative,,ACC00201,ACC00492
TXN0100301,hard_negative,,ACC00397,ACC00492
TXN0100302,hard_negative,,ACC00397,ACC00492
TXN0100303,hard_negative,,ACC00397,ACC00492
TXN0100304,hard_negative,,ACC00021,ACC00492
TXN0100305,hard_negative,,ACC00109,ACC00492
TXN0100306,hard_negative,,ACC00109,ACC00492
TXN0100307,hard_negative,,ACC00109,ACC00492
TXN0100308,hard_negative,,ACC00183,ACC00492
TXN0100309,hard_negative,,ACC00183,ACC00492
TXN0100310,hard_negative,,ACC00183,ACC00492
TXN0100311,hard_negative,,ACC00015,ACC00492
TXN0100312,hard_negative,,ACC00015,ACC00492
TXN0100313,hard_negative,,ACC00015,ACC00492
TXN0100314,hard_negative,,ACC00030,ACC00492
TXN0100315,hard_negative,,ACC00030,ACC00492
TXN0100316,hard_negative,,ACC00264,ACC00492
TXN0100317,hard_negative,,ACC00387,ACC00492
TXN0100318,hard_negative,,ACC00387,ACC00492
TXN0100319,hard_negative,,ACC00361,ACC00492
TXN0100320,hard_negative,,ACC00428,ACC00492
TXN0100321,hard_negative,,ACC00428,ACC00492
TXN0100322,hard_negative,,ACC00500,ACC00492
TXN0100323,hard_negative,,ACC00206,ACC00492
TXN0100324,hard_negative,,ACC00296,ACC00492
TXN0100325,hard_negative,,ACC00244,ACC00492
TXN0100326,hard_negative,,ACC00157,ACC00492
TXN0100327,hard_negative,,ACC00157,ACC00492
TXN0100328,hard_negative,,ACC00157,ACC00492
TXN0100329,hard_negative,,ACC00153,ACC00492
TXN0100330,hard_negative,,ACC00153,ACC00492
TXN0100331,hard_negative,,ACC00153,ACC00492
TXN0100332,hard_negative,,ACC00492,ACC00070
TXN0100333,hard_negative,,ACC00492,ACC00190
TXN0100334,hard_negative,,ACC00492,ACC00223
TXN0100335,hard_negative,,ACC00492,ACC00168
TXN0100336,hard_negative,,ACC00364,ACC00493
TXN0100337,hard_negative,,ACC00364,ACC00493
TXN0100338,hard_negative,,ACC00158,ACC00493
TXN0100339,hard_negative,,ACC00158,ACC00493
TXN0100340,hard_negative,,ACC00158,ACC00493
TXN0100341,hard_negative,,ACC00158,ACC00493
TXN0100342,hard_negative,,ACC00111,ACC00493
TXN0100343,hard_negative,,ACC00111,ACC00493
TXN0100344,hard_negative,,ACC00224,ACC00493
TXN0100345,hard_negative,,ACC00224,ACC00493
TXN0100346,hard_negative,,ACC00224,ACC00493
TXN0100347,hard_negative,,ACC00224,ACC00493
TXN0100348,hard_negative,,ACC00337,ACC00493
TXN0100349,hard_negative,,ACC00337,ACC00493
TXN0100350,hard_negative,,ACC00090,ACC00493
TXN0100351,hard_negative,,ACC00090,ACC00493
TXN0100352,hard_negative,,ACC00090,ACC00493
TXN0100353,hard_negative,,ACC00481,ACC00493
TXN0100354,hard_negative,,ACC00481,ACC00493
TXN0100355,hard_negative,,ACC00232,ACC00493
TXN0100356,hard_negative,,ACC00232,ACC00493
TXN0100357,hard_negative,,ACC00402,ACC00493
TXN0100358,hard_negative,,ACC00402,ACC00493
TXN0100359,hard_negative,,ACC00493,ACC00099
TXN0100360,hard_negative,,ACC00493,ACC00009
TXN0100361,hard_negative,,ACC00494,ACC00299
TXN0100362,hard_negative,,ACC00169,ACC00494
TXN0100363,hard_negative,,ACC00454,ACC00494
TXN0100364,hard_negative,,ACC00308,ACC00494
TXN0100365,hard_negative,,ACC00494,ACC00378
TXN0100366,hard_negative,,ACC00169,ACC00494
TXN0100367,hard_negative,,ACC00454,ACC00494
TXN0100368,hard_negative,,ACC00308,ACC00494
TXN0100369,hard_negative,,ACC00494,ACC00146
TXN0100370,hard_negative,,ACC00169,ACC00494
TXN0100371,hard_negative,,ACC00454,ACC00494
TXN0100372,hard_negative,,ACC00308,ACC00494
TXN0100373,hard_negative,,ACC00058,ACC00495
TXN0100374,hard_negative,,ACC00058,ACC00495
TXN0100375,hard_negative,,ACC00058,ACC00495
TXN0100376,hard_negative,,ACC00343,ACC00495
TXN0100377,hard_negative,,ACC00343,ACC00495
TXN0100378,hard_negative,,ACC00343,ACC00495
TXN0100379,hard_negative,,ACC00236,ACC00495
TXN0100380,hard_negative,,ACC00113,ACC00495
TXN0100381,hard_negative,,ACC00005,ACC00495
TXN0100382,hard_negative,,ACC00005,ACC00495
TXN0100383,hard_negative,,ACC00450,ACC00495
TXN0100384,hard_negative,,ACC00450,ACC00495
TXN0100385,hard_negative,,ACC00450,ACC00495
TXN0100386,hard_negative,,ACC00248,ACC00495
TXN0100387,hard_negative,,ACC00248,ACC00495
TXN0100388,hard_negative,,ACC00248,ACC00495
TXN0100389,hard_negative,,ACC00042,ACC00495
TXN0100390,hard_negative,,ACC00042,ACC00495
TXN0100391,hard_negative,,ACC00042,ACC00495
TXN0100392,hard_negative,,ACC00253,ACC00495
TXN0100393,hard_negative,,ACC00253,ACC00495
TXN0100394,hard_negative,,ACC00253,ACC00495
TXN0100395,hard_negative,,ACC00287,ACC00495
TXN0100396,hard_negative,,ACC00355,ACC00495
TXN0100397,hard_negative,,ACC00355,ACC00495
TXN0100398,hard_negative,,ACC00355,ACC00495
TXN0100399,hard_negative,,ACC00371,ACC00495
TXN0100400,hard_negative,,ACC00371,ACC00495
TXN0100401,hard_negative,,ACC00427,ACC00495
TXN0100402,hard_negative,,ACC00427,ACC00495
TXN0100403,hard_negative,,ACC00184,ACC00495
TXN0100404,hard_negative,,ACC00184,ACC00495
TXN0100405,hard_negative,,ACC00184,ACC00495
TXN0100406,hard_negative,,ACC00116,ACC00495
TXN0100407,hard_negative,,ACC00116,ACC00495
TXN0100408,hard_negative,,ACC00180,ACC00495
TXN0100409,hard_negative,,ACC00180,ACC00495
TXN0100410,hard_negative,,ACC00326,ACC00495
TXN0100411,hard_negative,,ACC00201,ACC00495
TXN0100412,hard_negative,,ACC00201,ACC00495
TXN0100413,hard_negative,,ACC00126,ACC00495
TXN0100414,hard_negative,,ACC00126,ACC00495
TXN0100415,hard_negative,,ACC00105,ACC00495
TXN0100416,hard_negative,,ACC00495,ACC00309
TXN0100417,hard_negative,,ACC00495,ACC00259
TXN0100418,hard_negative,,ACC00495,ACC00362
TXN0100419,hard_negative,,ACC00405,ACC00496
TXN0100420,hard_negative,,ACC00405,ACC00496
TXN0100421,hard_negative,,ACC00432,ACC00496
TXN0100422,hard_negative,,ACC00432,ACC00496
TXN0100423,hard_negative,,ACC00432,ACC00496
TXN0100424,hard_negative,,ACC00432,ACC00496
TXN0100425,hard_negative,,ACC00390,ACC00496
TXN0100426,hard_negative,,ACC00390,ACC00496
TXN0100427,hard_negative,,ACC00442,ACC00496
TXN0100428,hard_negative,,ACC00442,ACC00496
TXN0100429,hard_negative,,ACC00166,ACC00496
TXN0100430,hard_negative,,ACC00166,ACC00496
TXN0100431,hard_negative,,ACC00069,ACC00496
TXN0100432,hard_negative,,ACC00069,ACC00496
TXN0100433,hard_negative,,ACC00069,ACC00496
TXN0100434,hard_negative,,ACC00069,ACC00496
TXN0100435,hard_negative,,ACC00350,ACC00496
TXN0100436,hard_negative,,ACC00350,ACC00496
TXN0100437,hard_negative,,ACC00350,ACC00496
TXN0100438,hard_negative,,ACC00350,ACC00496
TXN0100439,hard_negative,,ACC00496,ACC00164
TXN0100440,hard_negative,,ACC00496,ACC00198
TXN0100441,hard_negative,,ACC00497,ACC00076
TXN0100442,hard_negative,,ACC00377,ACC00497
TXN0100443,hard_negative,,ACC00190,ACC00497
TXN0100444,hard_negative,,ACC00270,ACC00497
TXN0100445,hard_negative,,ACC00497,ACC00039
TXN0100446,hard_negative,,ACC00377,ACC00497
TXN0100447,hard_negative,,ACC00190,ACC00497
TXN0100448,hard_negative,,ACC00270,ACC00497
TXN0100449,hard_negative,,ACC00497,ACC00127
TXN0100450,hard_negative,,ACC00377,ACC00497
TXN0100451,hard_negative,,ACC00190,ACC00497
TXN0100452,hard_negative,,ACC00270,ACC00497
TXN0100453,hard_negative,,ACC00042,ACC00498
TXN0100454,hard_negative,,ACC00042,ACC00498
TXN0100455,hard_negative,,ACC00042,ACC00498
TXN0100456,hard_negative,,ACC00387,ACC00498
TXN0100457,hard_negative,,ACC00387,ACC00498
TXN0100458,hard_negative,,ACC00443,ACC00498
TXN0100459,hard_negative,,ACC00384,ACC00498
TXN0100460,hard_negative,,ACC00384,ACC00498
TXN0100461,hard_negative,,ACC00384,ACC00498
TXN0100462,hard_negative,,ACC00278,ACC00498
TXN0100463,hard_negative,,ACC00278,ACC00498
TXN0100464,hard_negative,,ACC00278,ACC00498
TXN0100465,hard_negative,,ACC00403,ACC00498
TXN0100466,hard_negative,,ACC00403,ACC00498
TXN0100467,hard_negative,,ACC00403,ACC00498
TXN0100468,hard_negative,,ACC00093,ACC00498
TXN0100469,hard_negative,,ACC00093,ACC00498
TXN0100470,hard_negative,,ACC00093,ACC00498
TXN0100471,hard_negative,,ACC00203,ACC00498
TXN0100472,hard_negative,,ACC00203,ACC00498
TXN0100473,hard_negative,,ACC00010,ACC00498
TXN0100474,hard_negative,,ACC00010,ACC00498
TXN0100475,hard_negative,,ACC00010,ACC00498
TXN0100476,hard_negative,,ACC00153,ACC00498
TXN0100477,hard_negative,,ACC00153,ACC00498
TXN0100478,hard_negative,,ACC00153,ACC00498
TXN0100479,hard_negative,,ACC00333,ACC00498
TXN0100480,hard_negative,,ACC00333,ACC00498
TXN0100481,hard_negative,,ACC00272,ACC00498
TXN0100482,hard_negative,,ACC00176,ACC00498
TXN0100483,hard_negative,,ACC00388,ACC00498
TXN0100484,hard_negative,,ACC00292,ACC00498
TXN0100485,hard_negative,,ACC00292,ACC00498
TXN0100486,hard_negative,,ACC00361,ACC00498
TXN0100487,hard_negative,,ACC00361,ACC00498
TXN0100488,hard_negative,,ACC00054,ACC00498
TXN0100489,hard_negative,,ACC00054,ACC00498
TXN0100490,hard_negative,,ACC00054,ACC00498
TXN0100491,hard_negative,,ACC00352,ACC00498
TXN0100492,hard_negative,,ACC00352,ACC00498
TXN0100493,hard_negative,,ACC00411,ACC00498
TXN0100494,hard_negative,,ACC00411,ACC00498
TXN0100495,hard_negative,,ACC00411,ACC00498
TXN0100496,hard_negative,,ACC00428,ACC00498
TXN0100497,hard_negative,,ACC00428,ACC00498
TXN0100498,hard_negative,,ACC00114,ACC00498
TXN0100499,hard_negative,,ACC00049,ACC00498
TXN0100500,hard_negative,,ACC00049,ACC00498
TXN0100501,hard_negative,,ACC00128,ACC00498
TXN0100502,hard_negative,,ACC00024,ACC00498
TXN0100503,hard_negative,,ACC00024,ACC00498
TXN0100504,hard_negative,,ACC00024,ACC00498
TXN0100505,hard_negative,,ACC00109,ACC00498
TXN0100506,hard_negative,,ACC00498,ACC00459
TXN0100507,hard_negative,,ACC00498,ACC00279
TXN0100508,hard_negative,,ACC00498,ACC00441
TXN0100509,hard_negative,,ACC00498,ACC00457
TXN0100510,hard_negative,,ACC00498,ACC00307
TXN0100511,hard_negative,,ACC00076,ACC00499
TXN0100512,hard_negative,,ACC00076,ACC00499
TXN0100513,hard_negative,,ACC00076,ACC00499
TXN0100514,hard_negative,,ACC00076,ACC00499
TXN0100515,hard_negative,,ACC00336,ACC00499
TXN0100516,hard_negative,,ACC00336,ACC00499
TXN0100517,hard_negative,,ACC00336,ACC00499
TXN0100518,hard_negative,,ACC00165,ACC00499
TXN0100519,hard_negative,,ACC00165,ACC00499
TXN0100520,hard_negative,,ACC00165,ACC00499
TXN0100521,hard_negative,,ACC00297,ACC00499
TXN0100522,hard_negative,,ACC00297,ACC00499
TXN0100523,hard_negative,,ACC00297,ACC00499
TXN0100524,hard_negative,,ACC00273,ACC00499
TXN0100525,hard_negative,,ACC00273,ACC00499
TXN0100526,hard_negative,,ACC00273,ACC00499
TXN0100527,hard_negative,,ACC00199,ACC00499
TXN0100528,hard_negative,,ACC00199,ACC00499
TXN0100529,hard_negative,,ACC00199,ACC00499
TXN0100530,hard_negative,,ACC00149,ACC00499
TXN0100531,hard_negative,,ACC00149,ACC00499
TXN0100532,hard_negative,,ACC00149,ACC00499
TXN0100533,hard_negative,,ACC00369,ACC00499
TXN0100534,hard_negative,,ACC00369,ACC00499
TXN0100535,hard_negative,,ACC00369,ACC00499
TXN0100536,hard_negative,,ACC00369,ACC00499
TXN0100537,hard_negative,,ACC00499,ACC00007
TXN0100538,hard_negative,,ACC00499,ACC00230
TXN0100539,hard_negative,,ACC00500,ACC00394
TXN0100540,hard_negative,,ACC00157,ACC00500
TXN0100541,hard_negative,,ACC00226,ACC00500
TXN0100542,hard_negative,,ACC00268,ACC00500
TXN0100543,hard_negative,,ACC00500,ACC00011
TXN0100544,hard_negative,,ACC00157,ACC00500
TXN0100545,hard_negative,,ACC00226,ACC00500
TXN0100546,hard_negative,,ACC00268,ACC00500
TXN0100547,hard_negative,,ACC00500,ACC00380
TXN0100548,hard_negative,,ACC00157,ACC00500
TXN0100549,hard_negative,,ACC00226,ACC00500
TXN0100550,hard_negative,,ACC00268,ACC00500
TXN0200000,fraud,ring1:victim->hop1,ACC00271,ACC00516
TXN0200001,fraud,ring1:hop1->hop2,ACC00516,ACC00541
TXN0200002,fraud,ring1:hop2->cashout,ACC00541,ACC00501
TXN0200003,fraud,ring2:victim->hop1,ACC00122,ACC00540
TXN0200004,fraud,ring2:hop1->hop2,ACC00540,ACC00549
TXN0200005,fraud,ring2:hop2->cashout,ACC00549,ACC00537
TXN0200006,fraud,ring3:victim->hop1,ACC00261,ACC00503
TXN0200007,fraud,ring3:hop1->hop2,ACC00503,ACC00546
TXN0200008,fraud,ring3:hop2->cashout,ACC00546,ACC00536
TXN0200009,fraud,ring4:victim->hop1,ACC00016,ACC00527
TXN0200010,fraud,ring4:hop1->hop2,ACC00527,ACC00507
TXN0200011,fraud,ring4:hop2->cashout,ACC00507,ACC00522
TXN0200012,fraud,ring5:victim->hop1,ACC00414,ACC00521
TXN0200013,fraud,ring5:hop1->hop2,ACC00521,ACC00528
TXN0200014,fraud,ring5:hop2->cashout,ACC00528,ACC00525
TXN0200015,fraud,ring6:victim->hop1,ACC00311,ACC00542
TXN0200016,fraud,ring6:hop1->hop2,ACC00542,ACC00539
TXN0200017,fraud,ring6:hop2->cashout,ACC00539,ACC00510
TXN0200018,fraud,ring7:victim->hop1,ACC00359,ACC00514
TXN0200019,fraud,ring7:hop1->hop2,ACC00514,ACC00524
TXN0200020,fraud,ring7:hop2->cashout,ACC00524,ACC00502
TXN0200021,fraud,ring8:fanin,ACC00419,ACC00509
TXN0200022,fraud,ring8:fanin,ACC00017,ACC00509
TXN0200023,fraud,ring8:fanin,ACC00297,ACC00509
TXN0200024,fraud,ring8:fanin,ACC00296,ACC00509
TXN0200025,fraud,ring8:fanin,ACC00123,ACC00509
TXN0200026,fraud,ring8:fanin,ACC00461,ACC00509
TXN0200027,fraud,ring8:fanin,ACC00494,ACC00509
TXN0200028,fraud,ring8:fanin,ACC00175,ACC00509
TXN0200029,fraud,ring8:fanin,ACC00269,ACC00509
TXN0200030,fraud,ring8:fanin,ACC00186,ACC00509
TXN0200031,fraud,ring8:fanin,ACC00079,ACC00509
TXN0200032,fraud,ring8:fanin,ACC00068,ACC00509
TXN0200033,fraud,ring8:fanin,ACC00231,ACC00509
TXN0200034,fraud,ring8:fanin,ACC00144,ACC00509
TXN0200035,fraud,ring8:fanin,ACC00446,ACC00509
TXN0200036,fraud,ring8:fanin,ACC00437,ACC00509
TXN0200037,fraud,ring8:fanin,ACC00062,ACC00509
TXN0200038,fraud,ring8:fanin,ACC00431,ACC00509
TXN0200039,fraud,ring8:payout,ACC00509,ACC00407
TXN0200040,fraud,ring9:fanin,ACC00408,ACC00550
TXN0200041,fraud,ring9:fanin,ACC00207,ACC00550
TXN0200042,fraud,ring9:fanin,ACC00135,ACC00550
TXN0200043,fraud,ring9:fanin,ACC00378,ACC00550
TXN0200044,fraud,ring9:fanin,ACC00078,ACC00550
TXN0200045,fraud,ring9:fanin,ACC00443,ACC00550
TXN0200046,fraud,ring9:fanin,ACC00035,ACC00550
TXN0200047,fraud,ring9:fanin,ACC00374,ACC00550
TXN0200048,fraud,ring9:fanin,ACC00107,ACC00550
TXN0200049,fraud,ring9:fanin,ACC00348,ACC00550
TXN0200050,fraud,ring9:fanin,ACC00250,ACC00550
TXN0200051,fraud,ring9:fanin,ACC00316,ACC00550
TXN0200052,fraud,ring9:fanin,ACC00034,ACC00550
TXN0200053,fraud,ring9:fanin,ACC00057,ACC00550
TXN0200054,fraud,ring9:fanin,ACC00373,ACC00550
TXN0200055,fraud,ring9:fanin,ACC00413,ACC00550
TXN0200056,fraud,ring9:fanin,ACC00162,ACC00550
TXN0200057,fraud,ring9:fanin,ACC00200,ACC00550
TXN0200058,fraud,ring9:fanin,ACC00484,ACC00550
TXN0200059,fraud,ring9:fanin,ACC00490,ACC00550
TXN0200060,fraud,ring9:fanin,ACC00297,ACC00550
TXN0200061,fraud,ring9:fanin,ACC00310,ACC00550
TXN0200062,fraud,ring9:fanin,ACC00447,ACC00550
TXN0200063,fraud,ring9:fanin,ACC00231,ACC00550
TXN0200064,fraud,ring9:fanin,ACC00475,ACC00550
TXN0200065,fraud,ring9:fanin,ACC00044,ACC00550
TXN0200066,fraud,ring9:fanin,ACC00185,ACC00550
TXN0200067,fraud,ring9:fanin,ACC00479,ACC00550
TXN0200068,fraud,ring9:fanin,ACC00018,ACC00550
TXN0200069,fraud,ring9:fanin,ACC00448,ACC00550
TXN0200070,fraud,ring9:fanin,ACC00288,ACC00550
TXN0200071,fraud,ring9:fanin,ACC00477,ACC00550
TXN0200072,fraud,ring9:fanin,ACC00398,ACC00550
TXN0200073,fraud,ring9:fanin,ACC00133,ACC00550
TXN0200074,fraud,ring9:fanin,ACC00229,ACC00550
TXN0200075,fraud,ring9:fanin,ACC00209,ACC00550
TXN0200076,fraud,ring9:fanin,ACC00215,ACC00550
TXN0200077,fraud,ring9:payout,ACC00550,ACC00361
TXN0200078,fraud,ring10:fanin,ACC00298,ACC00506
TXN0200079,fraud,ring10:fanin,ACC00395,ACC00506
TXN0200080,fraud,ring10:fanin,ACC00211,ACC00506
TXN0200081,fraud,ring10:fanin,ACC00292,ACC00506
TXN0200082,fraud,ring10:fanin,ACC00300,ACC00506
TXN0200083,fraud,ring10:fanin,ACC00271,ACC00506
TXN0200084,fraud,ring10:fanin,ACC00279,ACC00506
TXN0200085,fraud,ring10:fanin,ACC00176,ACC00506
TXN0200086,fraud,ring10:fanin,ACC00237,ACC00506
TXN0200087,fraud,ring10:fanin,ACC00326,ACC00506
TXN0200088,fraud,ring10:fanin,ACC00301,ACC00506
TXN0200089,fraud,ring10:fanin,ACC00360,ACC00506
TXN0200090,fraud,ring10:fanin,ACC00442,ACC00506
TXN0200091,fraud,ring10:fanin,ACC00112,ACC00506
TXN0200092,fraud,ring10:fanin,ACC00277,ACC00506
TXN0200093,fraud,ring10:fanin,ACC00349,ACC00506
TXN0200094,fraud,ring10:fanin,ACC00413,ACC00506
TXN0200095,fraud,ring10:fanin,ACC00115,ACC00506
TXN0200096,fraud,ring10:fanin,ACC00139,ACC00506
TXN0200097,fraud,ring10:fanin,ACC00064,ACC00506
TXN0200098,fraud,ring10:fanin,ACC00118,ACC00506
TXN0200099,fraud,ring10:fanin,ACC00286,ACC00506
TXN0200100,fraud,ring10:fanin,ACC00061,ACC00506
TXN0200101,fraud,ring10:fanin,ACC00445,ACC00506
TXN0200102,fraud,ring10:fanin,ACC00479,ACC00506
TXN0200103,fraud,ring10:fanin,ACC00113,ACC00506
TXN0200104,fraud,ring10:fanin,ACC00316,ACC00506
TXN0200105,fraud,ring10:fanin,ACC00058,ACC00506
TXN0200106,fraud,ring10:fanin,ACC00147,ACC00506
TXN0200107,fraud,ring10:fanin,ACC00014,ACC00506
TXN0200108,fraud,ring10:fanin,ACC00188,ACC00506
TXN0200109,fraud,ring10:fanin,ACC00421,ACC00506
TXN0200110,fraud,ring10:fanin,ACC00142,ACC00506
TXN0200111,fraud,ring10:fanin,ACC00181,ACC00506
TXN0200112,fraud,ring10:fanin,ACC00221,ACC00506
TXN0200113,fraud,ring10:fanin,ACC00280,ACC00506
TXN0200114,fraud,ring10:fanin,ACC00049,ACC00506
TXN0200115,fraud,ring10:fanin,ACC00082,ACC00506
TXN0200116,fraud,ring10:fanin,ACC00369,ACC00506
TXN0200117,fraud,ring10:fanin,ACC00405,ACC00506
TXN0200118,fraud,ring10:payout,ACC00506,ACC00008
TXN0200119,fraud,ring11:fanin,ACC00376,ACC00545
TXN0200120,fraud,ring11:fanin,ACC00318,ACC00545
TXN0200121,fraud,ring11:fanin,ACC00091,ACC00545
TXN0200122,fraud,ring11:fanin,ACC00132,ACC00545
TXN0200123,fraud,ring11:fanin,ACC00202,ACC00545
TXN0200124,fraud,ring11:fanin,ACC00027,ACC00545
TXN0200125,fraud,ring11:fanin,ACC00237,ACC00545
TXN0200126,fraud,ring11:fanin,ACC00426,ACC00545
TXN0200127,fraud,ring11:fanin,ACC00214,ACC00545
TXN0200128,fraud,ring11:fanin,ACC00093,ACC00545
TXN0200129,fraud,ring11:fanin,ACC00436,ACC00545
TXN0200130,fraud,ring11:fanin,ACC00219,ACC00545
TXN0200131,fraud,ring11:fanin,ACC00106,ACC00545
TXN0200132,fraud,ring11:fanin,ACC00418,ACC00545
TXN0200133,fraud,ring11:fanin,ACC00080,ACC00545
TXN0200134,fraud,ring11:fanin,ACC00231,ACC00545
TXN0200135,fraud,ring11:fanin,ACC00129,ACC00545
TXN0200136,fraud,ring11:fanin,ACC00291,ACC00545
TXN0200137,fraud,ring11:fanin,ACC00470,ACC00545
TXN0200138,fraud,ring11:fanin,ACC00071,ACC00545
TXN0200139,fraud,ring11:fanin,ACC00378,ACC00545
TXN0200140,fraud,ring11:fanin,ACC00177,ACC00545
TXN0200141,fraud,ring11:fanin,ACC00193,ACC00545
TXN0200142,fraud,ring11:fanin,ACC00062,ACC00545
TXN0200143,fraud,ring11:fanin,ACC00087,ACC00545
TXN0200144,fraud,ring11:fanin,ACC00276,ACC00545
TXN0200145,fraud,ring11:fanin,ACC00166,ACC00545
TXN0200146,fraud,ring11:fanin,ACC00121,ACC00545
TXN0200147,fraud,ring11:fanin,ACC00300,ACC00545
TXN0200148,fraud,ring11:fanin,ACC00126,ACC00545
TXN0200149,fraud,ring11:fanin,ACC00060,ACC00545
TXN0200150,fraud,ring11:fanin,ACC00052,ACC00545
TXN0200151,fraud,ring11:fanin,ACC00125,ACC00545
TXN0200152,fraud,ring11:fanin,ACC00089,ACC00545
TXN0200153,fraud,ring11:fanin,ACC00026,ACC00545
TXN0200154,fraud,ring11:fanin,ACC00021,ACC00545
TXN0200155,fraud,ring11:fanin,ACC00288,ACC00545
TXN0200156,fraud,ring11:payout,ACC00545,ACC00155
TXN0200157,fraud,ring12:fanin,ACC00304,ACC00520
TXN0200158,fraud,ring12:fanin,ACC00334,ACC00520
TXN0200159,fraud,ring12:fanin,ACC00389,ACC00520
TXN0200160,fraud,ring12:fanin,ACC00135,ACC00520
TXN0200161,fraud,ring12:fanin,ACC00327,ACC00520
TXN0200162,fraud,ring12:fanin,ACC00226,ACC00520
TXN0200163,fraud,ring12:fanin,ACC00116,ACC00520
TXN0200164,fraud,ring12:fanin,ACC00042,ACC00520
TXN0200165,fraud,ring12:fanin,ACC00291,ACC00520
TXN0200166,fraud,ring12:fanin,ACC00241,ACC00520
TXN0200167,fraud,ring12:fanin,ACC00265,ACC00520
TXN0200168,fraud,ring12:fanin,ACC00261,ACC00520
TXN0200169,fraud,ring12:fanin,ACC00424,ACC00520
TXN0200170,fraud,ring12:fanin,ACC00236,ACC00520
TXN0200171,fraud,ring12:fanin,ACC00284,ACC00520
TXN0200172,fraud,ring12:fanin,ACC00420,ACC00520
TXN0200173,fraud,ring12:fanin,ACC00166,ACC00520
TXN0200174,fraud,ring12:fanin,ACC00108,ACC00520
TXN0200175,fraud,ring12:fanin,ACC00102,ACC00520
TXN0200176,fraud,ring12:fanin,ACC00289,ACC00520
TXN0200177,fraud,ring12:fanin,ACC00177,ACC00520
TXN0200178,fraud,ring12:fanin,ACC00222,ACC00520
TXN0200179,fraud,ring12:fanin,ACC00409,ACC00520
TXN0200180,fraud,ring12:fanin,ACC00268,ACC00520
TXN0200181,fraud,ring12:fanin,ACC00095,ACC00520
TXN0200182,fraud,ring12:fanin,ACC00118,ACC00520
TXN0200183,fraud,ring12:fanin,ACC00230,ACC00520
TXN0200184,fraud,ring12:fanin,ACC00039,ACC00520
TXN0200185,fraud,ring12:fanin,ACC00342,ACC00520
TXN0200186,fraud,ring12:fanin,ACC00405,ACC00520
TXN0200187,fraud,ring12:fanin,ACC00363,ACC00520
TXN0200188,fraud,ring12:fanin,ACC00246,ACC00520
TXN0200189,fraud,ring12:payout,ACC00520,ACC00179
TXN0200190,fraud,ring13:fanin,ACC00452,ACC00533
TXN0200191,fraud,ring13:fanin,ACC00145,ACC00533
TXN0200192,fraud,ring13:fanin,ACC00125,ACC00533
TXN0200193,fraud,ring13:fanin,ACC00003,ACC00533
TXN0200194,fraud,ring13:fanin,ACC00333,ACC00533
TXN0200195,fraud,ring13:fanin,ACC00070,ACC00533
TXN0200196,fraud,ring13:fanin,ACC00460,ACC00533
TXN0200197,fraud,ring13:fanin,ACC00328,ACC00533
TXN0200198,fraud,ring13:fanin,ACC00386,ACC00533
TXN0200199,fraud,ring13:fanin,ACC00108,ACC00533
TXN0200200,fraud,ring13:fanin,ACC00401,ACC00533
TXN0200201,fraud,ring13:fanin,ACC00287,ACC00533
TXN0200202,fraud,ring13:fanin,ACC00184,ACC00533
TXN0200203,fraud,ring13:fanin,ACC00476,ACC00533
TXN0200204,fraud,ring13:fanin,ACC00153,ACC00533
TXN0200205,fraud,ring13:fanin,ACC00164,ACC00533
TXN0200206,fraud,ring13:payout,ACC00533,ACC00108
TXN0200207,fraud,ring14:fanin,ACC00144,ACC00534
TXN0200208,fraud,ring14:fanin,ACC00219,ACC00534
TXN0200209,fraud,ring14:fanin,ACC00374,ACC00534
TXN0200210,fraud,ring14:fanin,ACC00296,ACC00534
TXN0200211,fraud,ring14:fanin,ACC00188,ACC00534
TXN0200212,fraud,ring14:fanin,ACC00306,ACC00534
TXN0200213,fraud,ring14:fanin,ACC00222,ACC00534
TXN0200214,fraud,ring14:fanin,ACC00065,ACC00534
TXN0200215,fraud,ring14:fanin,ACC00127,ACC00534
TXN0200216,fraud,ring14:fanin,ACC00254,ACC00534
TXN0200217,fraud,ring14:fanin,ACC00497,ACC00534
TXN0200218,fraud,ring14:fanin,ACC00166,ACC00534
TXN0200219,fraud,ring14:fanin,ACC00185,ACC00534
TXN0200220,fraud,ring14:fanin,ACC00272,ACC00534
TXN0200221,fraud,ring14:fanin,ACC00460,ACC00534
TXN0200222,fraud,ring14:fanin,ACC00420,ACC00534
TXN0200223,fraud,ring14:fanin,ACC00071,ACC00534
TXN0200224,fraud,ring14:fanin,ACC00085,ACC00534
TXN0200225,fraud,ring14:fanin,ACC00020,ACC00534
TXN0200226,fraud,ring14:fanin,ACC00142,ACC00534
TXN0200227,fraud,ring14:fanin,ACC00097,ACC00534
TXN0200228,fraud,ring14:fanin,ACC00157,ACC00534
TXN0200229,fraud,ring14:fanin,ACC00123,ACC00534
TXN0200230,fraud,ring14:fanin,ACC00193,ACC00534
TXN0200231,fraud,ring14:fanin,ACC00136,ACC00534
TXN0200232,fraud,ring14:fanin,ACC00282,ACC00534
TXN0200233,fraud,ring14:fanin,ACC00115,ACC00534
TXN0200234,fraud,ring14:fanin,ACC00010,ACC00534
TXN0200235,fraud,ring14:fanin,ACC00337,ACC00534
TXN0200236,fraud,ring14:fanin,ACC00078,ACC00534
TXN0200237,fraud,ring14:payout,ACC00534,ACC00097
TXN0200238,fraud,ring15:fanin,ACC00453,ACC00511
TXN0200239,fraud,ring15:fanin,ACC00188,ACC00511
TXN0200240,fraud,ring15:fanin,ACC00424,ACC00511
TXN0200241,fraud,ring15:fanin,ACC00460,ACC00511
TXN0200242,fraud,ring15:fanin,ACC00271,ACC00511
TXN0200243,fraud,ring15:fanin,ACC00435,ACC00511
TXN0200244,fraud,ring15:fanin,ACC00041,ACC00511
TXN0200245,fraud,ring15:fanin,ACC00035,ACC00511
TXN0200246,fraud,ring15:fanin,ACC00419,ACC00511
TXN0200247,fraud,ring15:fanin,ACC00198,ACC00511
TXN0200248,fraud,ring15:fanin,ACC00213,ACC00511
TXN0200249,fraud,ring15:fanin,ACC00385,ACC00511
TXN0200250,fraud,ring15:fanin,ACC00470,ACC00511
TXN0200251,fraud,ring15:fanin,ACC00171,ACC00511
TXN0200252,fraud,ring15:fanin,ACC00416,ACC00511
TXN0200253,fraud,ring15:fanin,ACC00490,ACC00511
TXN0200254,fraud,ring15:fanin,ACC00452,ACC00511
TXN0200255,fraud,ring15:fanin,ACC00233,ACC00511
TXN0200256,fraud,ring15:fanin,ACC00317,ACC00511
TXN0200257,fraud,ring15:fanin,ACC00478,ACC00511
TXN0200258,fraud,ring15:fanin,ACC00089,ACC00511
TXN0200259,fraud,ring15:fanin,ACC00249,ACC00511
TXN0200260,fraud,ring15:fanin,ACC00026,ACC00511
TXN0200261,fraud,ring15:fanin,ACC00273,ACC00511
TXN0200262,fraud,ring15:fanin,ACC00061,ACC00511
TXN0200263,fraud,ring15:fanin,ACC00016,ACC00511
TXN0200264,fraud,ring15:fanin,ACC00195,ACC00511
TXN0200265,fraud,ring15:fanin,ACC00156,ACC00511
TXN0200266,fraud,ring15:fanin,ACC00482,ACC00511
TXN0200267,fraud,ring15:fanin,ACC00119,ACC00511
TXN0200268,fraud,ring15:fanin,ACC00291,ACC00511
TXN0200269,fraud,ring15:fanin,ACC00162,ACC00511
TXN0200270,fraud,ring15:fanin,ACC00315,ACC00511
TXN0200271,fraud,ring15:fanin,ACC00441,ACC00511
TXN0200272,fraud,ring15:fanin,ACC00172,ACC00511
TXN0200273,fraud,ring15:fanin,ACC00054,ACC00511
TXN0200274,fraud,ring15:fanin,ACC00068,ACC00511
TXN0200275,fraud,ring15:fanin,ACC00367,ACC00511
TXN0200276,fraud,ring15:payout,ACC00511,ACC00333
TXN0200277,fraud,ring16:fanin,ACC00130,ACC00504
TXN0200278,fraud,ring16:fanin,ACC00480,ACC00504
TXN0200279,fraud,ring16:fanin,ACC00022,ACC00504
TXN0200280,fraud,ring16:fanin,ACC00410,ACC00504
TXN0200281,fraud,ring16:fanin,ACC00344,ACC00504
TXN0200282,fraud,ring16:fanin,ACC00056,ACC00504
TXN0200283,fraud,ring16:fanin,ACC00448,ACC00504
TXN0200284,fraud,ring16:fanin,ACC00345,ACC00504
TXN0200285,fraud,ring16:fanin,ACC00442,ACC00504
TXN0200286,fraud,ring16:fanin,ACC00332,ACC00504
TXN0200287,fraud,ring16:fanin,ACC00075,ACC00504
TXN0200288,fraud,ring16:fanin,ACC00266,ACC00504
TXN0200289,fraud,ring16:fanin,ACC00026,ACC00504
TXN0200290,fraud,ring16:fanin,ACC00317,ACC00504
TXN0200291,fraud,ring16:fanin,ACC00154,ACC00504
TXN0200292,fraud,ring16:payout,ACC00504,ACC00043
TXN0200293,fraud,ring17:fanin,ACC00293,ACC00530
TXN0200294,fraud,ring17:fanin,ACC00052,ACC00530
TXN0200295,fraud,ring17:fanin,ACC00382,ACC00530
TXN0200296,fraud,ring17:fanin,ACC00070,ACC00530
TXN0200297,fraud,ring17:fanin,ACC00210,ACC00530
TXN0200298,fraud,ring17:fanin,ACC00049,ACC00530
TXN0200299,fraud,ring17:fanin,ACC00062,ACC00530
TXN0200300,fraud,ring17:fanin,ACC00423,ACC00530
TXN0200301,fraud,ring17:fanin,ACC00128,ACC00530
TXN0200302,fraud,ring17:fanin,ACC00105,ACC00530
TXN0200303,fraud,ring17:fanin,ACC00251,ACC00530
TXN0200304,fraud,ring17:fanin,ACC00120,ACC00530
TXN0200305,fraud,ring17:fanin,ACC00297,ACC00530
TXN0200306,fraud,ring17:fanin,ACC00314,ACC00530
TXN0200307,fraud,ring17:fanin,ACC00074,ACC00530
TXN0200308,fraud,ring17:payout,ACC00530,ACC00302
TXN0200309,fraud,ring18:fanin,ACC00032,ACC00532
TXN0200310,fraud,ring18:fanin,ACC00067,ACC00532
TXN0200311,fraud,ring18:fanin,ACC00192,ACC00532
TXN0200312,fraud,ring18:fanin,ACC00137,ACC00532
TXN0200313,fraud,ring18:fanin,ACC00288,ACC00532
TXN0200314,fraud,ring18:fanin,ACC00085,ACC00532
TXN0200315,fraud,ring18:fanin,ACC00406,ACC00532
TXN0200316,fraud,ring18:fanin,ACC00426,ACC00532
TXN0200317,fraud,ring18:fanin,ACC00453,ACC00532
TXN0200318,fraud,ring18:fanin,ACC00289,ACC00532
TXN0200319,fraud,ring18:fanin,ACC00439,ACC00532
TXN0200320,fraud,ring18:fanin,ACC00334,ACC00532
TXN0200321,fraud,ring18:fanin,ACC00410,ACC00532
TXN0200322,fraud,ring18:fanin,ACC00241,ACC00532
TXN0200323,fraud,ring18:fanin,ACC00332,ACC00532
TXN0200324,fraud,ring18:fanin,ACC00150,ACC00532
TXN0200325,fraud,ring18:fanin,ACC00224,ACC00532
TXN0200326,fraud,ring18:fanin,ACC00323,ACC00532
TXN0200327,fraud,ring18:fanin,ACC00046,ACC00532
TXN0200328,fraud,ring18:fanin,ACC00164,ACC00532
TXN0200329,fraud,ring18:fanin,ACC00447,ACC00532
TXN0200330,fraud,ring18:fanin,ACC00329,ACC00532
TXN0200331,fraud,ring18:fanin,ACC00357,ACC00532
TXN0200332,fraud,ring18:fanin,ACC00119,ACC00532
TXN0200333,fraud,ring18:fanin,ACC00227,ACC00532
TXN0200334,fraud,ring18:fanin,ACC00160,ACC00532
TXN0200335,fraud,ring18:payout,ACC00532,ACC00442
TXN0200336,fraud,ring19:fanin,ACC00048,ACC00517
TXN0200337,fraud,ring19:fanin,ACC00094,ACC00517
TXN0200338,fraud,ring19:fanin,ACC00297,ACC00517
TXN0200339,fraud,ring19:fanin,ACC00266,ACC00517
TXN0200340,fraud,ring19:fanin,ACC00244,ACC00517
TXN0200341,fraud,ring19:fanin,ACC00365,ACC00517
TXN0200342,fraud,ring19:fanin,ACC00487,ACC00517
TXN0200343,fraud,ring19:fanin,ACC00111,ACC00517
TXN0200344,fraud,ring19:fanin,ACC00272,ACC00517
TXN0200345,fraud,ring19:fanin,ACC00140,ACC00517
TXN0200346,fraud,ring19:fanin,ACC00151,ACC00517
TXN0200347,fraud,ring19:fanin,ACC00175,ACC00517
TXN0200348,fraud,ring19:fanin,ACC00041,ACC00517
TXN0200349,fraud,ring19:fanin,ACC00308,ACC00517
TXN0200350,fraud,ring19:fanin,ACC00387,ACC00517
TXN0200351,fraud,ring19:fanin,ACC00453,ACC00517
TXN0200352,fraud,ring19:fanin,ACC00127,ACC00517
TXN0200353,fraud,ring19:fanin,ACC00054,ACC00517
TXN0200354,fraud,ring19:fanin,ACC00278,ACC00517
TXN0200355,fraud,ring19:fanin,ACC00260,ACC00517
TXN0200356,fraud,ring19:fanin,ACC00485,ACC00517
TXN0200357,fraud,ring19:fanin,ACC00173,ACC00517
TXN0200358,fraud,ring19:fanin,ACC00219,ACC00517
TXN0200359,fraud,ring19:fanin,ACC00045,ACC00517
TXN0200360,fraud,ring19:fanin,ACC00198,ACC00517
TXN0200361,fraud,ring19:fanin,ACC00370,ACC00517
TXN0200362,fraud,ring19:fanin,ACC00394,ACC00517
TXN0200363,fraud,ring19:fanin,ACC00477,ACC00517
TXN0200364,fraud,ring19:fanin,ACC00483,ACC00517
TXN0200365,fraud,ring19:fanin,ACC00340,ACC00517
TXN0200366,fraud,ring19:fanin,ACC00246,ACC00517
TXN0200367,fraud,ring19:fanin,ACC00390,ACC00517
TXN0200368,fraud,ring19:fanin,ACC00051,ACC00517
TXN0200369,fraud,ring19:fanin,ACC00349,ACC00517
TXN0200370,fraud,ring19:payout,ACC00517,ACC00263
TXN0200371,fraud,ring20:fanin,ACC00437,ACC00529
TXN0200372,fraud,ring20:fanin,ACC00051,ACC00529
TXN0200373,fraud,ring20:fanin,ACC00337,ACC00529
TXN0200374,fraud,ring20:fanin,ACC00434,ACC00529
TXN0200375,fraud,ring20:fanin,ACC00353,ACC00529
TXN0200376,fraud,ring20:fanin,ACC00013,ACC00529
TXN0200377,fraud,ring20:fanin,ACC00164,ACC00529
TXN0200378,fraud,ring20:fanin,ACC00146,ACC00529
TXN0200379,fraud,ring20:fanin,ACC00494,ACC00529
TXN0200380,fraud,ring20:fanin,ACC00459,ACC00529
TXN0200381,fraud,ring20:fanin,ACC00145,ACC00529
TXN0200382,fraud,ring20:fanin,ACC00225,ACC00529
TXN0200383,fraud,ring20:fanin,ACC00257,ACC00529
TXN0200384,fraud,ring20:fanin,ACC00298,ACC00529
TXN0200385,fraud,ring20:fanin,ACC00158,ACC00529
TXN0200386,fraud,ring20:fanin,ACC00322,ACC00529
TXN0200387,fraud,ring20:fanin,ACC00099,ACC00529
TXN0200388,fraud,ring20:fanin,ACC00300,ACC00529
TXN0200389,fraud,ring20:fanin,ACC00092,ACC00529
TXN0200390,fraud,ring20:fanin,ACC00097,ACC00529
TXN0200391,fraud,ring20:fanin,ACC00441,ACC00529
TXN0200392,fraud,ring20:fanin,ACC00443,ACC00529
TXN0200393,fraud,ring20:fanin,ACC00312,ACC00529
TXN0200394,fraud,ring20:fanin,ACC00068,ACC00529
TXN0200395,fraud,ring20:fanin,ACC00258,ACC00529
TXN0200396,fraud,ring20:fanin,ACC00169,ACC00529
TXN0200397,fraud,ring20:fanin,ACC00427,ACC00529
TXN0200398,fraud,ring20:fanin,ACC00444,ACC00529
TXN0200399,fraud,ring20:fanin,ACC00336,ACC00529
TXN0200400,fraud,ring20:fanin,ACC00476,ACC00529
TXN0200401,fraud,ring20:fanin,ACC00115,ACC00529
TXN0200402,fraud,ring20:fanin,ACC00269,ACC00529
TXN0200403,fraud,ring20:fanin,ACC00243,ACC00529
TXN0200404,fraud,ring20:fanin,ACC00450,ACC00529
TXN0200405,fraud,ring20:fanin,ACC00417,ACC00529
TXN0200406,fraud,ring20:fanin,ACC00469,ACC00529
TXN0200407,fraud,ring20:fanin,ACC00004,ACC00529
TXN0200408,fraud,ring20:payout,ACC00529,ACC00428
TXN0200409,fraud,ring21:fanin,ACC00194,ACC00548
TXN0200410,fraud,ring21:fanin,ACC00119,ACC00548
TXN0200411,fraud,ring21:fanin,ACC00213,ACC00548
TXN0200412,fraud,ring21:fanin,ACC00132,ACC00548
TXN0200413,fraud,ring21:fanin,ACC00044,ACC00548
TXN0200414,fraud,ring21:fanin,ACC00445,ACC00548
TXN0200415,fraud,ring21:fanin,ACC00309,ACC00548
TXN0200416,fraud,ring21:fanin,ACC00317,ACC00548
TXN0200417,fraud,ring21:fanin,ACC00381,ACC00548
TXN0200418,fraud,ring21:fanin,ACC00210,ACC00548
TXN0200419,fraud,ring21:fanin,ACC00326,ACC00548
TXN0200420,fraud,ring21:fanin,ACC00457,ACC00548
TXN0200421,fraud,ring21:fanin,ACC00152,ACC00548
TXN0200422,fraud,ring21:fanin,ACC00461,ACC00548
TXN0200423,fraud,ring21:fanin,ACC00191,ACC00548
TXN0200424,fraud,ring21:fanin,ACC00187,ACC00548
TXN0200425,fraud,ring21:fanin,ACC00330,ACC00548
TXN0200426,fraud,ring21:fanin,ACC00142,ACC00548
TXN0200427,fraud,ring21:fanin,ACC00369,ACC00548
TXN0200428,fraud,ring21:fanin,ACC00115,ACC00548
TXN0200429,fraud,ring21:fanin,ACC00215,ACC00548
TXN0200430,fraud,ring21:fanin,ACC00489,ACC00548
TXN0200431,fraud,ring21:fanin,ACC00436,ACC00548
TXN0200432,fraud,ring21:fanin,ACC00400,ACC00548
TXN0200433,fraud,ring21:payout,ACC00548,ACC00021
TXN0200434,fraud,ring22:fanin,ACC00361,ACC00513
TXN0200435,fraud,ring22:fanin,ACC00212,ACC00513
TXN0200436,fraud,ring22:fanin,ACC00139,ACC00513
TXN0200437,fraud,ring22:fanin,ACC00391,ACC00513
TXN0200438,fraud,ring22:fanin,ACC00411,ACC00513
TXN0200439,fraud,ring22:fanin,ACC00388,ACC00513
TXN0200440,fraud,ring22:fanin,ACC00428,ACC00513
TXN0200441,fraud,ring22:fanin,ACC00372,ACC00513
TXN0200442,fraud,ring22:fanin,ACC00049,ACC00513
TXN0200443,fraud,ring22:fanin,ACC00414,ACC00513
TXN0200444,fraud,ring22:fanin,ACC00297,ACC00513
TXN0200445,fraud,ring22:fanin,ACC00273,ACC00513
TXN0200446,fraud,ring22:fanin,ACC00440,ACC00513
TXN0200447,fraud,ring22:fanin,ACC00486,ACC00513
TXN0200448,fraud,ring22:fanin,ACC00339,ACC00513
TXN0200449,fraud,ring22:fanin,ACC00357,ACC00513
TXN0200450,fraud,ring22:fanin,ACC00008,ACC00513
TXN0200451,fraud,ring22:fanin,ACC00271,ACC00513
TXN0200452,fraud,ring22:fanin,ACC00037,ACC00513
TXN0200453,fraud,ring22:fanin,ACC00450,ACC00513
TXN0200454,fraud,ring22:fanin,ACC00186,ACC00513
TXN0200455,fraud,ring22:fanin,ACC00491,ACC00513
TXN0200456,fraud,ring22:fanin,ACC00492,ACC00513
TXN0200457,fraud,ring22:payout,ACC00513,ACC00355
TXN0200458,fraud,ring23:fanin,ACC00148,ACC00523
TXN0200459,fraud,ring23:fanin,ACC00212,ACC00523
TXN0200460,fraud,ring23:fanin,ACC00264,ACC00523
TXN0200461,fraud,ring23:fanin,ACC00041,ACC00523
TXN0200462,fraud,ring23:fanin,ACC00401,ACC00523
TXN0200463,fraud,ring23:fanin,ACC00174,ACC00523
TXN0200464,fraud,ring23:fanin,ACC00307,ACC00523
TXN0200465,fraud,ring23:fanin,ACC00409,ACC00523
TXN0200466,fraud,ring23:fanin,ACC00167,ACC00523
TXN0200467,fraud,ring23:fanin,ACC00226,ACC00523
TXN0200468,fraud,ring23:fanin,ACC00449,ACC00523
TXN0200469,fraud,ring23:fanin,ACC00204,ACC00523
TXN0200470,fraud,ring23:fanin,ACC00318,ACC00523
TXN0200471,fraud,ring23:fanin,ACC00211,ACC00523
TXN0200472,fraud,ring23:fanin,ACC00456,ACC00523
TXN0200473,fraud,ring23:fanin,ACC00410,ACC00523
TXN0200474,fraud,ring23:fanin,ACC00412,ACC00523
TXN0200475,fraud,ring23:fanin,ACC00084,ACC00523
TXN0200476,fraud,ring23:fanin,ACC00181,ACC00523
TXN0200477,fraud,ring23:fanin,ACC00263,ACC00523
TXN0200478,fraud,ring23:fanin,ACC00193,ACC00523
TXN0200479,fraud,ring23:fanin,ACC00216,ACC00523
TXN0200480,fraud,ring23:fanin,ACC00349,ACC00523
TXN0200481,fraud,ring23:fanin,ACC00194,ACC00523
TXN0200482,fraud,ring23:fanin,ACC00100,ACC00523
TXN0200483,fraud,ring23:payout,ACC00523,ACC00113
TXN0200484,fraud,ring24:fanin,ACC00452,ACC00519
TXN0200485,fraud,ring24:fanin,ACC00063,ACC00519
TXN0200486,fraud,ring24:fanin,ACC00209,ACC00519
TXN0200487,fraud,ring24:fanin,ACC00227,ACC00519
TXN0200488,fraud,ring24:fanin,ACC00383,ACC00519
TXN0200489,fraud,ring24:fanin,ACC00302,ACC00519
TXN0200490,fraud,ring24:fanin,ACC00031,ACC00519
TXN0200491,fraud,ring24:fanin,ACC00011,ACC00519
TXN0200492,fraud,ring24:fanin,ACC00451,ACC00519
TXN0200493,fraud,ring24:fanin,ACC00243,ACC00519
TXN0200494,fraud,ring24:fanin,ACC00486,ACC00519
TXN0200495,fraud,ring24:fanin,ACC00484,ACC00519
TXN0200496,fraud,ring24:fanin,ACC00322,ACC00519
TXN0200497,fraud,ring24:fanin,ACC00382,ACC00519
TXN0200498,fraud,ring24:fanin,ACC00033,ACC00519
TXN0200499,fraud,ring24:fanin,ACC00473,ACC00519
TXN0200500,fraud,ring24:fanin,ACC00041,ACC00519
TXN0200501,fraud,ring24:fanin,ACC00378,ACC00519
TXN0200502,fraud,ring24:fanin,ACC00447,ACC00519
TXN0200503,fraud,ring24:fanin,ACC00246,ACC00519
TXN0200504,fraud,ring24:fanin,ACC00363,ACC00519
TXN0200505,fraud,ring24:fanin,ACC00174,ACC00519
TXN0200506,fraud,ring24:fanin,ACC00424,ACC00519
TXN0200507,fraud,ring24:fanin,ACC00262,ACC00519
TXN0200508,fraud,ring24:fanin,ACC00014,ACC00519
TXN0200509,fraud,ring24:fanin,ACC00443,ACC00519
TXN0200510,fraud,ring24:fanin,ACC00082,ACC00519
TXN0200511,fraud,ring24:fanin,ACC00419,ACC00519
TXN0200512,fraud,ring24:payout,ACC00519,ACC00256
TXN0200513,fraud,ring25:fanin,ACC00156,ACC00505
TXN0200514,fraud,ring25:fanin,ACC00084,ACC00505
TXN0200515,fraud,ring25:fanin,ACC00310,ACC00505
TXN0200516,fraud,ring25:fanin,ACC00021,ACC00505
TXN0200517,fraud,ring25:fanin,ACC00486,ACC00505
TXN0200518,fraud,ring25:fanin,ACC00372,ACC00505
TXN0200519,fraud,ring25:fanin,ACC00427,ACC00505
TXN0200520,fraud,ring25:fanin,ACC00199,ACC00505
TXN0200521,fraud,ring25:fanin,ACC00067,ACC00505
TXN0200522,fraud,ring25:fanin,ACC00300,ACC00505
TXN0200523,fraud,ring25:fanin,ACC00274,ACC00505
TXN0200524,fraud,ring25:fanin,ACC00048,ACC00505
TXN0200525,fraud,ring25:fanin,ACC00131,ACC00505
TXN0200526,fraud,ring25:fanin,ACC00487,ACC00505
TXN0200527,fraud,ring25:fanin,ACC00166,ACC00505
TXN0200528,fraud,ring25:fanin,ACC00022,ACC00505
TXN0200529,fraud,ring25:fanin,ACC00163,ACC00505
TXN0200530,fraud,ring25:fanin,ACC00194,ACC00505
TXN0200531,fraud,ring25:fanin,ACC00411,ACC00505
TXN0200532,fraud,ring25:fanin,ACC00066,ACC00505
TXN0200533,fraud,ring25:fanin,ACC00178,ACC00505
TXN0200534,fraud,ring25:fanin,ACC00137,ACC00505
TXN0200535,fraud,ring25:fanin,ACC00340,ACC00505
TXN0200536,fraud,ring25:fanin,ACC00155,ACC00505
TXN0200537,fraud,ring25:fanin,ACC00463,ACC00505
TXN0200538,fraud,ring25:fanin,ACC00297,ACC00505
TXN0200539,fraud,ring25:fanin,ACC00016,ACC00505
TXN0200540,fraud,ring25:fanin,ACC00281,ACC00505
TXN0200541,fraud,ring25:fanin,ACC00327,ACC00505
TXN0200542,fraud,ring25:fanin,ACC00248,ACC00505
TXN0200543,fraud,ring25:fanin,ACC00286,ACC00505
TXN0200544,fraud,ring25:fanin,ACC00023,ACC00505
TXN0200545,fraud,ring25:fanin,ACC00037,ACC00505
TXN0200546,fraud,ring25:fanin,ACC00258,ACC00505
TXN0200547,fraud,ring25:fanin,ACC00262,ACC00505
TXN0200548,fraud,ring25:fanin,ACC00135,ACC00505
TXN0200549,fraud,ring25:fanin,ACC00012,ACC00505
TXN0200550,fraud,ring25:fanin,ACC00448,ACC00505
TXN0200551,fraud,ring25:fanin,ACC00054,ACC00505
TXN0200552,fraud,ring25:payout,ACC00505,ACC00387
TXN0200553,fraud,ring26:fanin,ACC00409,ACC00547
TXN0200554,fraud,ring26:fanin,ACC00370,ACC00547
TXN0200555,fraud,ring26:fanin,ACC00244,ACC00547
TXN0200556,fraud,ring26:fanin,ACC00255,ACC00547
TXN0200557,fraud,ring26:fanin,ACC00123,ACC00547
TXN0200558,fraud,ring26:fanin,ACC00441,ACC00547
TXN0200559,fraud,ring26:fanin,ACC00053,ACC00547
TXN0200560,fraud,ring26:fanin,ACC00282,ACC00547
TXN0200561,fraud,ring26:fanin,ACC00005,ACC00547
TXN0200562,fraud,ring26:fanin,ACC00451,ACC00547
TXN0200563,fraud,ring26:fanin,ACC00486,ACC00547
TXN0200564,fraud,ring26:fanin,ACC00293,ACC00547
TXN0200565,fraud,ring26:fanin,ACC00101,ACC00547
TXN0200566,fraud,ring26:fanin,ACC00345,ACC00547
TXN0200567,fraud,ring26:fanin,ACC00104,ACC00547
TXN0200568,fraud,ring26:fanin,ACC00488,ACC00547
TXN0200569,fraud,ring26:fanin,ACC00374,ACC00547
TXN0200570,fraud,ring26:fanin,ACC00079,ACC00547
TXN0200571,fraud,ring26:fanin,ACC00275,ACC00547
TXN0200572,fraud,ring26:fanin,ACC00042,ACC00547
TXN0200573,fraud,ring26:fanin,ACC00450,ACC00547
TXN0200574,fraud,ring26:payout,ACC00547,ACC00499
TXN0200575,fraud,ring27:fanin,ACC00190,ACC00544
TXN0200576,fraud,ring27:fanin,ACC00003,ACC00544
TXN0200577,fraud,ring27:fanin,ACC00295,ACC00544
TXN0200578,fraud,ring27:fanin,ACC00045,ACC00544
TXN0200579,fraud,ring27:fanin,ACC00363,ACC00544
TXN0200580,fraud,ring27:fanin,ACC00056,ACC00544
TXN0200581,fraud,ring27:fanin,ACC00167,ACC00544
TXN0200582,fraud,ring27:fanin,ACC00445,ACC00544
TXN0200583,fraud,ring27:fanin,ACC00342,ACC00544
TXN0200584,fraud,ring27:fanin,ACC00104,ACC00544
TXN0200585,fraud,ring27:fanin,ACC00078,ACC00544
TXN0200586,fraud,ring27:fanin,ACC00362,ACC00544
TXN0200587,fraud,ring27:fanin,ACC00073,ACC00544
TXN0200588,fraud,ring27:fanin,ACC00246,ACC00544
TXN0200589,fraud,ring27:fanin,ACC00198,ACC00544
TXN0200590,fraud,ring27:fanin,ACC00332,ACC00544
TXN0200591,fraud,ring27:fanin,ACC00340,ACC00544
TXN0200592,fraud,ring27:fanin,ACC00335,ACC00544
TXN0200593,fraud,ring27:fanin,ACC00022,ACC00544
TXN0200594,fraud,ring27:fanin,ACC00107,ACC00544
TXN0200595,fraud,ring27:fanin,ACC00157,ACC00544
TXN0200596,fraud,ring27:fanin,ACC00281,ACC00544
TXN0200597,fraud,ring27:fanin,ACC00139,ACC00544
TXN0200598,fraud,ring27:fanin,ACC00232,ACC00544
TXN0200599,fraud,ring27:fanin,ACC00383,ACC00544
TXN0200600,fraud,ring27:fanin,ACC00272,ACC00544
TXN0200601,fraud,ring27:fanin,ACC00392,ACC00544
TXN0200602,fraud,ring27:fanin,ACC00375,ACC00544
TXN0200603,fraud,ring27:fanin,ACC00260,ACC00544
TXN0200604,fraud,ring27:fanin,ACC00025,ACC00544
TXN0200605,fraud,ring27:fanin,ACC00434,ACC00544
TXN0200606,fraud,ring27:fanin,ACC00413,ACC00544
TXN0200607,fraud,ring27:fanin,ACC00007,ACC00544
TXN0200608,fraud,ring27:fanin,ACC00135,ACC00544
TXN0200609,fraud,ring27:fanin,ACC00236,ACC00544
TXN0200610,fraud,ring27:fanin,ACC00090,ACC00544
TXN0200611,fraud,ring27:fanin,ACC00344,ACC00544
TXN0200612,fraud,ring27:fanin,ACC00366,ACC00544
TXN0200613,fraud,ring27:fanin,ACC00132,ACC00544
TXN0200614,fraud,ring27:payout,ACC00544,ACC00473
TXN0200615,fraud,ring28:fanin,ACC00246,ACC00543
TXN0200616,fraud,ring28:fanin,ACC00181,ACC00543
TXN0200617,fraud,ring28:fanin,ACC00319,ACC00543
TXN0200618,fraud,ring28:fanin,ACC00368,ACC00543
TXN0200619,fraud,ring28:fanin,ACC00295,ACC00543
TXN0200620,fraud,ring28:fanin,ACC00378,ACC00543
TXN0200621,fraud,ring28:fanin,ACC00493,ACC00543
TXN0200622,fraud,ring28:fanin,ACC00080,ACC00543
TXN0200623,fraud,ring28:fanin,ACC00439,ACC00543
TXN0200624,fraud,ring28:fanin,ACC00348,ACC00543
TXN0200625,fraud,ring28:fanin,ACC00251,ACC00543
TXN0200626,fraud,ring28:fanin,ACC00472,ACC00543
TXN0200627,fraud,ring28:fanin,ACC00034,ACC00543
TXN0200628,fraud,ring28:fanin,ACC00373,ACC00543
TXN0200629,fraud,ring28:fanin,ACC00039,ACC00543
TXN0200630,fraud,ring28:fanin,ACC00463,ACC00543
TXN0200631,fraud,ring28:fanin,ACC00155,ACC00543
TXN0200632,fraud,ring28:fanin,ACC00231,ACC00543
TXN0200633,fraud,ring28:payout,ACC00543,ACC00234
TXN0200634,fraud,ring29:fanin,ACC00189,ACC00515
TXN0200635,fraud,ring29:fanin,ACC00086,ACC00515
TXN0200636,fraud,ring29:fanin,ACC00070,ACC00515
TXN0200637,fraud,ring29:fanin,ACC00057,ACC00515
TXN0200638,fraud,ring29:fanin,ACC00274,ACC00515
TXN0200639,fraud,ring29:fanin,ACC00180,ACC00515
TXN0200640,fraud,ring29:fanin,ACC00021,ACC00515
TXN0200641,fraud,ring29:fanin,ACC00295,ACC00515
TXN0200642,fraud,ring29:fanin,ACC00114,ACC00515
TXN0200643,fraud,ring29:fanin,ACC00387,ACC00515
TXN0200644,fraud,ring29:fanin,ACC00095,ACC00515
TXN0200645,fraud,ring29:fanin,ACC00011,ACC00515
TXN0200646,fraud,ring29:fanin,ACC00406,ACC00515
TXN0200647,fraud,ring29:fanin,ACC00195,ACC00515
TXN0200648,fraud,ring29:fanin,ACC00171,ACC00515
TXN0200649,fraud,ring29:fanin,ACC00197,ACC00515
TXN0200650,fraud,ring29:fanin,ACC00234,ACC00515
TXN0200651,fraud,ring29:fanin,ACC00014,ACC00515
TXN0200652,fraud,ring29:fanin,ACC00329,ACC00515
TXN0200653,fraud,ring29:fanin,ACC00084,ACC00515
TXN0200654,fraud,ring29:fanin,ACC00255,ACC00515
TXN0200655,fraud,ring29:fanin,ACC00125,ACC00515
TXN0200656,fraud,ring29:fanin,ACC00413,ACC00515
TXN0200657,fraud,ring29:fanin,ACC00486,ACC00515
TXN0200658,fraud,ring29:fanin,ACC00416,ACC00515
TXN0200659,fraud,ring29:fanin,ACC00205,ACC00515
TXN0200660,fraud,ring29:fanin,ACC00443,ACC00515
TXN0200661,fraud,ring29:fanin,ACC00041,ACC00515
TXN0200662,fraud,ring29:fanin,ACC00134,ACC00515
TXN0200663,fraud,ring29:fanin,ACC00310,ACC00515
TXN0200664,fraud,ring29:payout,ACC00515,ACC00060
TXN0200665,fraud,ring30:fanin,ACC00056,ACC00508
TXN0200666,fraud,ring30:fanin,ACC00346,ACC00508
TXN0200667,fraud,ring30:fanin,ACC00235,ACC00508
TXN0200668,fraud,ring30:fanin,ACC00140,ACC00508
TXN0200669,fraud,ring30:fanin,ACC00479,ACC00508
TXN0200670,fraud,ring30:fanin,ACC00248,ACC00508
TXN0200671,fraud,ring30:fanin,ACC00452,ACC00508
TXN0200672,fraud,ring30:fanin,ACC00006,ACC00508
TXN0200673,fraud,ring30:fanin,ACC00343,ACC00508
TXN0200674,fraud,ring30:fanin,ACC00183,ACC00508
TXN0200675,fraud,ring30:fanin,ACC00441,ACC00508
TXN0200676,fraud,ring30:fanin,ACC00292,ACC00508
TXN0200677,fraud,ring30:fanin,ACC00337,ACC00508
TXN0200678,fraud,ring30:fanin,ACC00466,ACC00508
TXN0200679,fraud,ring30:fanin,ACC00453,ACC00508
TXN0200680,fraud,ring30:fanin,ACC00012,ACC00508
TXN0200681,fraud,ring30:fanin,ACC00263,ACC00508
TXN0200682,fraud,ring30:fanin,ACC00360,ACC00508
TXN0200683,fraud,ring30:fanin,ACC00178,ACC00508
TXN0200684,fraud,ring30:fanin,ACC00444,ACC00508
TXN0200685,fraud,ring30:fanin,ACC00212,ACC00508
TXN0200686,fraud,ring30:payout,ACC00508,ACC00405
TXN0200687,fraud,ring31:fanin,ACC00069,ACC00538
TXN0200688,fraud,ring31:fanin,ACC00422,ACC00538
TXN0200689,fraud,ring31:fanin,ACC00128,ACC00538
TXN0200690,fraud,ring31:fanin,ACC00087,ACC00538
TXN0200691,fraud,ring31:fanin,ACC00117,ACC00538
TXN0200692,fraud,ring31:fanin,ACC00261,ACC00538
TXN0200693,fraud,ring31:fanin,ACC00174,ACC00538
TXN0200694,fraud,ring31:fanin,ACC00478,ACC00538
TXN0200695,fraud,ring31:fanin,ACC00064,ACC00538
TXN0200696,fraud,ring31:fanin,ACC00473,ACC00538
TXN0200697,fraud,ring31:fanin,ACC00205,ACC00538
TXN0200698,fraud,ring31:fanin,ACC00029,ACC00538
TXN0200699,fraud,ring31:fanin,ACC00452,ACC00538
TXN0200700,fraud,ring31:fanin,ACC00058,ACC00538
TXN0200701,fraud,ring31:fanin,ACC00296,ACC00538
TXN0200702,fraud,ring31:fanin,ACC00476,ACC00538
TXN0200703,fraud,ring31:fanin,ACC00003,ACC00538
TXN0200704,fraud,ring31:fanin,ACC00127,ACC00538
TXN0200705,fraud,ring31:fanin,ACC00451,ACC00538
TXN0200706,fraud,ring31:fanin,ACC00122,ACC00538
TXN0200707,fraud,ring31:fanin,ACC00070,ACC00538
TXN0200708,fraud,ring31:fanin,ACC00360,ACC00538
TXN0200709,fraud,ring31:fanin,ACC00244,ACC00538
TXN0200710,fraud,ring31:fanin,ACC00047,ACC00538
TXN0200711,fraud,ring31:fanin,ACC00455,ACC00538
TXN0200712,fraud,ring31:fanin,ACC00379,ACC00538
TXN0200713,fraud,ring31:fanin,ACC00228,ACC00538
TXN0200714,fraud,ring31:fanin,ACC00485,ACC00538
TXN0200715,fraud,ring31:fanin,ACC00433,ACC00538
TXN0200716,fraud,ring31:fanin,ACC00198,ACC00538
TXN0200717,fraud,ring31:fanin,ACC00402,ACC00538
TXN0200718,fraud,ring31:payout,ACC00538,ACC00393
TXN0200719,fraud,ring32:fanin,ACC00451,ACC00518
TXN0200720,fraud,ring32:fanin,ACC00085,ACC00518
TXN0200721,fraud,ring32:fanin,ACC00291,ACC00518
TXN0200722,fraud,ring32:fanin,ACC00354,ACC00518
TXN0200723,fraud,ring32:fanin,ACC00365,ACC00518
TXN0200724,fraud,ring32:fanin,ACC00299,ACC00518
TXN0200725,fraud,ring32:fanin,ACC00086,ACC00518
TXN0200726,fraud,ring32:fanin,ACC00272,ACC00518
TXN0200727,fraud,ring32:fanin,ACC00344,ACC00518
TXN0200728,fraud,ring32:fanin,ACC00160,ACC00518
TXN0200729,fraud,ring32:fanin,ACC00444,ACC00518
TXN0200730,fraud,ring32:fanin,ACC00079,ACC00518
TXN0200731,fraud,ring32:fanin,ACC00171,ACC00518
TXN0200732,fraud,ring32:fanin,ACC00026,ACC00518
TXN0200733,fraud,ring32:fanin,ACC00267,ACC00518
TXN0200734,fraud,ring32:fanin,ACC00406,ACC00518
TXN0200735,fraud,ring32:fanin,ACC00248,ACC00518
TXN0200736,fraud,ring32:fanin,ACC00215,ACC00518
TXN0200737,fraud,ring32:fanin,ACC00120,ACC00518
TXN0200738,fraud,ring32:fanin,ACC00309,ACC00518
TXN0200739,fraud,ring32:fanin,ACC00230,ACC00518
TXN0200740,fraud,ring32:fanin,ACC00413,ACC00518
TXN0200741,fraud,ring32:fanin,ACC00448,ACC00518
TXN0200742,fraud,ring32:fanin,ACC00330,ACC00518
TXN0200743,fraud,ring32:fanin,ACC00049,ACC00518
TXN0200744,fraud,ring32:fanin,ACC00314,ACC00518
TXN0200745,fraud,ring32:fanin,ACC00360,ACC00518
TXN0200746,fraud,ring32:fanin,ACC00059,ACC00518
TXN0200747,fraud,ring32:fanin,ACC00017,ACC00518
TXN0200748,fraud,ring32:fanin,ACC00123,ACC00518
TXN0200749,fraud,ring32:fanin,ACC00418,ACC00518
TXN0200750,fraud,ring32:fanin,ACC00114,ACC00518
TXN0200751,fraud,ring32:fanin,ACC00257,ACC00518
TXN0200752,fraud,ring32:fanin,ACC00294,ACC00518
TXN0200753,fraud,ring32:fanin,ACC00084,ACC00518
TXN0200754,fraud,ring32:fanin,ACC00276,ACC00518
TXN0200755,fraud,ring32:fanin,ACC00405,ACC00518
TXN0200756,fraud,ring32:payout,ACC00518,ACC00452
TXN0200757,fraud,ring33:fanin,ACC00214,ACC00526
TXN0200758,fraud,ring33:fanin,ACC00035,ACC00526
TXN0200759,fraud,ring33:fanin,ACC00347,ACC00526
TXN0200760,fraud,ring33:fanin,ACC00489,ACC00526
TXN0200761,fraud,ring33:fanin,ACC00142,ACC00526
TXN0200762,fraud,ring33:fanin,ACC00407,ACC00526
TXN0200763,fraud,ring33:fanin,ACC00450,ACC00526
TXN0200764,fraud,ring33:fanin,ACC00263,ACC00526
TXN0200765,fraud,ring33:fanin,ACC00058,ACC00526
TXN0200766,fraud,ring33:fanin,ACC00161,ACC00526
TXN0200767,fraud,ring33:fanin,ACC00070,ACC00526
TXN0200768,fraud,ring33:fanin,ACC00362,ACC00526
TXN0200769,fraud,ring33:fanin,ACC00062,ACC00526
TXN0200770,fraud,ring33:fanin,ACC00128,ACC00526
TXN0200771,fraud,ring33:fanin,ACC00436,ACC00526
TXN0200772,fraud,ring33:fanin,ACC00266,ACC00526
TXN0200773,fraud,ring33:fanin,ACC00026,ACC00526
TXN0200774,fraud,ring33:fanin,ACC00090,ACC00526
TXN0200775,fraud,ring33:fanin,ACC00091,ACC00526
TXN0200776,fraud,ring33:fanin,ACC00172,ACC00526
TXN0200777,fraud,ring33:fanin,ACC00445,ACC00526
TXN0200778,fraud,ring33:fanin,ACC00334,ACC00526
TXN0200779,fraud,ring33:fanin,ACC00037,ACC00526
TXN0200780,fraud,ring33:fanin,ACC00249,ACC00526
TXN0200781,fraud,ring33:fanin,ACC00183,ACC00526
TXN0200782,fraud,ring33:fanin,ACC00387,ACC00526
TXN0200783,fraud,ring33:fanin,ACC00315,ACC00526
TXN0200784,fraud,ring33:fanin,ACC00092,ACC00526
TXN0200785,fraud,ring33:fanin,ACC00069,ACC00526
TXN0200786,fraud,ring33:fanin,ACC00042,ACC00526
TXN0200787,fraud,ring33:fanin,ACC00437,ACC00526
TXN0200788,fraud,ring33:fanin,ACC00002,ACC00526
TXN0200789,fraud,ring33:fanin,ACC00173,ACC00526
TXN0200790,fraud,ring33:fanin,ACC00454,ACC00526
TXN0200791,fraud,ring33:fanin,ACC00373,ACC00526
TXN0200792,fraud,ring33:payout,ACC00526,ACC00420
TXN0200793,fraud,ring34:fanin,ACC00422,ACC00535
TXN0200794,fraud,ring34:fanin,ACC00307,ACC00535
TXN0200795,fraud,ring34:fanin,ACC00428,ACC00535
TXN0200796,fraud,ring34:fanin,ACC00150,ACC00535
TXN0200797,fraud,ring34:fanin,ACC00117,ACC00535
TXN0200798,fraud,ring34:fanin,ACC00450,ACC00535
TXN0200799,fraud,ring34:fanin,ACC00406,ACC00535
TXN0200800,fraud,ring34:fanin,ACC00394,ACC00535
TXN0200801,fraud,ring34:fanin,ACC00161,ACC00535
TXN0200802,fraud,ring34:fanin,ACC00079,ACC00535
TXN0200803,fraud,ring34:fanin,ACC00318,ACC00535
TXN0200804,fraud,ring34:fanin,ACC00076,ACC00535
TXN0200805,fraud,ring34:fanin,ACC00128,ACC00535
TXN0200806,fraud,ring34:fanin,ACC00030,ACC00535
TXN0200807,fraud,ring34:fanin,ACC00333,ACC00535
TXN0200808,fraud,ring34:fanin,ACC00164,ACC00535
TXN0200809,fraud,ring34:fanin,ACC00208,ACC00535
TXN0200810,fraud,ring34:fanin,ACC00034,ACC00535
TXN0200811,fraud,ring34:fanin,ACC00356,ACC00535
TXN0200812,fraud,ring34:fanin,ACC00324,ACC00535
TXN0200813,fraud,ring34:fanin,ACC00497,ACC00535
TXN0200814,fraud,ring34:fanin,ACC00358,ACC00535
TXN0200815,fraud,ring34:fanin,ACC00425,ACC00535
TXN0200816,fraud,ring34:fanin,ACC00051,ACC00535
TXN0200817,fraud,ring34:payout,ACC00535,ACC00380
